offset,partition,topic,event_id,domain,kind,iso_instant,unix_second,revision_old,revision_new
6463283532,0,eqiad.mediawiki.recentchange,34b9e645-7d3f-43a8-b053-2e2e7b7798f7,it.wikipedia.org,log,2026-08-29T08:30:11.983Z,1787992211,,
6463283533,0,eqiad.mediawiki.recentchange,3b2b5014-8bee-4375-a227-412d3115a010,uk.wikipedia.org,edit,2026-08-29T08:30:12.029Z,1787992211,47000254,48719960
6463283534,0,eqiad.mediawiki.recentchange,8b65353f-36a0-47e0-87cf-92e32a67854e,commons.wikimedia.org,edit,2026-08-29T08:30:12.097Z,1787992211,492480324,1269159954
6463283535,0,eqiad.mediawiki.recentchange,232343ed-408e-4f77-9c00-9e38136fde28,ja.wikipedia.org,log,2026-08-29T08:30:12.147Z,1787992211,,
6463283536,0,eqiad.mediawiki.recentchange,383bf975-6aa4-4cf2-9176-c90c00fd0fb0,en.wikipedia.org,edit,2026-08-29T08:30:12.184Z,1787992210,1268628531,1371914391
6463283537,0,eqiad.mediawiki.recentchange,3aff3f87-fa3a-46de-b8bf-1df2c025b67c,www.wikidata.org,edit,2026-08-29T08:30:12.243Z,1787992211,2537674202,2537675934
6463283538,0,eqiad.mediawiki.recentchange,6bd76daf-43d9-4e4c-9e84-226fc183b393,commons.wikimedia.org,edit,2026-08-29T08:30:12.250Z,1787992211,1129773216,1269159953
6463283539,0,eqiad.mediawiki.recentchange,dd6421fb-f969-40ef-858e-f77845a8e642,www.wikidata.org,edit,2026-08-29T08:30:12.279Z,1787992212,1814068899,2537675935
6463283540,0,eqiad.mediawiki.recentchange,280149fe-bd5a-4a8c-8f05-9750ceffd51c,en.wikipedia.org,categorize,2026-08-29T08:30:12.307Z,1787992211,,
6463283541,0,eqiad.mediawiki.recentchange,e3785bf6-64ac-473b-bd5d-1975fbd91bd0,en.wikipedia.org,categorize,2026-08-29T08:30:12.328Z,1787992211,,
6463283542,0,eqiad.mediawiki.recentchange,ebde7b3f-ee7e-4fcc-a68f-2b8e35371fb8,da.wikipedia.org,edit,2026-08-29T08:30:12.498Z,1787992210,10752474,12344050
6463283543,0,eqiad.mediawiki.recentchange,a5e11888-ca8c-46dc-901c-08b32dcd248b,commons.wikimedia.org,edit,2026-08-29T08:30:12.603Z,1787992212,450318970,1269159957
6463283544,0,eqiad.mediawiki.recentchange,0eb6b879-be7c-46a8-8b1f-86fde42c2dfd,nl.wikipedia.org,edit,2026-08-29T08:30:12.618Z,1787992209,71815234,71848077
6463283545,0,eqiad.mediawiki.recentchange,d3541c43-a3fa-493b-abc2-54e57e3a6164,www.wikidata.org,edit,2026-08-29T08:30:12.626Z,1787992212,2446087880,2537675936
6463283546,0,eqiad.mediawiki.recentchange,84d61918-fc58-44ba-8e49-ce16a9743752,ce.wikipedia.org,edit,2026-08-29T08:30:12.641Z,1787992210,23712449,24422754
6463283547,0,eqiad.mediawiki.recentchange,5ab17957-2e56-4cd8-ad77-d7d549b96c3b,commons.wikimedia.org,log,2026-08-29T08:30:12.715Z,1787992211,,
6463283548,0,eqiad.mediawiki.recentchange,0c8dc436-481a-4cce-a966-df56b7cb7870,login.wikimedia.org,log,2026-08-29T08:30:12.752Z,1787992212,,
6463283549,0,eqiad.mediawiki.recentchange,3405cc8c-b1a6-4f18-9f26-f27c2dd076c0,ms.wikipedia.org,edit,2026-08-29T08:30:12.762Z,1787992211,6943544,6943837
6463283550,0,eqiad.mediawiki.recentchange,7cb2046f-24be-42d3-8368-9f47845346bd,commons.wikimedia.org,categorize,2026-08-29T08:30:12.868Z,1787992211,,
6463283551,0,eqiad.mediawiki.recentchange,f3cbc2ad-7b99-418a-a53f-84646efabd3b,ko.wikipedia.org,new,2026-08-29T08:30:12.875Z,1787992211,,42399851
6463283552,0,eqiad.mediawiki.recentchange,83132d8c-53a6-4e3d-85e8-ffcb54c3ed12,commons.wikimedia.org,log,2026-08-29T08:30:12.951Z,1787992211,,
6463283553,0,eqiad.mediawiki.recentchange,8bc6f7c5-590e-40b7-be13-e2f64144bd0c,commons.wikimedia.org,edit,2026-08-29T08:30:13.007Z,1787992212,1269050853,1269159958
6463283554,0,eqiad.mediawiki.recentchange,3b5348ae-b3d4-438c-819e-eb5aa211e792,ce.wikipedia.org,categorize,2026-08-29T08:30:13.029Z,1787992209,,
6463283555,0,eqiad.mediawiki.recentchange,5b192e30-c988-42cc-9f27-02571481ae9d,commons.wikimedia.org,edit,2026-08-29T08:30:13.153Z,1787992212,1019529429,1269159959
6463283556,0,eqiad.mediawiki.recentchange,3e842096-c0c3-4d35-8642-0f32a5154c06,www.wikidata.org,edit,2026-08-29T08:30:13.187Z,1787992212,2537675761,2537675938
6463283557,0,eqiad.mediawiki.recentchange,0ba911d5-33ee-4267-a38e-7bf5d9300265,www.mediawiki.org,log,2026-08-29T08:30:13.211Z,1787992213,,
6463283558,0,eqiad.mediawiki.recentchange,424d4b27-c9f4-4cc0-80ea-b6077583ec10,ce.wikipedia.org,categorize,2026-08-29T08:30:13.212Z,1787992207,,
6463283559,0,eqiad.mediawiki.recentchange,ee76a630-346c-48bd-9009-c325618b682f,commons.wikimedia.org,edit,2026-08-29T08:30:13.227Z,1787992212,1027784251,1269159960
6463283560,0,eqiad.mediawiki.recentchange,8d150f64-df0a-4ae6-aa0e-4b46bacd04b7,www.wikidata.org,new,2026-08-29T08:30:13.296Z,1787992212,,2537675937
6463283561,0,eqiad.mediawiki.recentchange,c85ee3a0-d09a-4e8a-92ee-35736cd66365,commons.wikimedia.org,edit,2026-08-29T08:30:13.366Z,1787992212,426191615,1269159961
6463283562,0,eqiad.mediawiki.recentchange,bcfded38-4346-4c6d-8812-08f49512664a,ko.wikipedia.org,categorize,2026-08-29T08:30:13.433Z,1787992211,,
6463283563,0,eqiad.mediawiki.recentchange,20556750-77d8-4774-bf92-2b94f99879c7,commons.wikimedia.org,categorize,2026-08-29T08:30:13.546Z,1787992212,,
6463283564,0,eqiad.mediawiki.recentchange,54de757d-f435-49ec-8665-a8747ccb43bf,commons.wikimedia.org,categorize,2026-08-29T08:30:13.566Z,1787992212,,
6463283565,0,eqiad.mediawiki.recentchange,0c06028f-1c18-4c62-b8f0-0d6107a9848b,commons.wikimedia.org,categorize,2026-08-29T08:30:13.586Z,1787992212,,
6463283566,0,eqiad.mediawiki.recentchange,d548c597-1c1c-44d8-8fe7-dc3629957b8d,zh.wikipedia.org,edit,2026-08-29T08:30:13.605Z,1787992207,94085056,94090706
6463283567,0,eqiad.mediawiki.recentchange,ad7218f7-c7e1-4d47-bdd5-6fff8f0dd360,commons.wikimedia.org,categorize,2026-08-29T08:30:13.605Z,1787992212,,
6463283568,0,eqiad.mediawiki.recentchange,78e61fd1-d22e-4cbe-bed9-27f973b7c54d,commons.wikimedia.org,edit,2026-08-29T08:30:13.634Z,1787992213,1263425360,1269159962
6463283569,0,eqiad.mediawiki.recentchange,5316e4a8-dafa-47c7-b8aa-b5eafe13550d,commons.wikimedia.org,edit,2026-08-29T08:30:13.636Z,1787992213,506118846,1269159963
6463283570,0,eqiad.mediawiki.recentchange,d1adf4b8-78c7-47f8-82dc-967c283c1337,www.wikidata.org,edit,2026-08-29T08:30:13.712Z,1787992213,2470865490,2537675939
6463283571,0,eqiad.mediawiki.recentchange,9dbd8181-2dc1-4dff-bac1-d75efccf1500,commons.wikimedia.org,categorize,2026-08-29T08:30:13.715Z,1787992211,,
6463283572,0,eqiad.mediawiki.recentchange,58285e6c-b62e-41da-9562-4896cada313e,ce.wikipedia.org,categorize,2026-08-29T08:30:13.736Z,1787992210,,
6463283573,0,eqiad.mediawiki.recentchange,7cc1c8c6-4a71-4435-bd26-00673d6bf23d,commons.wikimedia.org,categorize,2026-08-29T08:30:13.746Z,1787992211,,
6463283574,0,eqiad.mediawiki.recentchange,5762d97d-0da1-41db-87a2-5953dd9096d4,ur.wikipedia.org,new,2026-08-29T08:30:13.746Z,1787992212,,11840606
6463283575,0,eqiad.mediawiki.recentchange,dd73596f-24b5-4516-aaf1-e58c74e69df8,commons.wikimedia.org,categorize,2026-08-29T08:30:13.765Z,1787992211,,
6463283576,0,eqiad.mediawiki.recentchange,a03625a7-14cc-441a-8059-017a50af48be,commons.wikimedia.org,edit,2026-08-29T08:30:13.780Z,1787992213,1269159926,1269159964
6463283577,0,eqiad.mediawiki.recentchange,e90b16f8-3677-4ef5-af76-0d2aff919a64,commons.wikimedia.org,categorize,2026-08-29T08:30:13.781Z,1787992211,,
6463283578,0,eqiad.mediawiki.recentchange,33e1c071-6e78-4e1b-bea7-fb2c17a9a6a1,commons.wikimedia.org,categorize,2026-08-29T08:30:13.785Z,1787992211,,
6463283579,0,eqiad.mediawiki.recentchange,32b325da-ae23-402e-b6f1-a174a5f12354,commons.wikimedia.org,categorize,2026-08-29T08:30:13.802Z,1787992211,,
6463283580,0,eqiad.mediawiki.recentchange,56014872-e69a-4440-8543-f3683dd35d30,commons.wikimedia.org,categorize,2026-08-29T08:30:13.808Z,1787992211,,
6463283581,0,eqiad.mediawiki.recentchange,4963d80d-eb36-43f8-8657-d0a14462117b,commons.wikimedia.org,categorize,2026-08-29T08:30:13.819Z,1787992211,,
6463283582,0,eqiad.mediawiki.recentchange,85ed7d33-ce6e-4a7f-913c-99e2d07c3916,commons.wikimedia.org,categorize,2026-08-29T08:30:13.822Z,1787992212,,
6463283583,0,eqiad.mediawiki.recentchange,c6c713d7-0c21-455a-b8fe-f9c912e2daa4,commons.wikimedia.org,categorize,2026-08-29T08:30:13.825Z,1787992211,,
6463283584,0,eqiad.mediawiki.recentchange,bf541448-ad88-4112-a3b6-fe38b6f0891d,en.wikipedia.org,categorize,2026-08-29T08:30:13.837Z,1787992208,,
6463283585,0,eqiad.mediawiki.recentchange,774c8ddc-11ef-4d5a-bbe5-61820ed8cb4f,commons.wikimedia.org,categorize,2026-08-29T08:30:13.837Z,1787992211,,
6463283586,0,eqiad.mediawiki.recentchange,f0825c77-4ee9-4d86-b4aa-a75c5604ae86,commons.wikimedia.org,categorize,2026-08-29T08:30:13.839Z,1787992212,,
6463283587,0,eqiad.mediawiki.recentchange,dab103e2-4b92-45e9-a988-a6b203e8cc0c,commons.wikimedia.org,categorize,2026-08-29T08:30:13.845Z,1787992211,,
6463283588,0,eqiad.mediawiki.recentchange,267ef2a9-805f-4e32-b911-150c6684523b,commons.wikimedia.org,categorize,2026-08-29T08:30:13.863Z,1787992211,,
6463283589,0,eqiad.mediawiki.recentchange,3547c32a-f124-4e66-9c57-194fd5192015,en.wikipedia.org,categorize,2026-08-29T08:30:13.862Z,1787992208,,
6463283590,0,eqiad.mediawiki.recentchange,672fc822-063f-44ef-a72d-0b9720c9d160,commons.wikimedia.org,categorize,2026-08-29T08:30:13.862Z,1787992211,,
6463283591,0,eqiad.mediawiki.recentchange,0cc8db16-a54b-4abb-bb3e-7780cf131c03,commons.wikimedia.org,categorize,2026-08-29T08:30:13.884Z,1787992211,,
6463283592,0,eqiad.mediawiki.recentchange,02424b54-e42b-446a-96c3-b58ed4342270,commons.wikimedia.org,categorize,2026-08-29T08:30:13.889Z,1787992211,,
6463283593,0,eqiad.mediawiki.recentchange,450c954b-2865-440e-af68-e7b29c933bdf,commons.wikimedia.org,categorize,2026-08-29T08:30:13.904Z,1787992211,,
6463283594,0,eqiad.mediawiki.recentchange,55ad566d-4312-40e1-bc6d-c4587a16d971,commons.wikimedia.org,categorize,2026-08-29T08:30:13.913Z,1787992211,,
6463283595,0,eqiad.mediawiki.recentchange,d226016c-e037-4f52-9dcf-f5b0fd2fc065,commons.wikimedia.org,categorize,2026-08-29T08:30:13.933Z,1787992211,,
6463283596,0,eqiad.mediawiki.recentchange,99e13a83-cf69-4a94-a719-9ddf02eb230b,www.wikidata.org,log,2026-08-29T08:30:13.934Z,1787992213,,
6463283597,0,eqiad.mediawiki.recentchange,fee6e36e-e5fd-43d5-94f0-789fc8b125c3,commons.wikimedia.org,categorize,2026-08-29T08:30:13.953Z,1787992211,,
6463283598,0,eqiad.mediawiki.recentchange,bc0bfb7e-9987-47c1-9161-c85d7b506468,meta.wikimedia.org,log,2026-08-29T08:30:13.964Z,1787992213,,
6463283599,0,eqiad.mediawiki.recentchange,74f6e11e-3175-4be5-8667-ded41140642f,commons.wikimedia.org,categorize,2026-08-29T08:30:13.974Z,1787992211,,
6463283600,0,eqiad.mediawiki.recentchange,b5983b6d-fa75-40c1-b44f-c58c58295910,es.wikipedia.org,edit,2026-08-29T08:30:14.037Z,1787992213,162535046,175090509
6463283601,0,eqiad.mediawiki.recentchange,f621a37a-1ae3-41a6-bef2-e006375ffec4,www.wikidata.org,edit,2026-08-29T08:30:14.043Z,1787992213,2537673913,2537675941
6463283602,0,eqiad.mediawiki.recentchange,1908a1b4-96aa-4372-bc62-7a74f717a7eb,www.wikidata.org,edit,2026-08-29T08:30:14.111Z,1787992213,2537675935,2537675940
6463283603,0,eqiad.mediawiki.recentchange,220719da-3677-437e-aa78-8c1bd176227e,www.wikidata.org,edit,2026-08-29T08:30:14.227Z,1787992213,2537675815,2537675943
6463283604,0,eqiad.mediawiki.recentchange,550ba04a-8864-4e49-ae8b-246f02ee06f7,en.wikipedia.org,categorize,2026-08-29T08:30:14.229Z,1787992210,,
6463283605,0,eqiad.mediawiki.recentchange,0ce9460a-e971-45ad-842b-44d6901ae236,en.wikipedia.org,categorize,2026-08-29T08:30:14.249Z,1787992210,,
6463283606,0,eqiad.mediawiki.recentchange,40de584a-57be-45da-9947-40966dcb2904,commons.wikimedia.org,edit,2026-08-29T08:30:14.250Z,1787992213,1269159925,1269159966
6463283607,0,eqiad.mediawiki.recentchange,27ad1701-01c7-4134-96d8-9e3b09019035,commons.wikimedia.org,log,2026-08-29T08:30:14.258Z,1787992213,,
6463283608,0,eqiad.mediawiki.recentchange,a19d1fe8-6cf4-454e-aa35-44ca46d0209a,en.wikipedia.org,categorize,2026-08-29T08:30:14.281Z,1787992210,,
6463283609,0,eqiad.mediawiki.recentchange,1f302f75-bef2-44cc-bdaa-d543c08e1b6c,en.wikipedia.org,categorize,2026-08-29T08:30:14.306Z,1787992210,,
6463283610,0,eqiad.mediawiki.recentchange,cf0cc5e2-9654-4cda-900e-203a681d4e70,en.wikipedia.org,categorize,2026-08-29T08:30:14.329Z,1787992210,,
6463283611,0,eqiad.mediawiki.recentchange,a1b8316b-5037-4d2a-9d03-9642de10960a,de.wikipedia.org,edit,2026-08-29T08:30:14.330Z,1787992211,270039822,270068214
6463283612,0,eqiad.mediawiki.recentchange,e2e92671-5661-4b2e-b735-6fdb5b38b8f6,en.wikipedia.org,categorize,2026-08-29T08:30:14.348Z,1787992210,,
6463283613,0,eqiad.mediawiki.recentchange,35c1f24d-3bc5-4fb4-916f-edd7ee1bf77b,en.wikipedia.org,categorize,2026-08-29T08:30:14.369Z,1787992210,,
6463283614,0,eqiad.mediawiki.recentchange,4294b5d9-68c3-476e-9708-74e7e9c8051d,commons.wikimedia.org,edit,2026-08-29T08:30:14.371Z,1787992213,1268343154,1269159967
6463283615,0,eqiad.mediawiki.recentchange,bb22d970-a7ff-414d-bcd4-b8943d2803d1,en.wikipedia.org,categorize,2026-08-29T08:30:14.389Z,1787992210,,
6463283616,0,eqiad.mediawiki.recentchange,2a075782-7920-493b-8ef8-abc92454bad9,en.wikipedia.org,categorize,2026-08-29T08:30:14.406Z,1787992210,,
6463283617,0,eqiad.mediawiki.recentchange,2dffc442-6a7a-4a7c-9fe4-83dac95e633a,uk.wikipedia.org,edit,2026-08-29T08:30:14.413Z,1787992213,46903014,48719961
6463283618,0,eqiad.mediawiki.recentchange,2b94d264-10ac-4256-b0cb-ae4bc4dff5b7,en.wikipedia.org,log,2026-08-29T08:30:14.422Z,1787992213,,
6463283619,0,eqiad.mediawiki.recentchange,06ec0110-8cc1-4899-855c-feb5250ced07,en.wikipedia.org,categorize,2026-08-29T08:30:14.427Z,1787992210,,
6463283620,0,eqiad.mediawiki.recentchange,0f2221f4-1fc9-4706-a869-f271b83cceb7,en.wikipedia.org,categorize,2026-08-29T08:30:14.446Z,1787992210,,
6463283621,0,eqiad.mediawiki.recentchange,86f2462a-89c0-4499-839f-cf310c584959,en.wikipedia.org,categorize,2026-08-29T08:30:14.471Z,1787992210,,
6463283622,0,eqiad.mediawiki.recentchange,f32eca9a-f67e-463c-9212-e15be76c67b1,en.wikipedia.org,categorize,2026-08-29T08:30:14.491Z,1787992210,,
6463283623,0,eqiad.mediawiki.recentchange,228f4f8a-9a74-4174-8a3c-465cdfee3265,www.wikidata.org,edit,2026-08-29T08:30:14.497Z,1787992214,2495470955,2537675944
6463283624,0,eqiad.mediawiki.recentchange,7bb9d4da-7ee4-4986-aaea-1c7b241d71ce,en.wikipedia.org,edit,2026-08-29T08:30:14.503Z,1787992208,1371849597,1371914388
6463283625,0,eqiad.mediawiki.recentchange,b480e19b-53d0-44b7-902a-45204fc784ac,commons.wikimedia.org,edit,2026-08-29T08:30:14.509Z,1787992213,1056066272,1269159968
6463283626,0,eqiad.mediawiki.recentchange,5f2023ec-cb97-49f4-b204-8bd9b52c609d,ur.wikipedia.org,edit,2026-08-29T08:30:14.520Z,1787992212,11840229,11840607
6463283627,0,eqiad.mediawiki.recentchange,9d80868c-24b7-4319-8957-b33d6fa59f51,pl.wikipedia.org,new,2026-08-29T08:30:14.532Z,1787992214,,80583929
6463283628,0,eqiad.mediawiki.recentchange,8e0441d7-fa48-4c5b-9407-9257ca363bf3,no.wikipedia.org,log,2026-08-29T08:30:14.546Z,1787992214,,
6463283629,0,eqiad.mediawiki.recentchange,e919ce14-edd6-466b-ac58-845c06f8140d,www.wikidata.org,edit,2026-08-29T08:30:14.563Z,1787992213,2381252286,2537675942
6463283630,0,eqiad.mediawiki.recentchange,8547f01f-d436-442d-b4b1-174d13e5a06e,www.wikidata.org,edit,2026-08-29T08:30:14.688Z,1787992214,2514209903,2537675945
6463283631,0,eqiad.mediawiki.recentchange,56b8ea7c-2383-4b87-b9e6-aef681e36e3b,www.wikidata.org,edit,2026-08-29T08:30:14.766Z,1787992214,2535862030,2537675946
6463283632,0,eqiad.mediawiki.recentchange,28ac0133-4444-43aa-beca-541f55630331,pl.wikipedia.org,categorize,2026-08-29T08:30:14.863Z,1787992214,,
6463283633,0,eqiad.mediawiki.recentchange,ff14b889-621d-484e-8e7d-91285a013176,en.wikipedia.org,categorize,2026-08-29T08:30:14.864Z,1787992213,,
6463283634,0,eqiad.mediawiki.recentchange,b7483f35-7644-4488-9e4d-0d9bb8bcd441,bg.wikipedia.org,edit,2026-08-29T08:30:14.984Z,1787992214,12305248,13008067
6463283635,0,eqiad.mediawiki.recentchange,3483b3aa-7832-40ce-bfb7-9b8a4885dde3,commons.wikimedia.org,categorize,2026-08-29T08:30:15.060Z,1787992213,,
6463283636,0,eqiad.mediawiki.recentchange,633ec565-f302-420e-9c16-0905729d4795,commons.wikimedia.org,categorize,2026-08-29T08:30:15.084Z,1787992213,,
6463283637,0,eqiad.mediawiki.recentchange,dc47af54-0311-47ca-958a-681672850fa7,commons.wikimedia.org,categorize,2026-08-29T08:30:15.102Z,1787992213,,
6463283638,0,eqiad.mediawiki.recentchange,8d71a0ad-495e-4430-bb3e-5391d0230163,lv.wikipedia.org,log,2026-08-29T08:30:15.113Z,1787992214,,
6463283639,0,eqiad.mediawiki.recentchange,9211fc47-c3fc-4a93-a17b-08ee3f922702,commons.wikimedia.org,categorize,2026-08-29T08:30:15.123Z,1787992213,,
6463283640,0,eqiad.mediawiki.recentchange,906e18bc-cce2-4cd1-aa93-b281302ac354,commons.wikimedia.org,edit,2026-08-29T08:30:15.145Z,1787992214,488721906,1269159969
6463283641,0,eqiad.mediawiki.recentchange,2ef07990-933f-496c-bfe6-3da16e4d5d53,uk.wikipedia.org,edit,2026-08-29T08:30:15.245Z,1787992210,48719228,48719959
6463283642,0,eqiad.mediawiki.recentchange,c80c7cee-c1b4-477f-b753-1ab9b1ec5600,www.wikidata.org,edit,2026-08-29T08:30:15.246Z,1787992214,2322638261,2537675947
6463283643,0,eqiad.mediawiki.recentchange,71867fe2-d9cc-4bc2-917b-eee75b99528e,ru.wikipedia.org,log,2026-08-29T08:30:15.266Z,1787992214,,
6463283644,0,eqiad.mediawiki.recentchange,dcc1e3c8-f958-4f1a-afe5-8904c3f145e0,ur.wikipedia.org,categorize,2026-08-29T08:30:15.304Z,1787992212,,
6463283645,0,eqiad.mediawiki.recentchange,10c25d43-719c-4901-aa79-ffc000fb75d8,ur.wikipedia.org,categorize,2026-08-29T08:30:15.324Z,1787992212,,
6463283646,0,eqiad.mediawiki.recentchange,4e65cb36-fa19-43b9-9494-21f5e2cab553,commons.wikimedia.org,edit,2026-08-29T08:30:15.328Z,1787992214,1031209213,1269159970
6463283647,0,eqiad.mediawiki.recentchange,ba84c8d8-1bb4-4a22-a0a6-e2dc1ca7b2e2,ur.wikipedia.org,categorize,2026-08-29T08:30:15.343Z,1787992212,,
6463283648,0,eqiad.mediawiki.recentchange,b6ac5e9d-a62e-4783-83d2-c767a4a9a2e4,ur.wikipedia.org,categorize,2026-08-29T08:30:15.361Z,1787992212,,
6463283649,0,eqiad.mediawiki.recentchange,b7e55e0b-5c31-4418-8bb2-ed2b3a880367,ro.wikipedia.org,edit,2026-08-29T08:30:15.381Z,1787992215,11749446,17955893
6463283650,0,eqiad.mediawiki.recentchange,4a4ade61-2dd2-4738-b180-3c401e523603,ur.wikipedia.org,categorize,2026-08-29T08:30:15.385Z,1787992212,,
6463283651,0,eqiad.mediawiki.recentchange,2c99f726-a4d9-4d6e-89fa-a9b981e19619,ur.wikipedia.org,categorize,2026-08-29T08:30:15.405Z,1787992212,,
6463283652,0,eqiad.mediawiki.recentchange,e1242cfb-44f3-418f-bd9f-35869777e5b9,ur.wikipedia.org,categorize,2026-08-29T08:30:15.425Z,1787992212,,
6463283653,0,eqiad.mediawiki.recentchange,d0e30791-a624-4c36-a447-61f32f680b6a,ur.wikipedia.org,categorize,2026-08-29T08:30:15.455Z,1787992212,,
6463283654,0,eqiad.mediawiki.recentchange,84a42a2f-b7bb-4c2d-9c7c-ce46ed4d179f,incubator.wikimedia.org,edit,2026-08-29T08:30:15.465Z,1787992214,7298759,7298762
6463283655,0,eqiad.mediawiki.recentchange,42013b77-9e4c-494a-add4-e982cbbdd0e2,ur.wikipedia.org,categorize,2026-08-29T08:30:15.480Z,1787992212,,
6463283656,0,eqiad.mediawiki.recentchange,c9f97358-3761-4202-aef7-4344dcedbd28,www.wikidata.org,edit,2026-08-29T08:30:15.486Z,1787992215,2537675945,2537675949
6463283657,0,eqiad.mediawiki.recentchange,0278bc9d-7a0c-4df7-99fb-f234e0049985,ur.wikipedia.org,categorize,2026-08-29T08:30:15.506Z,1787992212,,
6463283658,0,eqiad.mediawiki.recentchange,c2af561c-79d4-458e-83d0-8007fc1896df,ur.wikipedia.org,categorize,2026-08-29T08:30:15.527Z,1787992212,,
6463283659,0,eqiad.mediawiki.recentchange,51804e0f-aaf5-4108-90ac-8eb4ecee6c8b,ur.wikipedia.org,categorize,2026-08-29T08:30:15.548Z,1787992212,,
6463283660,0,eqiad.mediawiki.recentchange,6a218723-fc74-43c2-a6ba-16620eb30aec,zh-yue.wikipedia.org,new,2026-08-29T08:30:15.565Z,1787992214,,2454053
6463283661,0,eqiad.mediawiki.recentchange,3e3a8724-20a5-4136-970c-4b8303fbed8a,ur.wikipedia.org,categorize,2026-08-29T08:30:15.567Z,1787992212,,
6463283662,0,eqiad.mediawiki.recentchange,9e8f472d-e58a-45b3-ace4-bb733fff588b,en.wikipedia.org,edit,2026-08-29T08:30:15.591Z,1787992214,1371792855,1371914395
6463283663,0,eqiad.mediawiki.recentchange,c35f7d60-71d6-41e7-9229-d0bc16e7e6fa,ur.wikipedia.org,categorize,2026-08-29T08:30:15.593Z,1787992212,,
6463283664,0,eqiad.mediawiki.recentchange,cae26c99-95d0-49ed-b7c7-98e046e7e4f9,ms.wikipedia.org,edit,2026-08-29T08:30:15.600Z,1787992214,6943735,6943838
6463283665,0,eqiad.mediawiki.recentchange,85b1fb48-ae82-4370-979a-67ac153117f0,de.wikipedia.org,edit,2026-08-29T08:30:15.605Z,1787992214,270068211,270068216
6463283666,0,eqiad.mediawiki.recentchange,0e6259b8-4a61-46a1-b1df-e1b459857dec,de.wikipedia.org,edit,2026-08-29T08:30:15.717Z,1787992214,270048390,270068215
6463283667,0,eqiad.mediawiki.recentchange,4c9cf6eb-38be-47c7-98db-43f861daa467,www.wikidata.org,edit,2026-08-29T08:30:15.733Z,1787992215,2537675849,2537675950
6463283668,0,eqiad.mediawiki.recentchange,ac396b99-742e-4ab0-8cef-4c0c2c9730b3,www.wikidata.org,edit,2026-08-29T08:30:15.845Z,1787992215,2537675942,2537675948
6463283669,0,eqiad.mediawiki.recentchange,ed04fe7d-6bb1-421a-9093-99366e282748,www.wikidata.org,edit,2026-08-29T08:30:15.959Z,1787992215,2447331752,2537675951
6463283670,0,eqiad.mediawiki.recentchange,d9f95777-d46e-4975-aeb7-6035807a7318,ce.wikipedia.org,edit,2026-08-29T08:30:15.947Z,1787992213,23712450,24422755
6463283671,0,eqiad.mediawiki.recentchange,318425bf-6ba3-4fd5-a683-9a283008a2fe,ro.wikipedia.org,categorize,2026-08-29T08:30:15.986Z,1787992215,,
6463283672,0,eqiad.mediawiki.recentchange,81809dab-170e-4d5f-9af7-395f26f4f3ed,ro.wikipedia.org,categorize,2026-08-29T08:30:16.010Z,1787992215,,
6463283673,0,eqiad.mediawiki.recentchange,67f6477d-cba1-4e3e-a002-478cf31cd304,commons.wikimedia.org,edit,2026-08-29T08:30:16.017Z,1787992215,1268343709,1269159971
6463283674,0,eqiad.mediawiki.recentchange,ae978eb6-723d-4379-8d39-a0e4498ba4b5,simple.wikipedia.org,log,2026-08-29T08:30:16.028Z,1787992215,,
6463283675,0,eqiad.mediawiki.recentchange,eb1e5a3d-4b6b-444e-9e6f-c996969ca91d,ro.wikipedia.org,categorize,2026-08-29T08:30:16.029Z,1787992215,,
6463283676,0,eqiad.mediawiki.recentchange,9f34282f-2fd9-4c49-8414-14885c2b1dd1,commons.wikimedia.org,edit,2026-08-29T08:30:16.049Z,1787992215,1220245333,1269159974
6463283677,0,eqiad.mediawiki.recentchange,3f8e5ff1-2745-40db-a9f0-f4dc01b7f595,www.wikidata.org,edit,2026-08-29T08:30:16.111Z,1787992215,2537675933,2537675953
6463283678,0,eqiad.mediawiki.recentchange,aab1b713-abb9-435d-8385-eae3b85e3b20,commons.wikimedia.org,edit,2026-08-29T08:30:16.134Z,1787992215,701435611,1269159972
6463283679,0,eqiad.mediawiki.recentchange,7ec8a103-2e75-4580-8706-338e6f9d8655,pl.wikipedia.org,edit,2026-08-29T08:30:16.234Z,1787992214,80583926,80583930
6463283680,0,eqiad.mediawiki.recentchange,0239b3e9-5e87-4627-be76-a42b66efb9c1,uk.wikipedia.org,edit,2026-08-29T08:30:16.234Z,1787992215,46805885,48719963
6463283681,0,eqiad.mediawiki.recentchange,c52403d2-5d0b-4c66-b501-9a0e05dab487,de.wikipedia.org,edit,2026-08-29T08:30:16.242Z,1787992215,255290252,270068217
6463283682,0,eqiad.mediawiki.recentchange,ecfbf8f4-0a34-4cac-9933-727b31873f65,it.wikipedia.org,edit,2026-08-29T08:30:16.245Z,1787992214,152110955,152239620
6463283683,0,eqiad.mediawiki.recentchange,461e5aba-d63d-4d1a-9960-0399b8cae152,www.wikidata.org,edit,2026-08-29T08:30:16.304Z,1787992215,2537675947,2537675952
6463283684,0,eqiad.mediawiki.recentchange,227206a8-25f2-48d2-a80c-48ccc0f5576e,af.wikipedia.org,edit,2026-08-29T08:30:16.354Z,1787992215,2962646,2963443
6463283685,0,eqiad.mediawiki.recentchange,4b53e0d7-5fa1-4d07-b15c-6aab1bbe3379,commons.wikimedia.org,log,2026-08-29T08:30:16.438Z,1787992215,,
6463283686,0,eqiad.mediawiki.recentchange,e36877e0-ae10-4d47-961e-9963d716ecb7,www.wikidata.org,log,2026-08-29T08:30:16.447Z,1787992216,,
6463283687,0,eqiad.mediawiki.recentchange,738258bb-6ad1-48f2-a036-fb37b65ab0d0,commons.wikimedia.org,edit,2026-08-29T08:30:16.537Z,1787992215,1195830830,1269159975
6463283688,0,eqiad.mediawiki.recentchange,76c080cf-20e9-49ff-8af9-d05c0b5df821,de.wikipedia.org,edit,2026-08-29T08:30:16.545Z,1787992215,244448328,270068218
6463283689,0,eqiad.mediawiki.recentchange,a5a0b1c2-fd3c-4ccb-bc46-871eebb4ae42,de.wikipedia.org,categorize,2026-08-29T08:30:16.604Z,1787992214,,
6463283690,0,eqiad.mediawiki.recentchange,95c4a83d-4994-4278-9052-27405a71f857,de.wikipedia.org,categorize,2026-08-29T08:30:16.623Z,1787992214,,
6463283691,0,eqiad.mediawiki.recentchange,0cf70a7f-6baa-4893-9049-22c53c747119,commons.wikimedia.org,categorize,2026-08-29T08:30:16.656Z,1787992215,,
6463283692,0,eqiad.mediawiki.recentchange,3cb99efc-8c4a-48f6-8fda-35553be4c468,commons.wikimedia.org,categorize,2026-08-29T08:30:16.675Z,1787992215,,
6463283693,0,eqiad.mediawiki.recentchange,83a28885-0b23-4b46-8ad6-e8acafe2045c,commons.wikimedia.org,categorize,2026-08-29T08:30:16.693Z,1787992215,,
6463283694,0,eqiad.mediawiki.recentchange,5d07c8bd-e2df-4884-a6f1-782efe94a29d,commons.wikimedia.org,categorize,2026-08-29T08:30:16.712Z,1787992215,,
6463283695,0,eqiad.mediawiki.recentchange,b11068c7-ca64-4396-adb6-21773bfd40ed,commons.wikimedia.org,edit,2026-08-29T08:30:16.733Z,1787992216,1019529582,1269159978
6463283696,0,eqiad.mediawiki.recentchange,4169f507-bc29-491b-9dc5-442083a67629,www.wikidata.org,edit,2026-08-29T08:30:16.744Z,1787992216,1620375938,2537675954
6463283697,0,eqiad.mediawiki.recentchange,81dbb6cb-50da-4c50-98d7-948238d0488a,ce.wikipedia.org,edit,2026-08-29T08:30:16.796Z,1787992214,23712451,24422756
6463283698,0,eqiad.mediawiki.recentchange,4a273783-b220-4783-997c-ab58ca662875,commons.wikimedia.org,edit,2026-08-29T08:30:16.826Z,1787992215,975830518,1269159976
6463283699,0,eqiad.mediawiki.recentchange,777e0aeb-2dc8-49b7-9928-d0dae3486c78,commons.wikimedia.org,edit,2026-08-29T08:30:16.841Z,1787992216,1115215051,1269159979
6463283700,0,eqiad.mediawiki.recentchange,80a71e85-8326-4b20-b7eb-dc9481778762,commons.wikimedia.org,edit,2026-08-29T08:30:16.926Z,1787992216,1263056676,1269159977
6463283701,0,eqiad.mediawiki.recentchange,f05970a3-e6e8-4446-935b-f6d904f41261,id.wikipedia.org,new,2026-08-29T08:30:16.928Z,1787992214,,29663078
6463283702,0,eqiad.mediawiki.recentchange,abf1851d-4afb-49d8-b6c3-d6856d9d71ed,www.wikidata.org,edit,2026-08-29T08:30:16.963Z,1787992216,2520188808,2537675956
6463283703,0,eqiad.mediawiki.recentchange,ac4959d9-80f5-4374-9db1-400da9576147,en.wikipedia.org,edit,2026-08-29T08:30:16.988Z,1787992207,1371914222,1371914381
6463283704,0,eqiad.mediawiki.recentchange,0384d9ad-54c0-47cd-9a58-1a9d2dd19a26,www.wikidata.org,edit,2026-08-29T08:30:17.095Z,1787992216,2536979133,2537675957
6463283705,0,eqiad.mediawiki.recentchange,23e792a9-d14e-43fc-af3f-b3ede90fbb77,www.wikidata.org,edit,2026-08-29T08:30:17.174Z,1787992216,2537675954,2537675955
6463283706,0,eqiad.mediawiki.recentchange,a6943a2c-5329-456c-99da-a3a160e6e3b2,commons.wikimedia.org,categorize,2026-08-29T08:30:17.250Z,1787992215,,
6463283707,0,eqiad.mediawiki.recentchange,c056d7a4-3d46-451f-a09d-28b25cb1b086,commons.wikimedia.org,categorize,2026-08-29T08:30:17.269Z,1787992215,,
6463283708,0,eqiad.mediawiki.recentchange,131ea493-1f3e-464c-9588-a4045d43a869,wikimania.wikimedia.org,log,2026-08-29T08:30:17.269Z,1787992216,,
6463283709,0,eqiad.mediawiki.recentchange,0d3e3e2d-5c62-47a8-b4f0-3cc03f4dc8ba,commons.wikimedia.org,categorize,2026-08-29T08:30:17.289Z,1787992215,,
6463283710,0,eqiad.mediawiki.recentchange,b091245b-e632-4b24-bd35-2a885f500d53,ce.wikipedia.org,edit,2026-08-29T08:30:17.296Z,1787992216,23712452,24422757
6463283711,0,eqiad.mediawiki.recentchange,91d5ce5b-ff91-4cd2-8962-21ed3ce83262,commons.wikimedia.org,categorize,2026-08-29T08:30:17.309Z,1787992215,,
6463283712,0,eqiad.mediawiki.recentchange,f0e2a724-101e-47b7-a87b-3264d0a48aa4,uk.wikipedia.org,edit,2026-08-29T08:30:17.392Z,1787992215,48026061,48719962
6463283713,0,eqiad.mediawiki.recentchange,3efd5d35-aa2f-4154-9c88-6acf1a15ff32,www.wikidata.org,edit,2026-08-29T08:30:17.445Z,1787992217,2537675955,2537675959
6463283714,0,eqiad.mediawiki.recentchange,843ed2cd-2d2e-4859-9e20-915eb9356354,www.wikidata.org,edit,2026-08-29T08:30:17.660Z,1787992216,2280804678,2537675958
6463283715,0,eqiad.mediawiki.recentchange,e98a46c2-9a17-434c-ac68-c55f8e1c2cdb,commons.wikimedia.org,edit,2026-08-29T08:30:17.742Z,1787992217,1006635334,1269159980
6463283716,0,eqiad.mediawiki.recentchange,88ecdbcc-dac4-4276-ba61-f524ac18ed2d,commons.wikimedia.org,edit,2026-08-29T08:30:17.805Z,1787992217,1019529613,1269159981
6463283717,0,eqiad.mediawiki.recentchange,b24eed74-1585-4ae3-a6f8-7207491fa4b2,zh-yue.wikipedia.org,categorize,2026-08-29T08:30:17.886Z,1787992214,,
6463283718,0,eqiad.mediawiki.recentchange,5650147a-ac43-4f46-b01e-c9a76166f797,ce.wikipedia.org,categorize,2026-08-29T08:30:17.900Z,1787992213,,
6463283719,0,eqiad.mediawiki.recentchange,e7e4bcf8-c10a-4867-8ef8-d496cfcc4d05,zh-yue.wikipedia.org,categorize,2026-08-29T08:30:17.902Z,1787992214,,
6463283720,0,eqiad.mediawiki.recentchange,6b4b8dbd-435b-4f98-99c8-6f4aa79979d9,www.wikidata.org,edit,2026-08-29T08:30:17.908Z,1787992217,2514209123,2537675960
6463283721,0,eqiad.mediawiki.recentchange,560b418d-7ed1-4e53-a0e8-cbeff9a82392,www.wikidata.org,edit,2026-08-29T08:30:17.917Z,1787992217,2537675959,2537675961
6463283722,0,eqiad.mediawiki.recentchange,875effc0-eb4b-4106-a1bc-f30965fdc8be,zh-yue.wikipedia.org,categorize,2026-08-29T08:30:17.919Z,1787992214,,
6463283723,0,eqiad.mediawiki.recentchange,fa906cf0-199a-49b9-bee0-6477ce407d5d,zh-yue.wikipedia.org,categorize,2026-08-29T08:30:17.940Z,1787992214,,
6463283724,0,eqiad.mediawiki.recentchange,d2f9e4fe-e36e-4c6f-a721-27a06d4e9169,zh-yue.wikipedia.org,categorize,2026-08-29T08:30:17.959Z,1787992214,,
6463283725,0,eqiad.mediawiki.recentchange,1e5b3504-9bea-454f-a392-4c809a086a22,it.wikipedia.org,edit,2026-08-29T08:30:17.966Z,1787992216,151740523,152239621
6463283726,0,eqiad.mediawiki.recentchange,2a8207a4-9dd6-4b5f-898d-170c8ae13fcd,zh-yue.wikipedia.org,categorize,2026-08-29T08:30:17.980Z,1787992214,,
6463283727,0,eqiad.mediawiki.recentchange,6b52cdfa-d491-447a-9fec-ac51cdada645,commons.wikimedia.org,edit,2026-08-29T08:30:17.995Z,1787992217,1268865864,1269159982
6463283728,0,eqiad.mediawiki.recentchange,3d5e318b-27f6-4f59-8cd3-e58428dfcef3,zh-yue.wikipedia.org,categorize,2026-08-29T08:30:17.997Z,1787992214,,
6463283729,0,eqiad.mediawiki.recentchange,c1a9bcc4-f5d1-439b-8cd3-5a11b8430102,uk.wikipedia.org,categorize,2026-08-29T08:30:17.998Z,1787992210,,
6463283730,0,eqiad.mediawiki.recentchange,a9386545-4208-4b2a-ad86-099b743b535b,zh-yue.wikipedia.org,categorize,2026-08-29T08:30:18.020Z,1787992214,,
6463283731,0,eqiad.mediawiki.recentchange,96e84401-4803-4ed8-aff2-2f684d130f36,uk.wikipedia.org,categorize,2026-08-29T08:30:18.020Z,1787992210,,
6463283732,0,eqiad.mediawiki.recentchange,c9d4ab98-42cc-4f61-beb6-9fe105305a55,ru.wikipedia.org,edit,2026-08-29T08:30:18.031Z,1787992216,154749636,154749894
6463283733,0,eqiad.mediawiki.recentchange,33a779f0-efd9-488a-82b1-eceba6811d36,zh-yue.wikipedia.org,categorize,2026-08-29T08:30:18.039Z,1787992214,,
6463283734,0,eqiad.mediawiki.recentchange,37719220-3e4d-4205-8e43-003f1b7e3a80,zh-yue.wikipedia.org,categorize,2026-08-29T08:30:18.058Z,1787992214,,
6463283735,0,eqiad.mediawiki.recentchange,bde0c4b3-08ab-4463-a907-db0ff8bf23f6,zh-yue.wikipedia.org,categorize,2026-08-29T08:30:18.080Z,1787992214,,
6463283736,0,eqiad.mediawiki.recentchange,da59b300-cc3b-4d17-9e0c-03bf833f0848,mg.wiktionary.org,edit,2026-08-29T08:30:18.160Z,1787992215,37541481,37585879
6463283737,0,eqiad.mediawiki.recentchange,9efc7528-79aa-4c2b-9ead-bbe7888cbd38,commons.wikimedia.org,edit,2026-08-29T08:30:18.176Z,1787992217,713861527,1269159983
6463283738,0,eqiad.mediawiki.recentchange,a088ee4e-ec4c-40fb-adaf-ff0729c24db0,ur.wikipedia.org,edit,2026-08-29T08:30:18.196Z,1787992216,11840037,11840608
6463283739,0,eqiad.mediawiki.recentchange,d0632870-adae-4c93-96a0-fb3bb0511072,commons.wikimedia.org,categorize,2026-08-29T08:30:18.245Z,1787992215,,
6463283740,0,eqiad.mediawiki.recentchange,ef8ad499-46fb-44e0-895f-9b6a2ef626ad,commons.wikimedia.org,categorize,2026-08-29T08:30:18.264Z,1787992215,,
6463283741,0,eqiad.mediawiki.recentchange,26de5f66-1ca3-41c4-8713-87b7035588fa,commons.wikimedia.org,categorize,2026-08-29T08:30:18.284Z,1787992215,,
6463283742,0,eqiad.mediawiki.recentchange,523ca4aa-f6f1-4c51-8560-3b52b031d16c,commons.wikimedia.org,categorize,2026-08-29T08:30:18.305Z,1787992215,,
6463283743,0,eqiad.mediawiki.recentchange,a42aa777-c71c-4122-b51f-a991bdb11f99,commons.wikimedia.org,categorize,2026-08-29T08:30:18.329Z,1787992215,,
6463283744,0,eqiad.mediawiki.recentchange,a81a79a6-c093-47b1-8185-81f4339216fa,www.wikidata.org,edit,2026-08-29T08:30:18.346Z,1787992218,2537675958,2537675962
6463283745,0,eqiad.mediawiki.recentchange,65ba1eb4-dde7-4ed7-9a9e-098ff25f9810,uk.wikipedia.org,edit,2026-08-29T08:30:18.403Z,1787992217,46926131,48719964
6463283746,0,eqiad.mediawiki.recentchange,6a56ea5f-204c-4456-a854-2d34dad7f51b,id.wikipedia.org,categorize,2026-08-29T08:30:18.456Z,1787992214,,
6463283747,0,eqiad.mediawiki.recentchange,8f3768eb-ee2c-4043-90a5-f1c32829cda6,id.wikipedia.org,categorize,2026-08-29T08:30:18.474Z,1787992214,,
6463283748,0,eqiad.mediawiki.recentchange,1f473942-84ab-4bc0-82be-c44afb8b2162,id.wikipedia.org,categorize,2026-08-29T08:30:18.500Z,1787992214,,
6463283749,0,eqiad.mediawiki.recentchange,77de5eb7-c860-4385-8882-9fea9d9038f4,id.wikipedia.org,categorize,2026-08-29T08:30:18.520Z,1787992214,,
6463283750,0,eqiad.mediawiki.recentchange,5f7b1877-867c-46be-9853-1f566d588b1d,en.wikipedia.org,edit,2026-08-29T08:30:18.538Z,1787992191,1371908418,1371914373
6463283751,0,eqiad.mediawiki.recentchange,7a602b2c-dac4-41ad-a44f-4a61b0af00f8,id.wikipedia.org,categorize,2026-08-29T08:30:18.539Z,1787992214,,
6463283752,0,eqiad.mediawiki.recentchange,ebddf375-3937-44d0-9660-211c51933efb,id.wikipedia.org,categorize,2026-08-29T08:30:18.570Z,1787992214,,
6463283753,0,eqiad.mediawiki.recentchange,4d7c7490-23e4-40e0-8eb1-3530365fb415,id.wikipedia.org,categorize,2026-08-29T08:30:18.589Z,1787992214,,
6463283754,0,eqiad.mediawiki.recentchange,d6a0ade1-0065-4866-b43c-744819790d57,id.wikipedia.org,categorize,2026-08-29T08:30:18.613Z,1787992214,,
6463283755,0,eqiad.mediawiki.recentchange,4520b15e-d146-48d2-be75-13fa69e56ee3,id.wikipedia.org,categorize,2026-08-29T08:30:18.631Z,1787992214,,
6463283756,0,eqiad.mediawiki.recentchange,16e6cc67-b322-473e-91ec-fd814f3df020,id.wikipedia.org,categorize,2026-08-29T08:30:18.649Z,1787992214,,
6463283757,0,eqiad.mediawiki.recentchange,aba53ea0-0701-40e4-8d7c-2c5d05658ca5,www.wikidata.org,edit,2026-08-29T08:30:18.659Z,1787992218,2536745797,2537675963
6463283758,0,eqiad.mediawiki.recentchange,2135fa5f-37fe-4bac-8ca6-ff150c263330,id.wikipedia.org,categorize,2026-08-29T08:30:18.673Z,1787992214,,
6463283759,0,eqiad.mediawiki.recentchange,6b4ca39e-41b8-474b-86f5-30b1c507f757,id.wikipedia.org,categorize,2026-08-29T08:30:18.689Z,1787992214,,
6463283760,0,eqiad.mediawiki.recentchange,49b8d8d9-016f-4aa7-9088-59dfed05690e,id.wikipedia.org,categorize,2026-08-29T08:30:18.707Z,1787992214,,
6463283761,0,eqiad.mediawiki.recentchange,48e3885c-b131-4884-a5cf-e3af8ec07d6c,www.wikidata.org,edit,2026-08-29T08:30:18.713Z,1787992218,2537675708,2537675965
6463283762,0,eqiad.mediawiki.recentchange,f8294b79-ae54-48b1-93e2-cc7b120d54de,id.wikipedia.org,categorize,2026-08-29T08:30:18.731Z,1787992214,,
6463283763,0,eqiad.mediawiki.recentchange,b8c70c13-0707-47fb-a0d7-c800dcecd33a,vi.wikipedia.org,edit,2026-08-29T08:30:18.738Z,1787992215,75496916,75496918
6463283764,0,eqiad.mediawiki.recentchange,2835e6e8-ce30-4080-974d-eadd05cf10ec,id.wikipedia.org,categorize,2026-08-29T08:30:18.753Z,1787992214,,
6463283765,0,eqiad.mediawiki.recentchange,505ca4f2-9a01-41a6-99dc-d1d3135a43e8,commons.wikimedia.org,edit,2026-08-29T08:30:18.758Z,1787992218,1061855892,1269159984
6463283766,0,eqiad.mediawiki.recentchange,322f5f02-2d3b-4b8a-ae10-0ed7c98645be,commons.wikimedia.org,categorize,2026-08-29T08:30:18.762Z,1787992217,,
6463283767,0,eqiad.mediawiki.recentchange,d522d517-9208-498b-a988-3af81c7cd234,commons.wikimedia.org,edit,2026-08-29T08:30:18.762Z,1787992218,1053216018,1269159986
6463283768,0,eqiad.mediawiki.recentchange,144a6f29-8137-489d-98ae-28e23452ed68,id.wikipedia.org,categorize,2026-08-29T08:30:18.774Z,1787992214,,
6463283769,0,eqiad.mediawiki.recentchange,90c79674-cca0-405b-ba2a-907c4f670fbf,commons.wikimedia.org,categorize,2026-08-29T08:30:18.784Z,1787992217,,
6463283770,0,eqiad.mediawiki.recentchange,3b07d575-5ca9-41b5-ae07-32ce6d4499e8,commons.wikimedia.org,categorize,2026-08-29T08:30:18.806Z,1787992217,,
6463283771,0,eqiad.mediawiki.recentchange,197463bf-30db-4652-b00f-1e0591fba10f,commons.wikimedia.org,categorize,2026-08-29T08:30:18.825Z,1787992217,,
6463283772,0,eqiad.mediawiki.recentchange,a05e7bef-eb6d-4bf7-ac78-42cc5e418908,www.wikidata.org,edit,2026-08-29T08:30:18.838Z,1787992218,1620375937,2537675964
6463283773,0,eqiad.mediawiki.recentchange,d9034311-f6ff-497e-bd59-45ebee5322ad,ce.wikipedia.org,categorize,2026-08-29T08:30:18.842Z,1787992214,,
6463283774,0,eqiad.mediawiki.recentchange,0517f214-c24b-4a97-8007-e28f93530442,www.wikidata.org,edit,2026-08-29T08:30:18.903Z,1787992218,2446086299,2537675966
6463283775,0,eqiad.mediawiki.recentchange,96230e47-5fd7-46f9-b862-aba66629cdb9,es.wikipedia.org,edit,2026-08-29T08:30:18.975Z,1787992216,174275993,175090510
6463283776,0,eqiad.mediawiki.recentchange,102a3b3f-3a8c-4b47-8ccc-fd14e6a561ba,commons.wikimedia.org,edit,2026-08-29T08:30:19.020Z,1787992218,1245152592,1269159985
6463283777,0,eqiad.mediawiki.recentchange,e136fafd-0beb-4a27-871d-614b2f925e05,he.wikipedia.org,edit,2026-08-29T08:30:19.116Z,1787992216,41348603,43829658
6463283778,0,eqiad.mediawiki.recentchange,a74e087a-8bba-4ff6-be99-41ca0ee04c98,ms.wikipedia.org,edit,2026-08-29T08:30:19.284Z,1787992217,6943537,6943839
6463283779,0,eqiad.mediawiki.recentchange,db68a9ae-0d46-4758-9715-77ff9d333b5b,en.wikipedia.org,edit,2026-08-29T08:30:19.298Z,1787992218,1371914030,1371914398
6463283780,0,eqiad.mediawiki.recentchange,c69d7ba9-e001-4fb3-a146-d24111a0ef67,pt.wikipedia.org,edit,2026-08-29T08:30:19.300Z,1787992214,72896723,72897029
6463283781,0,eqiad.mediawiki.recentchange,e00dae85-f77f-443d-a052-b3a67ce57bdc,commons.wikimedia.org,edit,2026-08-29T08:30:19.300Z,1787992218,1268865879,1269159987
6463283782,0,eqiad.mediawiki.recentchange,819830f2-3a1f-4dd6-b056-cb46d1201471,www.wikidata.org,edit,2026-08-29T08:30:19.378Z,1787992218,2537675964,2537675967
6463283783,0,eqiad.mediawiki.recentchange,f15949f2-efe2-4851-8635-6f6b953373f1,en.wikipedia.org,edit,2026-08-29T08:30:19.426Z,1787992215,1349767387,1371914396
6463283784,0,eqiad.mediawiki.recentchange,b621cfe5-733f-46a4-8ece-ea717c2e1107,www.wikidata.org,edit,2026-08-29T08:30:19.504Z,1787992219,2243496809,2537675968
6463283785,0,eqiad.mediawiki.recentchange,8658e7aa-169f-4ab9-be08-9fb59f60a4e6,commons.wikimedia.org,edit,2026-08-29T08:30:19.556Z,1787992219,1061855957,1269159989
6463283786,0,eqiad.mediawiki.recentchange,15d383db-c31f-4d31-96fc-23634cbdb674,ce.wikipedia.org,edit,2026-08-29T08:30:19.584Z,1787992217,23712453,24422758
6463283787,0,eqiad.mediawiki.recentchange,eb70b0cf-fdec-4e6d-b7af-ad0ed672d9a0,commons.wikimedia.org,edit,2026-08-29T08:30:19.617Z,1787992218,1027784259,1269159988
6463283788,0,eqiad.mediawiki.recentchange,7b8b059e-be10-4fe5-b962-04993314f277,www.wikidata.org,edit,2026-08-29T08:30:19.663Z,1787992219,2537675967,2537675969
6463283789,0,eqiad.mediawiki.recentchange,75f18859-86c1-480d-a140-4b92d801cfec,commons.wikimedia.org,edit,2026-08-29T08:30:19.736Z,1787992219,1209430757,1269159991
6463283790,0,eqiad.mediawiki.recentchange,d44cf87f-820e-414a-9c50-1cacaf642408,commons.wikimedia.org,edit,2026-08-29T08:30:19.753Z,1787992219,1112394135,1269159990
6463283791,0,eqiad.mediawiki.recentchange,87557e65-43e1-4a61-be7f-0fbf12e909e6,ce.wikipedia.org,edit,2026-08-29T08:30:19.792Z,1787992218,23712454,24422759
6463283792,0,eqiad.mediawiki.recentchange,d97d7a81-10b9-414b-a647-a388357eab8b,ja.wikipedia.org,edit,2026-08-29T08:30:19.806Z,1787992218,110819270,110819335
6463283793,0,eqiad.mediawiki.recentchange,5e5dc5af-718a-496a-b4f2-46d9adc9e793,ce.wikipedia.org,categorize,2026-08-29T08:30:19.808Z,1787992216,,
6463283794,0,eqiad.mediawiki.recentchange,82126cbe-7fd3-4a68-91ef-3f0cd59503e1,www.wikidata.org,edit,2026-08-29T08:30:19.841Z,1787992219,2464254907,2537675970
6463283795,0,eqiad.mediawiki.recentchange,bdb2249b-9c2a-4859-9c7e-b10876f09d55,de.wiktionary.org,edit,2026-08-29T08:30:19.874Z,1787992218,10743178,10743678
6463283796,0,eqiad.mediawiki.recentchange,124193d6-0977-405f-a7a6-16f20700f20f,commons.wikimedia.org,edit,2026-08-29T08:30:19.987Z,1787992219,1125067141,1269159993
6463283797,0,eqiad.mediawiki.recentchange,8d7a815d-5538-4ed2-8fe0-e4891ab09582,commons.wikimedia.org,categorize,2026-08-29T08:30:20.001Z,1787992218,,
6463283798,0,eqiad.mediawiki.recentchange,7f5c6666-1233-498c-a70a-0d976b637629,commons.wikimedia.org,categorize,2026-08-29T08:30:20.018Z,1787992218,,
6463283799,0,eqiad.mediawiki.recentchange,0c9e2c9e-ec1b-48d3-9fbe-676bd9c13f5f,commons.wikimedia.org,categorize,2026-08-29T08:30:20.034Z,1787992218,,
6463283800,0,eqiad.mediawiki.recentchange,4191b1a5-3e93-4195-b574-966e3b27e105,de.wikipedia.org,log,2026-08-29T08:30:20.036Z,1787992220,,
6463283801,0,eqiad.mediawiki.recentchange,5419229a-91d8-43e9-9697-dc9a62cb9f27,commons.wikimedia.org,categorize,2026-08-29T08:30:20.052Z,1787992218,,
6463283802,0,eqiad.mediawiki.recentchange,5cdd4081-a88b-4237-a88a-c3ac5c6da17e,commons.wikimedia.org,edit,2026-08-29T08:30:20.061Z,1787992219,718926882,1269159992
6463283803,0,eqiad.mediawiki.recentchange,4dc0c6f1-921e-4ca8-a8fa-7b095471cc87,ar.wikipedia.org,edit,2026-08-29T08:30:20.101Z,1787992216,75470000,76373060
6463283804,0,eqiad.mediawiki.recentchange,6f121b2b-3f9c-4edf-a4e8-46b975c513c8,es.wikipedia.org,edit,2026-08-29T08:30:20.113Z,1787992218,171445722,175090511
6463283805,0,eqiad.mediawiki.recentchange,c6cbd402-2468-4358-bf8e-c4a3bc1dbb80,uk.wikipedia.org,edit,2026-08-29T08:30:20.139Z,1787992219,46793586,48719965
6463283806,0,eqiad.mediawiki.recentchange,8b893b3a-f5fa-40b2-97b3-1279921ffa57,commons.wikimedia.org,edit,2026-08-29T08:30:20.166Z,1787992219,506171735,1269159995
6463283807,0,eqiad.mediawiki.recentchange,8b9eb219-7086-4d0b-9bfa-3acb229226c8,www.wikidata.org,edit,2026-08-29T08:30:20.293Z,1787992219,2537675920,2537675971
6463283808,0,eqiad.mediawiki.recentchange,85af353a-9767-4fda-af0c-a291937dd467,he.wikipedia.org,edit,2026-08-29T08:30:20.302Z,1787992219,43829650,43829659
6463283809,0,eqiad.mediawiki.recentchange,2eda7e53-4f11-4e5e-a8c2-38fdfe815946,www.wikidata.org,edit,2026-08-29T08:30:20.314Z,1787992219,2537675969,2537675972
6463283810,0,eqiad.mediawiki.recentchange,d9afbb02-6f49-4f5c-b88b-5d79a27c2f63,commons.wikimedia.org,edit,2026-08-29T08:30:20.338Z,1787992219,1003070681,1269159994
6463283811,0,eqiad.mediawiki.recentchange,df29ae59-63cd-41e3-ae69-52ea8dfcf811,commons.wikimedia.org,edit,2026-08-29T08:30:20.405Z,1787992220,1069462896,1269159996
6463283812,0,eqiad.mediawiki.recentchange,0c928df0-e406-401f-ae9e-d509712c22bc,commons.wikimedia.org,edit,2026-08-29T08:30:20.523Z,1787992220,1263235889,1269159997
6463283813,0,eqiad.mediawiki.recentchange,dd2e7ddf-7a2a-441b-9020-d775f3d2f492,commons.wikimedia.org,edit,2026-08-29T08:30:20.607Z,1787992220,1093454352,1269159998
6463283814,0,eqiad.mediawiki.recentchange,16b695d0-8dd8-4931-8d14-631d10a2932d,www.wikidata.org,log,2026-08-29T08:30:20.693Z,1787992220,,
6463283815,0,eqiad.mediawiki.recentchange,bbf3a8c5-48de-4ab0-a608-d6c6ba633829,en.wikipedia.org,new,2026-08-29T08:30:20.699Z,1787992220,,1371914402
6463283816,0,eqiad.mediawiki.recentchange,2c7ade85-664b-4053-afc1-8beb2479e995,ja.wikipedia.org,edit,2026-08-29T08:30:20.716Z,1787992218,110819057,110819334
6463283817,0,eqiad.mediawiki.recentchange,e6f5a054-4e2a-43a3-bfe5-fd70f0277e46,commons.wikimedia.org,categorize,2026-08-29T08:30:20.735Z,1787992219,,
6463283818,0,eqiad.mediawiki.recentchange,b4b26669-b83e-4b96-87b2-e176a7b8e09a,commons.wikimedia.org,categorize,2026-08-29T08:30:20.753Z,1787992219,,
6463283819,0,eqiad.mediawiki.recentchange,93e559ac-9cad-4bc9-9ced-02041c383d1e,commons.wikimedia.org,categorize,2026-08-29T08:30:20.776Z,1787992219,,
6463283820,0,eqiad.mediawiki.recentchange,8e24a284-57c5-4249-bbb1-6c4a50066bb8,www.wikidata.org,edit,2026-08-29T08:30:20.792Z,1787992220,2537675868,2537675973
6463283821,0,eqiad.mediawiki.recentchange,c6e4270c-b673-488c-af5f-2dd69acb43ad,commons.wikimedia.org,categorize,2026-08-29T08:30:20.796Z,1787992219,,
6463283822,0,eqiad.mediawiki.recentchange,7dde271b-8b9c-4382-932c-be6ae930179d,commons.wikimedia.org,edit,2026-08-29T08:30:20.812Z,1787992220,1268342566,1269159999
6463283823,0,eqiad.mediawiki.recentchange,c795c45e-bcbe-4960-b393-7ef7669c827e,ce.wikipedia.org,edit,2026-08-29T08:30:20.813Z,1787992219,23712455,24422760
6463283824,0,eqiad.mediawiki.recentchange,fcc5ee77-8d1e-41b4-a704-fb7c3556f5fe,ms.wikipedia.org,edit,2026-08-29T08:30:20.910Z,1787992219,6943547,6943840
6463283825,0,eqiad.mediawiki.recentchange,91b71337-b75e-4821-a15f-97284be85115,commons.wikimedia.org,edit,2026-08-29T08:30:20.912Z,1787992220,806112855,1269160000
6463283826,0,eqiad.mediawiki.recentchange,b26a3c8b-47e3-4b9b-afd1-ab98808f5e2a,www.wikidata.org,edit,2026-08-29T08:30:20.924Z,1787992220,2470882634,2537675975
6463283827,0,eqiad.mediawiki.recentchange,578aedca-f272-48ec-bf24-ac5253fad444,commons.wikimedia.org,categorize,2026-08-29T08:30:20.927Z,1787992219,,
6463283828,0,eqiad.mediawiki.recentchange,4b86d25b-06b7-4818-8190-248c057f0cdb,commons.wikimedia.org,categorize,2026-08-29T08:30:20.950Z,1787992219,,
6463283829,0,eqiad.mediawiki.recentchange,2e6bb509-7638-4d81-ae77-9120f9f2dc98,commons.wikimedia.org,categorize,2026-08-29T08:30:20.974Z,1787992219,,
6463283830,0,eqiad.mediawiki.recentchange,df350fbc-2d4c-4a6e-a793-cb9ebd35ef8f,commons.wikimedia.org,categorize,2026-08-29T08:30:20.993Z,1787992219,,
6463283831,0,eqiad.mediawiki.recentchange,3e6b51d0-7d46-4750-a980-accc22e5763c,commons.wikimedia.org,categorize,2026-08-29T08:30:21.015Z,1787992219,,
6463283832,0,eqiad.mediawiki.recentchange,bbc2e875-174d-4e45-9dc3-5b082f40f799,en.wikipedia.org,edit,2026-08-29T08:30:21.063Z,1787992219,1371914212,1371914399
6463283833,0,eqiad.mediawiki.recentchange,25233d50-259b-49fb-a444-72e932d0be36,commons.wikimedia.org,categorize,2026-08-29T08:30:21.075Z,1787992220,,
6463283834,0,eqiad.mediawiki.recentchange,54710e9f-483b-47f0-a369-ebd473e74adc,commons.wikimedia.org,categorize,2026-08-29T08:30:21.100Z,1787992220,,
6463283835,0,eqiad.mediawiki.recentchange,7ca73f1d-1bd6-4448-9679-5e5e2efee62c,commons.wikimedia.org,categorize,2026-08-29T08:30:21.126Z,1787992220,,
6463283836,0,eqiad.mediawiki.recentchange,14705de5-0d47-4a6b-9b6f-56d8534848da,en.wikipedia.org,new,2026-08-29T08:30:21.154Z,1787992220,,1371914403
6463283837,0,eqiad.mediawiki.recentchange,ed944588-2ea5-4e84-91aa-a3124cd94928,commons.wikimedia.org,categorize,2026-08-29T08:30:21.153Z,1787992220,,
6463283838,0,eqiad.mediawiki.recentchange,f7300683-0fca-444c-ba66-be44855a708d,commons.wikimedia.org,categorize,2026-08-29T08:30:21.177Z,1787992220,,
6463283839,0,eqiad.mediawiki.recentchange,a8126f39-7eb4-4e7e-9446-f0b0e2f0dab7,www.wikidata.org,edit,2026-08-29T08:30:21.193Z,1787992220,2537675968,2537675974
6463283840,0,eqiad.mediawiki.recentchange,d66e3f6a-44b0-4a5c-8fa2-ad377dfcc8a8,zh.wikipedia.org,edit,2026-08-29T08:30:21.205Z,1787992220,94090616,94090707
6463283841,0,eqiad.mediawiki.recentchange,e74e70c0-d7a5-4e6f-8889-7dd7cfdb2350,www.wikidata.org,edit,2026-08-29T08:30:21.210Z,1787992220,1620375939,2537675976
6463283842,0,eqiad.mediawiki.recentchange,d69e66dc-a974-45d7-9e8e-31a6335bec28,commons.wikimedia.org,edit,2026-08-29T08:30:21.265Z,1787992220,1180964496,1269160001
6463283843,0,eqiad.mediawiki.recentchange,92b55e17-5ddd-4dcd-935b-0e48fc782846,fr.wikipedia.org,log,2026-08-29T08:30:21.277Z,1787992219,,
6463283844,0,eqiad.mediawiki.recentchange,e5a4974d-c934-4caf-965e-b3087d3f1a19,nl.wikipedia.org,edit,2026-08-29T08:30:21.289Z,1787992219,71848046,71848078
6463283845,0,eqiad.mediawiki.recentchange,07316df0-f58e-409c-abc7-76d2291f5f9f,commons.wikimedia.org,log,2026-08-29T08:30:21.366Z,1787992220,,
6463283846,0,eqiad.mediawiki.recentchange,9cf8ff3f-9392-4af0-bae3-b40bfa5b984e,commons.wikimedia.org,log,2026-08-29T08:30:21.448Z,1787992220,,
6463283847,0,eqiad.mediawiki.recentchange,325304a7-1443-4000-9a12-433dda146129,en.wikipedia.org,categorize,2026-08-29T08:30:21.513Z,1787992220,,
6463283848,0,eqiad.mediawiki.recentchange,8a354e97-5f2c-4c5c-ab18-93075e7c2dfe,en.wikipedia.org,categorize,2026-08-29T08:30:21.531Z,1787992220,,
6463283849,0,eqiad.mediawiki.recentchange,140c2a69-902a-4ef6-9e6e-f7e7adc09e77,commons.wikimedia.org,categorize,2026-08-29T08:30:21.547Z,1787992220,,
6463283850,0,eqiad.mediawiki.recentchange,819c6824-7952-486e-a39d-685004759fd8,en.wikipedia.org,categorize,2026-08-29T08:30:21.550Z,1787992220,,
6463283851,0,eqiad.mediawiki.recentchange,ede3023e-a116-4ac5-b1bf-223e564185b7,commons.wikimedia.org,categorize,2026-08-29T08:30:21.566Z,1787992220,,
6463283852,0,eqiad.mediawiki.recentchange,29aa462e-9f85-455a-8e02-f7e810f39337,en.wikipedia.org,categorize,2026-08-29T08:30:21.571Z,1787992220,,
6463283853,0,eqiad.mediawiki.recentchange,b6c16d97-446e-44b6-bcc1-fce319dd0232,en.wikipedia.org,categorize,2026-08-29T08:30:21.587Z,1787992220,,
6463283854,0,eqiad.mediawiki.recentchange,7cbd08de-2a56-4db4-b97a-2c4b592cdbaa,commons.wikimedia.org,categorize,2026-08-29T08:30:21.590Z,1787992220,,
6463283855,0,eqiad.mediawiki.recentchange,a1d85522-c76a-436f-bc92-2f8979db4fc2,en.wikipedia.org,categorize,2026-08-29T08:30:21.606Z,1787992220,,
6463283856,0,eqiad.mediawiki.recentchange,4e1b37f8-c025-4567-b114-10ba5ba91cfb,commons.wikimedia.org,categorize,2026-08-29T08:30:21.610Z,1787992220,,
6463283857,0,eqiad.mediawiki.recentchange,82a3cfed-c4a5-4413-8ec7-fa68dbcb3301,en.wikipedia.org,categorize,2026-08-29T08:30:21.629Z,1787992220,,
6463283858,0,eqiad.mediawiki.recentchange,5f45f5b0-d78b-4889-b4bf-e16b908bed6e,fr.wikipedia.org,log,2026-08-29T08:30:21.633Z,1787992219,,
6463283859,0,eqiad.mediawiki.recentchange,2b22de94-d233-475a-a7a0-9f778ec753ee,id.wikipedia.org,edit,2026-08-29T08:30:21.638Z,1787992221,29663074,29663079
6463283860,0,eqiad.mediawiki.recentchange,9149570b-27ae-4831-a8a0-48396d5772b6,en.wikipedia.org,categorize,2026-08-29T08:30:21.647Z,1787992220,,
6463283861,0,eqiad.mediawiki.recentchange,385f5ab1-b7d2-49e6-9da0-ee6d6967c01d,www.wikidata.org,edit,2026-08-29T08:30:21.663Z,1787992221,1984116828,2537675978
6463283862,0,eqiad.mediawiki.recentchange,8e09a6ff-dae2-4218-b15f-a23737973eba,ce.wikipedia.org,categorize,2026-08-29T08:30:21.687Z,1787992218,,
6463283863,0,eqiad.mediawiki.recentchange,29cf3d96-f9b6-4a85-9833-9f274524fda1,commons.wikimedia.org,categorize,2026-08-29T08:30:21.703Z,1787992220,,
6463283864,0,eqiad.mediawiki.recentchange,1c8a716d-69ca-4e7c-8572-a9a80bc95657,en.wikipedia.org,categorize,2026-08-29T08:30:21.706Z,1787992220,,
6463283865,0,eqiad.mediawiki.recentchange,73157a15-314d-4e94-85ba-d108a3c47853,commons.wikimedia.org,categorize,2026-08-29T08:30:21.720Z,1787992220,,
6463283866,0,eqiad.mediawiki.recentchange,d010e4c2-4754-4c91-8856-3d467dabbbfa,www.wikidata.org,edit,2026-08-29T08:30:21.730Z,1787992221,2447354002,2537675979
6463283867,0,eqiad.mediawiki.recentchange,865e2733-47ee-4410-bc2d-d61fd7af2609,en.wikipedia.org,categorize,2026-08-29T08:30:21.732Z,1787992220,,
6463283868,0,eqiad.mediawiki.recentchange,db090b9e-fe29-4cb3-8cc5-01e6baaaf561,commons.wikimedia.org,categorize,2026-08-29T08:30:21.737Z,1787992220,,
6463283869,0,eqiad.mediawiki.recentchange,db26ed62-c795-42f9-92dd-946d800dba62,en.wikipedia.org,categorize,2026-08-29T08:30:21.753Z,1787992220,,
6463283870,0,eqiad.mediawiki.recentchange,6ae65c56-da44-45d9-b85c-55f840c1597d,commons.wikimedia.org,categorize,2026-08-29T08:30:21.755Z,1787992220,,
6463283871,0,eqiad.mediawiki.recentchange,98774646-2344-41c7-a79e-3bbb60b7b489,en.wikipedia.org,categorize,2026-08-29T08:30:21.771Z,1787992220,,
6463283872,0,eqiad.mediawiki.recentchange,b3c04be5-0140-4915-abea-eeb12e6ce46e,commons.wikimedia.org,categorize,2026-08-29T08:30:21.775Z,1787992220,,
6463283873,0,eqiad.mediawiki.recentchange,b3d07431-17d8-426e-8451-634c07d31f9b,commons.wikimedia.org,categorize,2026-08-29T08:30:21.796Z,1787992220,,
6463283874,0,eqiad.mediawiki.recentchange,cdf0c1cb-ea4a-4e1c-8c24-896934879df9,www.wikidata.org,edit,2026-08-29T08:30:21.802Z,1787992221,2537675976,2537675977
6463283875,0,eqiad.mediawiki.recentchange,e8eec5b1-f848-457d-bc55-19fd24130e41,commons.wikimedia.org,categorize,2026-08-29T08:30:21.814Z,1787992220,,
6463283876,0,eqiad.mediawiki.recentchange,9955a4a0-a44a-4b6e-9894-93dfb7fe147e,commons.wikimedia.org,log,2026-08-29T08:30:21.884Z,1787992220,,
6463283877,0,eqiad.mediawiki.recentchange,8d89a50e-2d38-4c02-ae23-5403676766ff,ce.wikipedia.org,categorize,2026-08-29T08:30:21.991Z,1787992219,,
6463283878,0,eqiad.mediawiki.recentchange,468f74c7-61c7-4ca0-83bb-f64947f74da6,commons.wikimedia.org,log,2026-08-29T08:30:22.000Z,1787992221,,
6463283879,0,eqiad.mediawiki.recentchange,2868d3a1-bfb7-4fdf-8e67-895611cc94cd,commons.wikimedia.org,categorize,2026-08-29T08:30:22.041Z,1787992218,,
6463283880,0,eqiad.mediawiki.recentchange,e7ecadc7-57af-44d6-8c6f-e343a1d95d5a,commons.wikimedia.org,categorize,2026-08-29T08:30:22.047Z,1787992221,,
6463283881,0,eqiad.mediawiki.recentchange,608c9e82-e8a2-4528-a305-b33ef918fd4a,ce.wikipedia.org,categorize,2026-08-29T08:30:22.050Z,1787992217,,
6463283882,0,eqiad.mediawiki.recentchange,a6e24276-2741-4b1f-90a0-9075deec69e1,commons.wikimedia.org,categorize,2026-08-29T08:30:22.060Z,1787992218,,
6463283883,0,eqiad.mediawiki.recentchange,e83293bd-fa2a-42f4-ba1f-2b65583fe70f,commons.wikimedia.org,categorize,2026-08-29T08:30:22.066Z,1787992221,,
6463283884,0,eqiad.mediawiki.recentchange,f010d7a2-1432-4bfe-bce9-dd13ac6f6731,sr.wikipedia.org,log,2026-08-29T08:30:22.081Z,1787992221,,
6463283885,0,eqiad.mediawiki.recentchange,c9e5f583-b6c2-42a8-89ee-0c4c41dcf81d,commons.wikimedia.org,categorize,2026-08-29T08:30:22.091Z,1787992221,,
6463283886,0,eqiad.mediawiki.recentchange,88f820bd-0526-4176-8a80-78ddb63d1946,commons.wikimedia.org,edit,2026-08-29T08:30:22.093Z,1787992221,1153539728,1269160006
6463283887,0,eqiad.mediawiki.recentchange,656e92b2-e3c8-4829-9958-9815ae89667e,commons.wikimedia.org,categorize,2026-08-29T08:30:22.112Z,1787992221,,
6463283888,0,eqiad.mediawiki.recentchange,c7bf4601-2dfb-41c6-89e4-b84237c3693f,commons.wikimedia.org,categorize,2026-08-29T08:30:22.129Z,1787992221,,
6463283889,0,eqiad.mediawiki.recentchange,04a2599c-5bd6-4b42-bcf9-49e0f848baa9,commons.wikimedia.org,categorize,2026-08-29T08:30:22.149Z,1787992221,,
6463283890,0,eqiad.mediawiki.recentchange,d46c826b-8307-4a0b-b4fd-5b117cdc52f4,commons.wikimedia.org,categorize,2026-08-29T08:30:22.167Z,1787992221,,
6463283891,0,eqiad.mediawiki.recentchange,ba732f00-d9b7-438b-8cab-b79f87cfb007,id.wikipedia.org,categorize,2026-08-29T08:30:22.169Z,1787992221,,
6463283892,0,eqiad.mediawiki.recentchange,58a678d2-6a8c-4e1b-afd6-72a96883b797,id.wikipedia.org,categorize,2026-08-29T08:30:22.189Z,1787992221,,
6463283893,0,eqiad.mediawiki.recentchange,8961cea6-fbea-4f3f-9fc3-182190f21636,uk.wikipedia.org,edit,2026-08-29T08:30:22.194Z,1787992221,46803281,48719966
6463283894,0,eqiad.mediawiki.recentchange,659e6131-589c-44fc-a8d1-6f265e94fed6,id.wikipedia.org,categorize,2026-08-29T08:30:22.210Z,1787992221,,
6463283895,0,eqiad.mediawiki.recentchange,6987e984-4549-41bd-abae-c3d44b5540ac,commons.wikimedia.org,edit,2026-08-29T08:30:22.218Z,1787992221,1268343194,1269160007
6463283896,0,eqiad.mediawiki.recentchange,ace6a23d-69bc-4756-a75d-48a089bd06aa,www.wikidata.org,edit,2026-08-29T08:30:22.226Z,1787992221,2537675977,2537675980
6463283897,0,eqiad.mediawiki.recentchange,8916d389-40df-4c25-8e21-d4a135eff5f9,id.wikipedia.org,categorize,2026-08-29T08:30:22.228Z,1787992221,,
6463283898,0,eqiad.mediawiki.recentchange,3d516803-a8de-43eb-9465-c29ebfee0b7a,id.wikipedia.org,categorize,2026-08-29T08:30:22.245Z,1787992221,,
6463283899,0,eqiad.mediawiki.recentchange,832cb085-f23c-4726-9e1b-f36b0362a1cc,id.wikipedia.org,categorize,2026-08-29T08:30:22.265Z,1787992221,,
6463283900,0,eqiad.mediawiki.recentchange,abca8afe-515d-41bb-9414-a960d9e56709,id.wikipedia.org,categorize,2026-08-29T08:30:22.291Z,1787992221,,
6463283901,0,eqiad.mediawiki.recentchange,cef9d2b7-69f1-4ddb-b083-17112c2c4da8,id.wikipedia.org,categorize,2026-08-29T08:30:22.315Z,1787992221,,
6463283902,0,eqiad.mediawiki.recentchange,f3682302-857d-4aa0-972e-a4185fada1ec,commons.wikimedia.org,edit,2026-08-29T08:30:22.379Z,1787992221,679059393,1269160009
6463283903,0,eqiad.mediawiki.recentchange,2be06100-1c53-4baa-b6b1-800cf93b228b,commons.wikimedia.org,edit,2026-08-29T08:30:22.402Z,1787992221,553924636,1269160008
6463283904,0,eqiad.mediawiki.recentchange,57d2de85-018b-4808-8b56-249f543187cc,fr.wikipedia.org,categorize,2026-08-29T08:30:22.436Z,1787992219,,
6463283905,0,eqiad.mediawiki.recentchange,1ef31b32-1543-4256-84ca-ce8b6913c5fd,www.wikidata.org,new,2026-08-29T08:30:22.465Z,1787992222,,2537675981
6463283906,0,eqiad.mediawiki.recentchange,7dda7a98-12d3-422b-b22e-58232b306eaf,commons.wikimedia.org,categorize,2026-08-29T08:30:22.554Z,1787992220,,
6463283907,0,eqiad.mediawiki.recentchange,ea5c0b54-8510-4e74-a92c-3468d031373b,commons.wikimedia.org,categorize,2026-08-29T08:30:22.576Z,1787992220,,
6463283908,0,eqiad.mediawiki.recentchange,442f750e-d023-4fc2-b67a-e5589744b4b3,commons.wikimedia.org,categorize,2026-08-29T08:30:22.592Z,1787992220,,
6463283909,0,eqiad.mediawiki.recentchange,21f657ad-62a3-4984-9925-340d277d483f,en.wikipedia.org,edit,2026-08-29T08:30:22.603Z,1787992219,1371912481,1371914400
6463283910,0,eqiad.mediawiki.recentchange,60d0f179-c51b-40da-b4a6-85e49f671523,commons.wikimedia.org,categorize,2026-08-29T08:30:22.615Z,1787992220,,
6463283911,0,eqiad.mediawiki.recentchange,b459c69e-f169-4b21-bd40-141cf12c2ede,commons.wikimedia.org,categorize,2026-08-29T08:30:22.636Z,1787992220,,
6463283912,0,eqiad.mediawiki.recentchange,c4c9907f-0356-4103-a553-459d20957d0a,commons.wikimedia.org,categorize,2026-08-29T08:30:22.657Z,1787992220,,
6463283913,0,eqiad.mediawiki.recentchange,da8c329d-0eb9-4c50-b255-f8a72e6b288b,commons.wikimedia.org,categorize,2026-08-29T08:30:22.680Z,1787992220,,
6463283914,0,eqiad.mediawiki.recentchange,92fc4d4a-aecb-4275-8ebf-3bdf780b4474,commons.wikimedia.org,categorize,2026-08-29T08:30:22.697Z,1787992220,,
6463283915,0,eqiad.mediawiki.recentchange,6ef76c35-f482-4a83-b8ce-b6c2de130d91,www.wikidata.org,edit,2026-08-29T08:30:22.714Z,1787992222,2447367981,2537675982
6463283916,0,eqiad.mediawiki.recentchange,1041d0dd-3bd5-4a58-a712-aae2ddf21bb9,commons.wikimedia.org,categorize,2026-08-29T08:30:22.717Z,1787992220,,
6463283917,0,eqiad.mediawiki.recentchange,cd686044-c265-4512-81ac-cdb76f94ce7f,commons.wikimedia.org,categorize,2026-08-29T08:30:22.737Z,1787992220,,
6463283918,0,eqiad.mediawiki.recentchange,be8bfe16-5a70-49f8-88fa-7684bce1712c,commons.wikimedia.org,edit,2026-08-29T08:30:22.747Z,1787992221,1127019832,1269160010
6463283919,0,eqiad.mediawiki.recentchange,6ac5577e-aa4d-4c0d-a229-68addfb85895,www.wikidata.org,edit,2026-08-29T08:30:22.806Z,1787992222,2537675978,2537675983
6463283920,0,eqiad.mediawiki.recentchange,f73a6de7-9cd1-47ac-a3b4-2c87024bbfbc,ce.wikipedia.org,edit,2026-08-29T08:30:22.834Z,1787992220,23712456,24422761
6463283921,0,eqiad.mediawiki.recentchange,403dedf0-a65e-4c9f-b8ca-c0819cc111ea,en.wikipedia.org,edit,2026-08-29T08:30:22.835Z,1787992219,1370550481,1371914401
6463283922,0,eqiad.mediawiki.recentchange,d1d384f1-f3c8-45c2-8f9d-d6b8acbf4656,commons.wikimedia.org,edit,2026-08-29T08:30:22.856Z,1787992222,1264723591,1269160012
6463283923,0,eqiad.mediawiki.recentchange,b5b1e0f0-4489-402d-b94e-fa25a01f9326,commons.wikimedia.org,edit,2026-08-29T08:30:22.995Z,1787992222,1019529921,1269160013
6463283924,0,eqiad.mediawiki.recentchange,a0305302-9a2b-4c2e-9cc7-6e023e3cf37c,commons.wikimedia.org,categorize,2026-08-29T08:30:23.106Z,1787992221,,
6463283925,0,eqiad.mediawiki.recentchange,4807bcf4-02d9-4010-98ae-c0439787f748,commons.wikimedia.org,categorize,2026-08-29T08:30:23.124Z,1787992221,,
6463283926,0,eqiad.mediawiki.recentchange,f4c3ecbc-fba2-42f0-8600-0ef4ae4d2ff7,commons.wikimedia.org,categorize,2026-08-29T08:30:23.144Z,1787992221,,
6463283927,0,eqiad.mediawiki.recentchange,19a0a9f7-73f1-442d-9c17-3d3541b41b07,commons.wikimedia.org,categorize,2026-08-29T08:30:23.165Z,1787992221,,
6463283928,0,eqiad.mediawiki.recentchange,7f6bb931-21d5-454b-b6b4-c13f9bd8a9e5,commons.wikimedia.org,edit,2026-08-29T08:30:23.278Z,1787992221,1250380551,1269160011
6463283929,0,eqiad.mediawiki.recentchange,57e0395a-8634-4674-9508-deadc58fd963,ru.wikipedia.org,log,2026-08-29T08:30:23.431Z,1787992222,,
6463283930,0,eqiad.mediawiki.recentchange,cad3b132-1fc3-4584-9ae1-ac333e1eef50,commons.wikimedia.org,edit,2026-08-29T08:30:23.444Z,1787992223,1268343652,1269160016
6463283931,0,eqiad.mediawiki.recentchange,ec285646-5d73-450e-aa1a-4f52d106ba83,commons.wikimedia.org,edit,2026-08-29T08:30:23.458Z,1787992222,1269160004,1269160014
6463283932,0,eqiad.mediawiki.recentchange,e501f0f4-fcca-434e-9739-5c07f969127b,commons.wikimedia.org,edit,2026-08-29T08:30:23.524Z,1787992222,1269160002,1269160015
6463283933,0,eqiad.mediawiki.recentchange,85e3a8da-ae58-4e43-b033-04fe69c71274,de.wikipedia.org,log,2026-08-29T08:30:23.551Z,1787992223,,
6463283934,0,eqiad.mediawiki.recentchange,83f6b42c-4b3b-48c4-ad72-72d7068194b9,www.wikidata.org,edit,2026-08-29T08:30:23.624Z,1787992223,2447362630,2537675984
6463283935,0,eqiad.mediawiki.recentchange,a5779275-bf33-409a-8d34-502baf1ec6a0,ru.wikipedia.org,log,2026-08-29T08:30:23.656Z,1787992222,,
6463283936,0,eqiad.mediawiki.recentchange,78f72699-2484-4dfd-9e1d-77c851f6642b,commons.wikimedia.org,edit,2026-08-29T08:30:23.704Z,1787992223,1269160005,1269160018
6463283937,0,eqiad.mediawiki.recentchange,da42ee95-a129-46e4-a827-53885fe587a3,www.wikidata.org,edit,2026-08-29T08:30:23.719Z,1787992223,2537137380,2537675987
6463283938,0,eqiad.mediawiki.recentchange,77b6ba20-03df-4230-80e2-cee375ffcab0,commons.wikimedia.org,edit,2026-08-29T08:30:23.751Z,1787992223,1234086405,1269160017
6463283939,0,eqiad.mediawiki.recentchange,f88d9d14-5d1a-4316-8b97-7b9b0d9d126c,www.wikidata.org,edit,2026-08-29T08:30:23.757Z,1787992223,2508112350,2537675986
6463283940,0,eqiad.mediawiki.recentchange,218375d4-eadc-4ee0-bec8-126aafe0b93b,www.wikidata.org,edit,2026-08-29T08:30:23.841Z,1787992223,2537675980,2537675988
6463283941,0,eqiad.mediawiki.recentchange,f778d07f-91e4-4335-bd67-cdf63094c8bc,commons.wikimedia.org,categorize,2026-08-29T08:30:23.881Z,1787992223,,
6463283942,0,eqiad.mediawiki.recentchange,41fe0f3c-a86b-49e4-9e77-08de199ead22,commons.wikimedia.org,categorize,2026-08-29T08:30:23.898Z,1787992223,,
6463283943,0,eqiad.mediawiki.recentchange,0c5349f2-4207-47a3-b8ff-f127722128d6,commons.wikimedia.org,categorize,2026-08-29T08:30:23.914Z,1787992223,,
6463283944,0,eqiad.mediawiki.recentchange,17c4372d-cc5e-434c-b682-489b568b2078,commons.wikimedia.org,categorize,2026-08-29T08:30:23.932Z,1787992223,,
6463283945,0,eqiad.mediawiki.recentchange,ada8e220-3d9c-46e3-b86f-0d84781af206,commons.wikimedia.org,categorize,2026-08-29T08:30:24.000Z,1787992221,,
6463283946,0,eqiad.mediawiki.recentchange,5b3d0dd2-0c64-476b-b6e8-d0acc791c3b2,commons.wikimedia.org,categorize,2026-08-29T08:30:24.026Z,1787992221,,
6463283947,0,eqiad.mediawiki.recentchange,53f0ca64-848b-400b-8586-e382c4b28faa,commons.wikimedia.org,categorize,2026-08-29T08:30:24.044Z,1787992221,,
6463283948,0,eqiad.mediawiki.recentchange,1614a6d1-c3c0-4d84-b5a8-4eb716e616f3,ur.wikipedia.org,new,2026-08-29T08:30:24.051Z,1787992222,,11840609
6463283949,0,eqiad.mediawiki.recentchange,5d0728ba-b697-494f-983a-8da36d73b0c3,www.wikidata.org,edit,2026-08-29T08:30:24.060Z,1787992223,2349221545,2537675985
6463283950,0,eqiad.mediawiki.recentchange,c6b615c4-ed4f-4dc9-88bc-a46670ed964a,commons.wikimedia.org,categorize,2026-08-29T08:30:24.065Z,1787992221,,
6463283951,0,eqiad.mediawiki.recentchange,3368c843-2a37-4aab-bdb0-1c4bdd95873b,commons.wikimedia.org,categorize,2026-08-29T08:30:24.088Z,1787992221,,
6463283952,0,eqiad.mediawiki.recentchange,5c293ac7-e15b-413b-a221-45b0233316dc,commons.wikimedia.org,categorize,2026-08-29T08:30:24.107Z,1787992221,,
6463283953,0,eqiad.mediawiki.recentchange,8c33136c-7e56-47be-9ca2-978f07d65801,commons.wikimedia.org,categorize,2026-08-29T08:30:24.127Z,1787992221,,
6463283954,0,eqiad.mediawiki.recentchange,d0d78478-69b0-4a58-bf81-81d47811eeaf,ce.wikipedia.org,edit,2026-08-29T08:30:24.172Z,1787992221,23712457,24422762
6463283955,0,eqiad.mediawiki.recentchange,3867717b-8985-4eba-ae7a-6efce1e91aae,www.wikidata.org,edit,2026-08-29T08:30:24.237Z,1787992223,2492313053,2537675989
6463283956,0,eqiad.mediawiki.recentchange,77f3393b-613c-4bc7-8508-e55662ced9bd,commons.wikimedia.org,edit,2026-08-29T08:30:24.237Z,1787992223,1209351731,1269160021
6463283957,0,eqiad.mediawiki.recentchange,86bddcae-ec36-43d5-bdd8-45e5a5bb6259,commons.wikimedia.org,edit,2026-08-29T08:30:24.280Z,1787992223,1017156454,1269160019
6463283958,0,eqiad.mediawiki.recentchange,99b52383-6654-4824-915d-13fc6fdde28f,id.wikipedia.org,new,2026-08-29T08:30:24.317Z,1787992222,,29663080
6463283959,0,eqiad.mediawiki.recentchange,f17034ef-9ba3-4056-b202-a574ba3350d6,commons.wikimedia.org,edit,2026-08-29T08:30:24.318Z,1787992223,1152631182,1269160020
6463283960,0,eqiad.mediawiki.recentchange,1226a906-a413-48db-8241-7aac662c79df,www.wikidata.org,edit,2026-08-29T08:30:24.319Z,1787992223,2537675943,2537675990
6463283961,0,eqiad.mediawiki.recentchange,02ba2adb-4c2c-4b1e-b513-845adf72ee51,uk.wikipedia.org,edit,2026-08-29T08:30:24.359Z,1787992223,42927619,48719967
6463283962,0,eqiad.mediawiki.recentchange,d13a56c2-ec6a-4f3c-b645-6bbb28cfe4c1,www.wikidata.org,edit,2026-08-29T08:30:24.372Z,1787992224,2537675795,2537675991
6463283963,0,eqiad.mediawiki.recentchange,99022c55-72cd-4170-84e8-8ff5b6e45a5a,commons.wikimedia.org,edit,2026-08-29T08:30:24.405Z,1787992223,1097269056,1269160022
6463283964,0,eqiad.mediawiki.recentchange,86d44539-69c1-4d76-ba0f-5980b27af0d3,www.wikidata.org,edit,2026-08-29T08:30:24.417Z,1787992224,2537675694,2537675992
6463283965,0,eqiad.mediawiki.recentchange,8c19f4c5-2286-4a9f-ae88-b0f8fbfc0883,ms.wikipedia.org,edit,2026-08-29T08:30:24.440Z,1787992222,6943564,6943841
6463283966,0,eqiad.mediawiki.recentchange,bcf9b544-cba5-46e0-92d1-10c3a1deea56,de.wikipedia.org,edit,2026-08-29T08:30:24.753Z,1787992219,270067785,270068219
6463283967,0,eqiad.mediawiki.recentchange,06d2a746-9930-4af1-9ebe-020cb2b2a9aa,www.wikidata.org,edit,2026-08-29T08:30:24.766Z,1787992224,2496491187,2537675995
6463283968,0,eqiad.mediawiki.recentchange,7b9baa80-dcbe-4550-ae6b-d040fdd18b17,ru.wikipedia.org,log,2026-08-29T08:30:24.781Z,1787992224,,
6463283969,0,eqiad.mediawiki.recentchange,c99ced21-efab-4adc-9bc5-712e411ae23a,commons.wikimedia.org,categorize,2026-08-29T08:30:24.785Z,1787992221,,
6463283970,0,eqiad.mediawiki.recentchange,0764ff24-bead-4406-a7d5-9e440515349a,commons.wikimedia.org,categorize,2026-08-29T08:30:24.800Z,1787992221,,
6463283971,0,eqiad.mediawiki.recentchange,fcce2072-4d59-489d-8e0e-f6f9da5e07c8,ru.wikipedia.org,log,2026-08-29T08:30:24.824Z,1787992224,,
6463283972,0,eqiad.mediawiki.recentchange,fcea4dec-5fa6-4abb-8e86-e97f252586cb,commons.wikimedia.org,log,2026-08-29T08:30:24.870Z,1787992223,,
6463283973,0,eqiad.mediawiki.recentchange,b338b5a3-2a41-4f7d-8f91-0a71454dc6fd,www.wikidata.org,edit,2026-08-29T08:30:24.894Z,1787992224,1574214748,2537675993
6463283974,0,eqiad.mediawiki.recentchange,f18f1ee6-d2cc-4dcd-8eda-c12848b7eceb,ru.wikipedia.org,edit,2026-08-29T08:30:24.902Z,1787992222,149946019,154749897
6463283975,0,eqiad.mediawiki.recentchange,445fc5b5-95d9-4cc8-b1b2-c26b4e794871,www.wikidata.org,edit,2026-08-29T08:30:24.902Z,1787992224,2514219573,2537675996
6463283976,0,eqiad.mediawiki.recentchange,04b6c0e0-21b9-4672-8918-b88aac788a17,www.wikidata.org,edit,2026-08-29T08:30:24.914Z,1787992224,2537675985,2537675994
6463283977,0,eqiad.mediawiki.recentchange,0b06d2f4-252a-42ca-84c8-bb5686daf032,www.wikidata.org,edit,2026-08-29T08:30:25.016Z,1787992224,2537675993,2537675997
6463283978,0,eqiad.mediawiki.recentchange,24a295c6-ee66-4c69-bef6-f81933b39538,ce.wikipedia.org,edit,2026-08-29T08:30:25.018Z,1787992223,23712458,24422763
6463283979,0,eqiad.mediawiki.recentchange,96b0e423-485a-45d4-a14d-890053d26bcf,de.wikipedia.org,edit,2026-08-29T08:30:25.032Z,1787992224,267077405,270068220
6463283980,0,eqiad.mediawiki.recentchange,919d607a-0153-4aec-ba3c-9028ac2a2a55,en.wikipedia.org,edit,2026-08-29T08:30:25.046Z,1787992221,1370113002,1371914404
6463283981,0,eqiad.mediawiki.recentchange,0358aa2a-12d0-4d91-a2e2-54928a675a62,mg.wiktionary.org,edit,2026-08-29T08:30:25.068Z,1787992223,36751430,37585880
6463283982,0,eqiad.mediawiki.recentchange,03bcbca1-a149-49b5-a8a8-d035910634f3,ca.wikipedia.org,log,2026-08-29T08:30:25.090Z,1787992223,,
6463283983,0,eqiad.mediawiki.recentchange,cf774957-d121-4a1b-ace6-8a1c8241de73,ru.wikipedia.org,edit,2026-08-29T08:30:25.200Z,1787992220,154749850,154749895
6463283984,0,eqiad.mediawiki.recentchange,e43e731f-445a-4090-aa47-78d2ba976bef,commons.wikimedia.org,edit,2026-08-29T08:30:25.201Z,1787992224,1017150515,1269160025
6463283985,0,eqiad.mediawiki.recentchange,85fc245f-df37-4fd9-b146-01da36e70cdc,www.wikidata.org,edit,2026-08-29T08:30:25.207Z,1787992224,2536979159,2537675998
6463283986,0,eqiad.mediawiki.recentchange,5de724c5-8253-41b1-8d81-45f5857368c4,commons.wikimedia.org,log,2026-08-29T08:30:25.219Z,1787992224,,
6463283987,0,eqiad.mediawiki.recentchange,355315c5-f2ad-417b-8751-7bf10c81ca4e,commons.wikimedia.org,edit,2026-08-29T08:30:25.241Z,1787992224,1268344322,1269160026
6463283988,0,eqiad.mediawiki.recentchange,0609fdbd-736d-45fd-b487-e6162bb880a5,ce.wikipedia.org,edit,2026-08-29T08:30:25.281Z,1787992224,23712459,24422764
6463283989,0,eqiad.mediawiki.recentchange,44e05abe-a63e-42b3-80c3-e0619256ef0e,commons.wikimedia.org,edit,2026-08-29T08:30:25.369Z,1787992224,1086487023,1269160028
6463283990,0,eqiad.mediawiki.recentchange,757f0cda-6d45-48d2-adab-b1d27ed4d0bc,ce.wikipedia.org,categorize,2026-08-29T08:30:25.370Z,1787992220,,
6463283991,0,eqiad.mediawiki.recentchange,db3d819a-241f-4e90-beaf-748faeb7827d,ce.wikipedia.org,categorize,2026-08-29T08:30:25.392Z,1787992221,,
6463283992,0,eqiad.mediawiki.recentchange,d89b9298-d1b2-48f2-9d59-5b9f07b2dc83,id.wikipedia.org,categorize,2026-08-29T08:30:25.420Z,1787992222,,
6463283993,0,eqiad.mediawiki.recentchange,fa469f49-2c42-44df-aad6-ff673b345bd9,commons.wikimedia.org,log,2026-08-29T08:30:25.440Z,1787992224,,
6463283994,0,eqiad.mediawiki.recentchange,dee60843-03dc-40d5-bfa3-30c873e28230,id.wikipedia.org,categorize,2026-08-29T08:30:25.442Z,1787992222,,
6463283995,0,eqiad.mediawiki.recentchange,054f7ebd-a67b-467c-8c73-61d5bbcdc910,br.wiktionary.org,edit,2026-08-29T08:30:25.449Z,1787992224,386709,386711
6463283996,0,eqiad.mediawiki.recentchange,c69ae9df-0a58-400b-9501-7715fb1ab340,ca.wikipedia.org,categorize,2026-08-29T08:30:25.455Z,1787992223,,
6463283997,0,eqiad.mediawiki.recentchange,5a4fbbc7-d899-49f6-8fe1-21782cc01263,id.wikipedia.org,categorize,2026-08-29T08:30:25.462Z,1787992222,,
6463283998,0,eqiad.mediawiki.recentchange,5232f1a9-2ed1-4d6a-8661-5f710d9b4794,id.wikipedia.org,categorize,2026-08-29T08:30:25.486Z,1787992222,,
6463283999,0,eqiad.mediawiki.recentchange,7134e952-51d7-4c0b-b35f-240c9d664113,id.wikipedia.org,categorize,2026-08-29T08:30:25.504Z,1787992222,,
6463284000,0,eqiad.mediawiki.recentchange,5b041d9b-bfbd-4668-b2cc-f60bd47cc061,id.wikipedia.org,categorize,2026-08-29T08:30:25.525Z,1787992222,,
6463284001,0,eqiad.mediawiki.recentchange,407ba97e-156d-4585-9175-ef4f6ac16c73,ur.wikipedia.org,categorize,2026-08-29T08:30:25.533Z,1787992222,,
6463284002,0,eqiad.mediawiki.recentchange,80c5ebd5-06c2-41fd-8797-80cfa1ea89c0,id.wikipedia.org,categorize,2026-08-29T08:30:25.542Z,1787992222,,
6463284003,0,eqiad.mediawiki.recentchange,ecde09a4-1fcf-45ea-a59d-52d562aefde8,commons.wikimedia.org,edit,2026-08-29T08:30:25.555Z,1787992224,1127019856,1269160027
6463284004,0,eqiad.mediawiki.recentchange,e6826d40-4e74-4d40-8cbf-972bb6a47406,ur.wikipedia.org,categorize,2026-08-29T08:30:25.555Z,1787992222,,
6463284005,0,eqiad.mediawiki.recentchange,03732484-5a93-48e2-b2ca-2b6f15b443ff,id.wikipedia.org,categorize,2026-08-29T08:30:25.561Z,1787992222,,
6463284006,0,eqiad.mediawiki.recentchange,28fe558a-dfdf-40f2-ad98-b243329abfd9,id.wikipedia.org,categorize,2026-08-29T08:30:25.580Z,1787992222,,
6463284007,0,eqiad.mediawiki.recentchange,1166bb9f-fa6a-46b8-b897-699e947be42d,ur.wikipedia.org,categorize,2026-08-29T08:30:25.585Z,1787992222,,
6463284008,0,eqiad.mediawiki.recentchange,e321236f-0e14-46a8-8734-2fff1a539e22,id.wikipedia.org,categorize,2026-08-29T08:30:25.597Z,1787992222,,
6463284009,0,eqiad.mediawiki.recentchange,3b8a7be0-169e-4cf2-a84c-383cbf996145,commons.wikimedia.org,edit,2026-08-29T08:30:25.601Z,1787992224,1147166454,1269160030
6463284010,0,eqiad.mediawiki.recentchange,d20c2727-8b68-4920-b712-ff56ffd12ff6,ur.wikipedia.org,categorize,2026-08-29T08:30:25.606Z,1787992222,,
6463284011,0,eqiad.mediawiki.recentchange,9b09bab7-8077-4836-bc48-0bb7d9d48031,id.wikipedia.org,categorize,2026-08-29T08:30:25.615Z,1787992222,,
6463284012,0,eqiad.mediawiki.recentchange,8b373f73-1cff-45e4-9a99-d4ee1ebff34b,ur.wikipedia.org,categorize,2026-08-29T08:30:25.623Z,1787992222,,
6463284013,0,eqiad.mediawiki.recentchange,d5972d68-2e81-4764-9a4e-8217871daa7b,id.wikipedia.org,categorize,2026-08-29T08:30:25.634Z,1787992222,,
6463284014,0,eqiad.mediawiki.recentchange,477db6c3-8b31-4653-a840-685bafd8ca6a,ur.wikipedia.org,categorize,2026-08-29T08:30:25.643Z,1787992222,,
6463284015,0,eqiad.mediawiki.recentchange,4a377b32-e416-4ecc-a298-cdf09e8fd420,id.wikipedia.org,categorize,2026-08-29T08:30:25.654Z,1787992222,,
6463284016,0,eqiad.mediawiki.recentchange,ccdef1bf-433c-46ff-97ee-994e9196dcc2,ur.wikipedia.org,categorize,2026-08-29T08:30:25.666Z,1787992222,,
6463284017,0,eqiad.mediawiki.recentchange,f2ea8bb5-3859-437d-8000-22872ca9d0f4,id.wikipedia.org,categorize,2026-08-29T08:30:25.676Z,1787992222,,
6463284018,0,eqiad.mediawiki.recentchange,9e3fc0c3-922f-4396-8537-5eaa49aa0aa3,ur.wikipedia.org,categorize,2026-08-29T08:30:25.696Z,1787992222,,
6463284019,0,eqiad.mediawiki.recentchange,584136b7-f7ad-42b9-85c9-7e1c54ba94ee,id.wikipedia.org,categorize,2026-08-29T08:30:25.702Z,1787992222,,
6463284020,0,eqiad.mediawiki.recentchange,a07069f2-2e12-4d79-b3a0-60dd18c71f1e,ur.wikipedia.org,categorize,2026-08-29T08:30:25.720Z,1787992222,,
6463284021,0,eqiad.mediawiki.recentchange,5953a36a-eb1e-462e-9daa-8ed54d0abc31,commons.wikimedia.org,categorize,2026-08-29T08:30:25.729Z,1787992224,,
6463284022,0,eqiad.mediawiki.recentchange,9e8c3477-be0e-41ce-89ab-34fd2e25306a,id.wikipedia.org,categorize,2026-08-29T08:30:25.729Z,1787992222,,
6463284023,0,eqiad.mediawiki.recentchange,3bf33dc3-e79e-407c-81ad-e9d3455a19b0,ur.wikipedia.org,categorize,2026-08-29T08:30:25.745Z,1787992222,,
6463284024,0,eqiad.mediawiki.recentchange,39e2e21c-d055-4ae1-b17f-9d88e148cb59,commons.wikimedia.org,categorize,2026-08-29T08:30:25.757Z,1787992224,,
6463284025,0,eqiad.mediawiki.recentchange,dfe13f54-9f31-4069-83ff-175c028dbe2a,id.wikipedia.org,categorize,2026-08-29T08:30:25.766Z,1787992222,,
6463284026,0,eqiad.mediawiki.recentchange,caf47c7f-ed5f-41fb-8faf-9f3167f8d4a3,ur.wikipedia.org,categorize,2026-08-29T08:30:25.771Z,1787992222,,
6463284027,0,eqiad.mediawiki.recentchange,9029dac4-af70-4490-bd2a-44565b3b1361,commons.wikimedia.org,categorize,2026-08-29T08:30:25.786Z,1787992224,,
6463284028,0,eqiad.mediawiki.recentchange,3a8d4bb9-6b78-4266-a94b-b3e4ed067ffe,www.wikidata.org,edit,2026-08-29T08:30:25.791Z,1787992225,2537675997,2537676001
6463284029,0,eqiad.mediawiki.recentchange,6bc63f09-72fa-4f87-911b-eb6e606b018a,id.wikipedia.org,categorize,2026-08-29T08:30:25.796Z,1787992222,,
6463284030,0,eqiad.mediawiki.recentchange,535de580-0e3b-4840-8a22-8e9aad343f14,ur.wikipedia.org,categorize,2026-08-29T08:30:25.798Z,1787992222,,
6463284031,0,eqiad.mediawiki.recentchange,43cefdcd-2a07-4f49-9dd2-ca59d30b3922,commons.wikimedia.org,categorize,2026-08-29T08:30:25.807Z,1787992223,,
6463284032,0,eqiad.mediawiki.recentchange,5e6788ab-0c4c-4028-8a72-38102462f83a,commons.wikimedia.org,categorize,2026-08-29T08:30:25.810Z,1787992224,,
6463284033,0,eqiad.mediawiki.recentchange,294b8174-bafc-4dd0-b15a-383f50b464fb,www.wikidata.org,edit,2026-08-29T08:30:25.810Z,1787992225,2537675996,2537675999
6463284034,0,eqiad.mediawiki.recentchange,d710e616-3e21-4124-99c9-5259ba67d3e7,ur.wikipedia.org,categorize,2026-08-29T08:30:25.827Z,1787992222,,
6463284035,0,eqiad.mediawiki.recentchange,baf210eb-bd99-44ee-a5ee-76eec7b20c3c,commons.wikimedia.org,categorize,2026-08-29T08:30:25.834Z,1787992223,,
6463284036,0,eqiad.mediawiki.recentchange,28661859-657e-41da-8d5e-672d74be74ed,commons.wikimedia.org,categorize,2026-08-29T08:30:25.864Z,1787992223,,
6463284037,0,eqiad.mediawiki.recentchange,2b7f65c5-a4b5-4c2c-b0fe-caa5e4365996,commons.wikimedia.org,categorize,2026-08-29T08:30:25.885Z,1787992223,,
6463284038,0,eqiad.mediawiki.recentchange,c783681f-1261-49bd-bbe0-6a559f3b8a99,www.wikidata.org,edit,2026-08-29T08:30:25.885Z,1787992225,2514556058,2537676000
6463284039,0,eqiad.mediawiki.recentchange,b647bdda-05e9-477a-9b97-e1a7da50930c,commons.wikimedia.org,categorize,2026-08-29T08:30:25.903Z,1787992225,,
6463284040,0,eqiad.mediawiki.recentchange,f774ca36-a3aa-4ae6-9392-7bac61f17f69,commons.wikimedia.org,categorize,2026-08-29T08:30:25.904Z,1787992223,,
6463284041,0,eqiad.mediawiki.recentchange,57b85083-9593-472a-93b9-d1597af8e513,commons.wikimedia.org,categorize,2026-08-29T08:30:25.923Z,1787992225,,
6463284042,0,eqiad.mediawiki.recentchange,ed990982-1861-4007-a546-19494114e907,commons.wikimedia.org,categorize,2026-08-29T08:30:25.924Z,1787992223,,
6463284043,0,eqiad.mediawiki.recentchange,b5fe60f5-4016-4871-89b5-3b27312b64a2,commons.wikimedia.org,categorize,2026-08-29T08:30:25.942Z,1787992225,,
6463284044,0,eqiad.mediawiki.recentchange,13c97e7c-e93d-4cde-9831-466e29b16baa,commons.wikimedia.org,categorize,2026-08-29T08:30:25.944Z,1787992223,,
6463284045,0,eqiad.mediawiki.recentchange,cfb1d4f8-32c3-43e8-a3c0-f1f7f8d0b2bc,commons.wikimedia.org,categorize,2026-08-29T08:30:25.958Z,1787992225,,
6463284046,0,eqiad.mediawiki.recentchange,17ff0386-12de-469e-a163-ffc510d1db1f,commons.wikimedia.org,categorize,2026-08-29T08:30:25.965Z,1787992223,,
6463284047,0,eqiad.mediawiki.recentchange,0c14d84a-73e5-44a9-9192-cef7f35fc359,commons.wikimedia.org,categorize,2026-08-29T08:30:25.976Z,1787992225,,
6463284048,0,eqiad.mediawiki.recentchange,20ccd1f4-fa38-4bd4-80d1-0098fb921804,commons.wikimedia.org,edit,2026-08-29T08:30:25.980Z,1787992225,990104926,1269160034
6463284049,0,eqiad.mediawiki.recentchange,c76f85a2-acc6-4100-880e-3a904cfa362c,commons.wikimedia.org,categorize,2026-08-29T08:30:25.983Z,1787992223,,
6463284050,0,eqiad.mediawiki.recentchange,07e2cd5c-9910-4f32-9192-b9e10f8b3b33,commons.wikimedia.org,categorize,2026-08-29T08:30:25.992Z,1787992225,,
6463284051,0,eqiad.mediawiki.recentchange,0f38f0f3-cf8b-4edd-80d2-13dfd7bce9b1,commons.wikimedia.org,categorize,2026-08-29T08:30:26.016Z,1787992225,,
6463284052,0,eqiad.mediawiki.recentchange,df7f05b7-a47e-49ba-afa6-f48c07800b9f,fr.wikipedia.org,edit,2026-08-29T08:30:26.032Z,1787992224,170680696,239048230
6463284053,0,eqiad.mediawiki.recentchange,b791b720-ede0-48e1-86b6-490f53a4f7df,ce.wikipedia.org,categorize,2026-08-29T08:30:26.083Z,1787992224,,
6463284054,0,eqiad.mediawiki.recentchange,ddd4d7f2-1a3d-4669-9ea4-69bdadce6a9a,commons.wikimedia.org,log,2026-08-29T08:30:26.284Z,1787992225,,
6463284055,0,eqiad.mediawiki.recentchange,3586b5e6-7696-4788-950b-54397b5064ec,commons.wikimedia.org,edit,2026-08-29T08:30:26.356Z,1787992224,1003070674,1269160031
6463284056,0,eqiad.mediawiki.recentchange,ea307767-19b6-4cdf-83ad-c3d9c18b12b0,mg.wiktionary.org,categorize,2026-08-29T08:30:26.359Z,1787992223,,
6463284057,0,eqiad.mediawiki.recentchange,636dc1d1-0a61-4f03-b99c-849ef90d38a7,mg.wiktionary.org,categorize,2026-08-29T08:30:26.380Z,1787992223,,
6463284058,0,eqiad.mediawiki.recentchange,13336750-17a2-457f-9957-660082ae8432,fr.wikipedia.org,edit,2026-08-29T08:30:26.390Z,1787992225,238279386,239048231
6463284059,0,eqiad.mediawiki.recentchange,99a71510-76f8-406e-b819-f082d7ddf88a,pl.wiktionary.org,edit,2026-08-29T08:30:26.402Z,1787992225,8865516,8865532
6463284060,0,eqiad.mediawiki.recentchange,bca0fc08-fa20-4d3a-b57e-97e3c08d439d,commons.wikimedia.org,edit,2026-08-29T08:30:26.490Z,1787992226,764627013,1269160036
6463284061,0,eqiad.mediawiki.recentchange,2f6a484c-9296-4418-98de-1f4523c43dcb,ce.wikipedia.org,edit,2026-08-29T08:30:26.494Z,1787992225,23712460,24422765
6463284062,0,eqiad.mediawiki.recentchange,d62565ad-4e49-4b59-8673-34a000033136,commons.wikimedia.org,log,2026-08-29T08:30:26.610Z,1787992225,,
6463284063,0,eqiad.mediawiki.recentchange,18c922a9-0d42-4e90-b93c-7619709aa3d9,commons.wikimedia.org,categorize,2026-08-29T08:30:26.651Z,1787992224,,
6463284064,0,eqiad.mediawiki.recentchange,29da3bf5-7e29-4657-859e-034708e298e4,www.wikidata.org,edit,2026-08-29T08:30:26.664Z,1787992226,1574186458,2537676002
6463284065,0,eqiad.mediawiki.recentchange,d7952603-dc49-415e-9f08-fe18944dbbc4,commons.wikimedia.org,categorize,2026-08-29T08:30:26.673Z,1787992224,,
6463284066,0,eqiad.mediawiki.recentchange,7f34e19c-a0aa-4866-b1e1-8a969d88fe0d,commons.wikimedia.org,edit,2026-08-29T08:30:26.686Z,1787992226,1263549434,1269160038
6463284067,0,eqiad.mediawiki.recentchange,4854f14f-f1a2-4f28-bf58-9fc055b1195c,commons.wikimedia.org,categorize,2026-08-29T08:30:26.691Z,1787992224,,
6463284068,0,eqiad.mediawiki.recentchange,8164af38-ba39-4db7-8b97-248189322c93,commons.wikimedia.org,categorize,2026-08-29T08:30:26.716Z,1787992225,,
6463284069,0,eqiad.mediawiki.recentchange,1821988e-f207-4bdc-b8f9-ff3d79a2c34c,commons.wikimedia.org,categorize,2026-08-29T08:30:26.721Z,1787992224,,
6463284070,0,eqiad.mediawiki.recentchange,64b361da-36a1-4c37-ad02-4bbfde7eee64,commons.wikimedia.org,categorize,2026-08-29T08:30:26.735Z,1787992225,,
6463284071,0,eqiad.mediawiki.recentchange,ef1cb6c5-d188-417a-9650-6ea47550d6b4,commons.wikimedia.org,categorize,2026-08-29T08:30:26.741Z,1787992224,,
6463284072,0,eqiad.mediawiki.recentchange,e638f918-c1da-4ed4-91e0-33ebee2afb09,commons.wikimedia.org,categorize,2026-08-29T08:30:26.755Z,1787992225,,
6463284073,0,eqiad.mediawiki.recentchange,18e164c7-09ad-45ea-98bb-201071885f9b,commons.wikimedia.org,categorize,2026-08-29T08:30:26.762Z,1787992224,,
6463284074,0,eqiad.mediawiki.recentchange,60748e50-738e-487b-9721-73260660b943,commons.wikimedia.org,categorize,2026-08-29T08:30:26.776Z,1787992225,,
6463284075,0,eqiad.mediawiki.recentchange,47de40d5-2d85-4728-83b9-5f821cc2557f,commons.wikimedia.org,categorize,2026-08-29T08:30:26.781Z,1787992224,,
6463284076,0,eqiad.mediawiki.recentchange,bfa9ffb9-77c2-431c-aa49-84578dea9d4f,commons.wikimedia.org,edit,2026-08-29T08:30:26.789Z,1787992225,1268342353,1269160039
6463284077,0,eqiad.mediawiki.recentchange,b3f9de42-48bf-4bf5-9fee-f53f287009b6,www.wikidata.org,edit,2026-08-29T08:30:26.791Z,1787992226,2447373819,2537676003
6463284078,0,eqiad.mediawiki.recentchange,19b3ffaa-7c78-43d8-b35e-49a6808c9700,commons.wikimedia.org,categorize,2026-08-29T08:30:26.796Z,1787992225,,
6463284079,0,eqiad.mediawiki.recentchange,34c6511c-4c69-45fd-8be3-b151e1c73a1f,commons.wikimedia.org,categorize,2026-08-29T08:30:26.801Z,1787992224,,
6463284080,0,eqiad.mediawiki.recentchange,67171906-92f2-4119-8b27-a483a5da2bff,commons.wikimedia.org,categorize,2026-08-29T08:30:26.816Z,1787992225,,
6463284081,0,eqiad.mediawiki.recentchange,5ac03588-4a52-44af-9944-1f9e9d383f36,commons.wikimedia.org,categorize,2026-08-29T08:30:26.821Z,1787992224,,
6463284082,0,eqiad.mediawiki.recentchange,9e8cc28d-88f5-417c-a96a-b6d50dcf700f,commons.wikimedia.org,categorize,2026-08-29T08:30:26.832Z,1787992225,,
6463284083,0,eqiad.mediawiki.recentchange,0df8d58b-6f93-49ff-9dd3-5099e7ba1ad5,commons.wikimedia.org,categorize,2026-08-29T08:30:26.838Z,1787992224,,
6463284084,0,eqiad.mediawiki.recentchange,b586dac7-2d40-4d90-8789-b1c2dd048e57,commons.wikimedia.org,log,2026-08-29T08:30:26.881Z,1787992224,,
6463284085,0,eqiad.mediawiki.recentchange,f34b88c1-82b2-41b1-b43f-4ecda9c7d954,uk.wikipedia.org,edit,2026-08-29T08:30:26.919Z,1787992225,46842584,48719968
6463284086,0,eqiad.mediawiki.recentchange,51c3ee57-0457-4f00-a08b-d24a79ac22b9,commons.wikimedia.org,edit,2026-08-29T08:30:26.967Z,1787992225,1232365923,1269160037
6463284087,0,eqiad.mediawiki.recentchange,5346d1e1-e7df-4d28-85fa-1d12cc3539d5,www.wikidata.org,edit,2026-08-29T08:30:27.065Z,1787992226,2537676002,2537676004
6463284088,0,eqiad.mediawiki.recentchange,f81fbb77-6c54-4e7e-b101-1d291a35969b,ms.wikipedia.org,edit,2026-08-29T08:30:27.073Z,1787992225,6943538,6943842
6463284089,0,eqiad.mediawiki.recentchange,c4c3cd2f-bcf8-46ef-823b-1f58d73916b3,commons.wikimedia.org,categorize,2026-08-29T08:30:27.181Z,1787992225,,
6463284090,0,eqiad.mediawiki.recentchange,ded0dfae-b27e-43c4-b722-1110d839bfce,commons.wikimedia.org,edit,2026-08-29T08:30:27.187Z,1787992226,994563967,1269160040
6463284091,0,eqiad.mediawiki.recentchange,a3c91f52-eded-407d-9667-aefe5c595764,commons.wikimedia.org,categorize,2026-08-29T08:30:27.199Z,1787992225,,
6463284092,0,eqiad.mediawiki.recentchange,cf216daf-ba26-4c0e-85a3-cf3dae74b141,commons.wikimedia.org,categorize,2026-08-29T08:30:27.219Z,1787992225,,
6463284093,0,eqiad.mediawiki.recentchange,4886ffb1-895c-4cb4-9102-79fea84d095d,en.wikipedia.org,edit,2026-08-29T08:30:27.236Z,1787992217,1368593195,1371914397
6463284094,0,eqiad.mediawiki.recentchange,797b6f14-2759-4feb-b4f2-0d5f09950bcc,commons.wikimedia.org,categorize,2026-08-29T08:30:27.243Z,1787992225,,
6463284095,0,eqiad.mediawiki.recentchange,2b2cfb11-f481-4b2e-9a53-8e78c2a06930,commons.wikimedia.org,categorize,2026-08-29T08:30:27.271Z,1787992225,,
6463284096,0,eqiad.mediawiki.recentchange,7b7119da-6109-4ef7-93d1-0b28f6c7560f,commons.wikimedia.org,categorize,2026-08-29T08:30:27.290Z,1787992225,,
6463284097,0,eqiad.mediawiki.recentchange,b25d740c-3a27-4bb5-a7d7-700743cd736c,commons.wikimedia.org,categorize,2026-08-29T08:30:27.310Z,1787992225,,
6463284098,0,eqiad.mediawiki.recentchange,d162567d-4720-43b4-80b8-eb731967afce,www.wikidata.org,edit,2026-08-29T08:30:27.470Z,1787992227,2537675944,2537676005
6463284099,0,eqiad.mediawiki.recentchange,a8dda8d5-1a08-4db4-9880-f6e611b75059,ce.wikipedia.org,categorize,2026-08-29T08:30:27.538Z,1787992225,,
6463284100,0,eqiad.mediawiki.recentchange,20eb4da8-ebf0-41f0-a16c-d2c50da77f90,ce.wikipedia.org,categorize,2026-08-29T08:30:27.557Z,1787992223,,
6463284101,0,eqiad.mediawiki.recentchange,94de85bc-8369-4f43-aad0-e107b664042c,commons.wikimedia.org,categorize,2026-08-29T08:30:27.799Z,1787992225,,
6463284102,0,eqiad.mediawiki.recentchange,a743f5b6-504f-465b-a249-1e04b57ebb37,commons.wikimedia.org,categorize,2026-08-29T08:30:27.820Z,1787992225,,
6463284103,0,eqiad.mediawiki.recentchange,f91b3ee1-294e-41e9-bd42-94250ddd0405,commons.wikimedia.org,categorize,2026-08-29T08:30:27.837Z,1787992225,,
6463284104,0,eqiad.mediawiki.recentchange,3b13f6aa-04a8-49f4-bd3e-ed97c53e19f0,www.wikidata.org,edit,2026-08-29T08:30:27.852Z,1787992227,2447367061,2537676006
6463284105,0,eqiad.mediawiki.recentchange,5f28d3ba-9093-454b-a0cc-e9bd82d3870a,commons.wikimedia.org,categorize,2026-08-29T08:30:27.863Z,1787992225,,
6463284106,0,eqiad.mediawiki.recentchange,a1e2562b-d7fe-4acd-b085-f358d0e32770,de.wikipedia.org,edit,2026-08-29T08:30:27.872Z,1787992226,270068052,270068221
6463284107,0,eqiad.mediawiki.recentchange,268e39df-8ffe-4906-b39c-b9eadd9b8d04,commons.wikimedia.org,categorize,2026-08-29T08:30:27.888Z,1787992225,,
6463284108,0,eqiad.mediawiki.recentchange,9d2c1d3d-9a0d-42c2-a754-efeefcd06f81,www.wikidata.org,edit,2026-08-29T08:30:27.892Z,1787992227,2537675953,2537676007
6463284109,0,eqiad.mediawiki.recentchange,29b71936-cc87-441c-ac25-343e5b090ca9,commons.wikimedia.org,edit,2026-08-29T08:30:27.904Z,1787992227,1127019868,1269160043
6463284110,0,eqiad.mediawiki.recentchange,7b00d891-b971-4f3f-b0d5-dd82368065cd,commons.wikimedia.org,categorize,2026-08-29T08:30:27.920Z,1787992225,,
6463284111,0,eqiad.mediawiki.recentchange,317172f8-268d-41e3-93c1-69e089ac0b8d,commons.wikimedia.org,categorize,2026-08-29T08:30:27.931Z,1787992225,,
6463284112,0,eqiad.mediawiki.recentchange,255e05c1-9cc2-46c1-b293-1ed605b4c5ce,commons.wikimedia.org,categorize,2026-08-29T08:30:27.954Z,1787992225,,
6463284113,0,eqiad.mediawiki.recentchange,77e4e16e-5f86-4be2-b072-f71f3f5a5ab6,commons.wikimedia.org,categorize,2026-08-29T08:30:27.960Z,1787992225,,
6463284114,0,eqiad.mediawiki.recentchange,cabec0ba-6950-4c7a-a363-02c74fdcdc5a,fr.wikipedia.org,categorize,2026-08-29T08:30:27.966Z,1787992224,,
6463284115,0,eqiad.mediawiki.recentchange,5e1e3411-4afb-4c11-8f90-367621db5180,commons.wikimedia.org,categorize,2026-08-29T08:30:27.979Z,1787992225,,
6463284116,0,eqiad.mediawiki.recentchange,753c78e7-0bdc-4b7f-98eb-5e231ecb5b7e,en.wikipedia.org,edit,2026-08-29T08:30:27.986Z,1787992223,1371369940,1371914405
6463284117,0,eqiad.mediawiki.recentchange,7c50cfcf-229f-44e3-a5e4-37c86be286ff,commons.wikimedia.org,categorize,2026-08-29T08:30:27.990Z,1787992225,,
6463284118,0,eqiad.mediawiki.recentchange,2c118f62-f992-4e7d-9c5a-ced6d0fc1773,www.wikidata.org,edit,2026-08-29T08:30:27.994Z,1787992227,2537676004,2537676009
6463284119,0,eqiad.mediawiki.recentchange,fca8f55e-7914-4220-9ca2-e4fee9f98641,fr.wikipedia.org,categorize,2026-08-29T08:30:28.002Z,1787992224,,
6463284120,0,eqiad.mediawiki.recentchange,b9b4b5e4-6ae7-421b-bf92-31d1a8beeabd,commons.wikimedia.org,categorize,2026-08-29T08:30:28.009Z,1787992225,,
6463284121,0,eqiad.mediawiki.recentchange,13092f00-a7a0-4a03-9e50-9fffcc90f491,commons.wikimedia.org,categorize,2026-08-29T08:30:28.015Z,1787992225,,
6463284122,0,eqiad.mediawiki.recentchange,82767aff-2404-4d82-8a13-6a84752d901e,fr.wikipedia.org,categorize,2026-08-29T08:30:28.023Z,1787992224,,
6463284123,0,eqiad.mediawiki.recentchange,665a2e68-9818-4243-ad3b-6bc0b9134507,commons.wikimedia.org,categorize,2026-08-29T08:30:28.032Z,1787992225,,
6463284124,0,eqiad.mediawiki.recentchange,5fbba9ca-4099-4be0-afb1-4eb4dae165fd,commons.wikimedia.org,edit,2026-08-29T08:30:28.056Z,1787992227,1071516543,1269160044
6463284125,0,eqiad.mediawiki.recentchange,36ca18ae-4ba7-4d6b-8170-176981622f5f,en.wikipedia.org,edit,2026-08-29T08:30:28.068Z,1787992227,1309789340,1371914406
6463284126,0,eqiad.mediawiki.recentchange,45634d10-df8e-4d3b-b7b1-64129d6108ba,uk.wikipedia.org,edit,2026-08-29T08:30:28.126Z,1787992227,46850844,48719969
6463284127,0,eqiad.mediawiki.recentchange,fad4c601-b305-4e7e-882f-5935dcca6b66,fr.wikipedia.org,categorize,2026-08-29T08:30:28.220Z,1787992225,,
6463284128,0,eqiad.mediawiki.recentchange,fbe29b77-64f3-493a-b31c-6f4f4e5438eb,www.wikidata.org,edit,2026-08-29T08:30:28.286Z,1787992227,2269815171,2537676008
6463284129,0,eqiad.mediawiki.recentchange,654693cc-ba06-4ac7-bf4b-0842e6357970,en.wikipedia.org,log,2026-08-29T08:30:28.374Z,1787992228,,
6463284130,0,eqiad.mediawiki.recentchange,897b31c6-d6f8-45c2-8c06-c508fc78d7bb,gl.wikipedia.org,edit,2026-08-29T08:30:28.380Z,1787992226,7155584,7658717
6463284131,0,eqiad.mediawiki.recentchange,d242faad-4db8-4e03-9a5b-d563b654fc25,nl.wikipedia.org,new,2026-08-29T08:30:28.470Z,1787992228,,71848079
6463284132,0,eqiad.mediawiki.recentchange,db747c93-e765-4d4d-9a9c-63523ef29dd6,commons.wikimedia.org,edit,2026-08-29T08:30:28.473Z,1787992225,1267566928,1269160041
6463284133,0,eqiad.mediawiki.recentchange,be0d04ae-6acd-4a02-94c1-17e53e5f70f5,commons.wikimedia.org,edit,2026-08-29T08:30:28.475Z,1787992227,1269159526,1269160046
6463284134,0,eqiad.mediawiki.recentchange,a1d64e95-67b2-4d53-b569-88d75c6c2cc3,en.wikipedia.org,categorize,2026-08-29T08:30:28.508Z,1787992227,,
6463284135,0,eqiad.mediawiki.recentchange,863b9c97-321b-4172-8f29-bbb87978b48a,en.wikipedia.org,categorize,2026-08-29T08:30:28.528Z,1787992227,,
6463284136,0,eqiad.mediawiki.recentchange,8a7c36c2-e749-4db6-87ba-898c0b4f0bcd,commons.wikimedia.org,edit,2026-08-29T08:30:28.542Z,1787992227,1221540783,1269160045
6463284137,0,eqiad.mediawiki.recentchange,e3ef8b4a-f704-4bcf-8954-288c5e459646,fr.wikipedia.org,edit,2026-08-29T08:30:28.560Z,1787992227,236013631,239048232
6463284138,0,eqiad.mediawiki.recentchange,1038df2b-6ac2-401f-b217-099beeb39fc3,commons.wikimedia.org,log,2026-08-29T08:30:28.660Z,1787992226,,
6463284139,0,eqiad.mediawiki.recentchange,e9b4d531-b450-4434-8962-f37bcee388b0,ce.wikipedia.org,edit,2026-08-29T08:30:28.669Z,1787992227,23712462,24422767
6463284140,0,eqiad.mediawiki.recentchange,f3146289-9faf-43c5-a390-ecf099003f39,nn.wikipedia.org,edit,2026-08-29T08:30:28.677Z,1787992227,3444838,3668852
6463284141,0,eqiad.mediawiki.recentchange,76c86029-c136-40cf-9996-a52460628e02,ur.wikipedia.org,edit,2026-08-29T08:30:28.861Z,1787992228,9045900,11840610
6463284142,0,eqiad.mediawiki.recentchange,372cefa8-45e4-49ce-8eba-18fbe02c748b,be.wikisource.org,new,2026-08-29T08:30:28.927Z,1787992228,,296337
6463284143,0,eqiad.mediawiki.recentchange,2c3a4b47-643d-45a1-b353-d48b8a2698e5,www.wikidata.org,edit,2026-08-29T08:30:28.926Z,1787992228,2453072563,2537676010
6463284144,0,eqiad.mediawiki.recentchange,e4623fc1-9dfb-4582-b617-32e3b32da39d,id.wikipedia.org,new,2026-08-29T08:30:28.943Z,1787992228,,29663081
6463284145,0,eqiad.mediawiki.recentchange,4aad8d2c-5f41-4e46-b7f5-fd20c0c676ef,ce.wikipedia.org,edit,2026-08-29T08:30:28.953Z,1787992226,23712461,24422766
6463284146,0,eqiad.mediawiki.recentchange,633160f2-f122-4b47-8902-1a064344a315,en.wikipedia.org,log,2026-08-29T08:30:28.959Z,1787992228,,
6463284147,0,eqiad.mediawiki.recentchange,194c7b21-2c55-424c-90f0-ebe069555be2,www.wikidata.org,edit,2026-08-29T08:30:28.997Z,1787992228,2537675950,2537676012
6463284148,0,eqiad.mediawiki.recentchange,a35cbae0-6795-4c35-9e76-ab52f7f6b001,it.wikipedia.org,edit,2026-08-29T08:30:29.010Z,1787992227,152199380,152239622
6463284149,0,eqiad.mediawiki.recentchange,d47b25bb-65d2-4ea4-b4c8-4c864f0ba2e9,en.wikipedia.org,edit,2026-08-29T08:30:29.038Z,1787992228,1366017254,1371914407
6463284150,0,eqiad.mediawiki.recentchange,663dae45-42c9-486e-833d-91001b65b627,www.wikidata.org,edit,2026-08-29T08:30:29.038Z,1787992228,2537675877,2537676014
6463284151,0,eqiad.mediawiki.recentchange,deef6c86-5e08-45e1-ae46-554bbe1abc1e,www.wikidata.org,edit,2026-08-29T08:30:29.079Z,1787992228,2537675830,2537676016
6463284152,0,eqiad.mediawiki.recentchange,93f69f2b-de67-46be-bb92-48223374bc9d,commons.wikimedia.org,edit,2026-08-29T08:30:29.162Z,1787992228,1268866502,1269160047
6463284153,0,eqiad.mediawiki.recentchange,37a4aa1e-8b7a-4b6e-aa1e-aef3a0e23bca,www.wikidata.org,edit,2026-08-29T08:30:29.170Z,1787992228,2537675703,2537676013
6463284154,0,eqiad.mediawiki.recentchange,72dce79f-4773-4911-aa30-bc4fbee2b435,commons.wikimedia.org,edit,2026-08-29T08:30:29.201Z,1787992228,975830565,1269160048
6463284155,0,eqiad.mediawiki.recentchange,b94aa6dd-91bd-4652-9d8a-b04df934ee6d,www.wikidata.org,edit,2026-08-29T08:30:29.211Z,1787992228,1574365413,2537676011
6463284156,0,eqiad.mediawiki.recentchange,c8ee110e-519a-47a2-80c9-ff424f551cec,pl.wikipedia.org,edit,2026-08-29T08:30:29.232Z,1787992227,80583918,80583931
6463284157,0,eqiad.mediawiki.recentchange,6c3e2291-9f54-4986-915b-822df60e0f7d,www.wikidata.org,edit,2026-08-29T08:30:29.306Z,1787992228,2537675889,2537676017
6463284158,0,eqiad.mediawiki.recentchange,4ea60cac-cb65-4b47-bbdc-e8dc2cbd7cbc,www.wikidata.org,edit,2026-08-29T08:30:29.391Z,1787992228,2537676008,2537676015
6463284159,0,eqiad.mediawiki.recentchange,2b673375-4d06-4d7f-b36b-6f135d52c053,commons.wikimedia.org,edit,2026-08-29T08:30:29.408Z,1787992229,1269160029,1269160049
6463284160,0,eqiad.mediawiki.recentchange,8c4a4cb0-538e-4795-9634-770891d58bd0,www.wikidata.org,edit,2026-08-29T08:30:29.525Z,1787992229,2537676011,2537676018
6463284161,0,eqiad.mediawiki.recentchange,6255dee1-948f-416b-9244-5a6fc1b6cc7e,commons.wikimedia.org,edit,2026-08-29T08:30:29.652Z,1787992229,800525367,1269160050
6463284162,0,eqiad.mediawiki.recentchange,8da9f296-ab8d-4bb0-bb48-f58f739a51dc,commons.wikimedia.org,categorize,2026-08-29T08:30:29.693Z,1787992227,,
6463284163,0,eqiad.mediawiki.recentchange,5dc18e72-c2e9-4c73-8b9d-52bebbaefe5a,commons.wikimedia.org,categorize,2026-08-29T08:30:29.713Z,1787992227,,
6463284164,0,eqiad.mediawiki.recentchange,53f7747e-3af8-4d6e-8c7a-afe27926b54a,commons.wikimedia.org,categorize,2026-08-29T08:30:29.728Z,1787992226,,
6463284165,0,eqiad.mediawiki.recentchange,57a159e4-d884-4d8c-a42c-0d5a3dcab40d,commons.wikimedia.org,categorize,2026-08-29T08:30:29.734Z,1787992227,,
6463284166,0,eqiad.mediawiki.recentchange,cd8ade1f-e4e0-4397-a39c-37fd1318839f,commons.wikimedia.org,categorize,2026-08-29T08:30:29.749Z,1787992228,,
6463284167,0,eqiad.mediawiki.recentchange,d5463d81-2a89-4304-b4f8-dafb6710f11c,commons.wikimedia.org,categorize,2026-08-29T08:30:29.750Z,1787992226,,
6463284168,0,eqiad.mediawiki.recentchange,c343b3b8-ab55-438c-8919-3fcd7e3a3f21,commons.wikimedia.org,categorize,2026-08-29T08:30:29.752Z,1787992227,,
6463284169,0,eqiad.mediawiki.recentchange,caa34b7a-4c64-4d94-aecb-67c1876a4c02,commons.wikimedia.org,categorize,2026-08-29T08:30:29.768Z,1787992228,,
6463284170,0,eqiad.mediawiki.recentchange,71a50530-0225-4a6c-82ef-77abe80b1f2f,commons.wikimedia.org,categorize,2026-08-29T08:30:29.772Z,1787992226,,
6463284171,0,eqiad.mediawiki.recentchange,75c5ed95-1478-4e21-980d-2ab3f8048060,commons.wikimedia.org,categorize,2026-08-29T08:30:29.776Z,1787992227,,
6463284172,0,eqiad.mediawiki.recentchange,4aba9698-4ba1-4981-8209-eaea82f982f8,commons.wikimedia.org,categorize,2026-08-29T08:30:29.796Z,1787992228,,
6463284173,0,eqiad.mediawiki.recentchange,aa1782ba-4b71-4895-be16-7e85cbd15327,commons.wikimedia.org,categorize,2026-08-29T08:30:29.801Z,1787992226,,
6463284174,0,eqiad.mediawiki.recentchange,7a4135ed-4471-4379-a769-0020c502aa94,commons.wikimedia.org,categorize,2026-08-29T08:30:29.798Z,1787992227,,
6463284175,0,eqiad.mediawiki.recentchange,5acaefc0-bd45-4d02-b949-b1eedbe8dc72,commons.wikimedia.org,categorize,2026-08-29T08:30:29.816Z,1787992228,,
6463284176,0,eqiad.mediawiki.recentchange,9845623c-3ba6-4a5e-8923-9a34f379eec3,commons.wikimedia.org,categorize,2026-08-29T08:30:29.820Z,1787992226,,
6463284177,0,eqiad.mediawiki.recentchange,b324c3a0-59a8-484e-a4f7-97c2fb27a605,commons.wikimedia.org,categorize,2026-08-29T08:30:29.819Z,1787992227,,
6463284178,0,eqiad.mediawiki.recentchange,1384167a-8f34-4b36-bf3a-989e51af8c26,pl.wikipedia.org,edit,2026-08-29T08:30:29.828Z,1787992227,80562043,80583932
6463284179,0,eqiad.mediawiki.recentchange,993968e2-a55e-453a-9639-f14dedd4a2fa,www.wikidata.org,edit,2026-08-29T08:30:29.853Z,1787992229,2447362161,2537676019
6463284180,0,eqiad.mediawiki.recentchange,a12cec2c-9ca5-4476-850a-06005c4db648,es.wikipedia.org,edit,2026-08-29T08:30:29.879Z,1787992226,174664412,175090512
6463284181,0,eqiad.mediawiki.recentchange,1c8b4e66-8b0a-499c-a108-b77ab7a32785,nn.wikipedia.org,categorize,2026-08-29T08:30:29.918Z,1787992227,,
6463284182,0,eqiad.mediawiki.recentchange,a26a3337-7df8-47b5-bd86-ddf81f97dd8d,nn.wikipedia.org,categorize,2026-08-29T08:30:29.939Z,1787992227,,
6463284183,0,eqiad.mediawiki.recentchange,05fc3308-668d-4af5-928f-90406f18daf4,ms.wikipedia.org,edit,2026-08-29T08:30:29.986Z,1787992228,6942204,6943843
6463284184,0,eqiad.mediawiki.recentchange,664c79c4-0f2f-47ea-a290-231b64906c6d,ce.wikipedia.org,categorize,2026-08-29T08:30:30.057Z,1787992227,,
6463284185,0,eqiad.mediawiki.recentchange,99fcc416-c3ab-480f-9afe-b0db64bff84c,zh.wikipedia.org,edit,2026-08-29T08:30:30.130Z,1787992226,93871477,94090708
6463284186,0,eqiad.mediawiki.recentchange,0eb03bf7-85c8-44bd-a02a-a0805661c1b8,uk.wikipedia.org,edit,2026-08-29T08:30:30.170Z,1787992229,46797199,48719970
6463284187,0,eqiad.mediawiki.recentchange,0403b041-1344-435e-ac21-1c18731ed35e,www.wikidata.org,edit,2026-08-29T08:30:30.293Z,1787992229,2246842306,2537676020
6463284188,0,eqiad.mediawiki.recentchange,4db65b58-7ca0-4f4e-8c8a-7f55f0178385,ce.wikipedia.org,categorize,2026-08-29T08:30:30.307Z,1787992226,,
6463284189,0,eqiad.mediawiki.recentchange,e1766520-bbc3-47df-9486-e849f6ce489f,commons.wikimedia.org,categorize,2026-08-29T08:30:30.341Z,1787992229,,
6463284190,0,eqiad.mediawiki.recentchange,2b69905b-de19-4704-8c22-8279e7b5eae4,www.wikidata.org,edit,2026-08-29T08:30:30.363Z,1787992229,2537676018,2537676021
6463284191,0,eqiad.mediawiki.recentchange,7dc195a5-ddc5-4440-85c1-d31c0351637d,commons.wikimedia.org,categorize,2026-08-29T08:30:30.362Z,1787992229,,
6463284192,0,eqiad.mediawiki.recentchange,4324ef69-1b3f-40b2-915a-2c243bac73ac,commons.wikimedia.org,categorize,2026-08-29T08:30:30.391Z,1787992229,,
6463284193,0,eqiad.mediawiki.recentchange,a2a32fe8-6dfd-4612-804b-66da71d508d2,commons.wikimedia.org,categorize,2026-08-29T08:30:30.415Z,1787992229,,
6463284194,0,eqiad.mediawiki.recentchange,b16f770f-d898-4d1f-b4ed-408a0d30dce4,commons.wikimedia.org,categorize,2026-08-29T08:30:30.435Z,1787992229,,
6463284195,0,eqiad.mediawiki.recentchange,8fb248d2-c56b-4e74-911a-1718ae4a2bfc,ce.wikipedia.org,edit,2026-08-29T08:30:30.645Z,1787992228,23712463,24422768
6463284196,0,eqiad.mediawiki.recentchange,4ee9b694-72d9-4bf1-9766-c2df140e5d83,www.wikidata.org,edit,2026-08-29T08:30:30.665Z,1787992230,2505943301,2537676022
6463284197,0,eqiad.mediawiki.recentchange,8e9d7584-e902-42d5-8cc4-54accf09f445,commons.wikimedia.org,edit,2026-08-29T08:30:30.732Z,1787992229,1083421981,1269160051
6463284198,0,eqiad.mediawiki.recentchange,bbf9f42c-cab5-45d7-bfa2-49ade38f68a0,commons.wikimedia.org,edit,2026-08-29T08:30:30.747Z,1787992230,1121747844,1269160054
6463284199,0,eqiad.mediawiki.recentchange,09d94c6c-cd4a-4c41-942e-9b97f800066b,www.wikidata.org,edit,2026-08-29T08:30:30.761Z,1787992230,2447372189,2537676023
6463284200,0,eqiad.mediawiki.recentchange,5a4d25c7-197e-48a0-a584-06ad860f5b31,commons.wikimedia.org,edit,2026-08-29T08:30:30.800Z,1787992230,525695281,1269160055
6463284201,0,eqiad.mediawiki.recentchange,6dea3a28-14fa-4847-a53b-dfeec89b7301,commons.wikimedia.org,edit,2026-08-29T08:30:30.816Z,1787992230,1269160035,1269160053
6463284202,0,eqiad.mediawiki.recentchange,b4b2bf93-27c2-452a-9926-3f655d0179b6,commons.wikimedia.org,edit,2026-08-29T08:30:30.820Z,1787992230,1202946143,1269160052
6463284203,0,eqiad.mediawiki.recentchange,cc0c980f-91b6-49e2-802b-31490c5a8727,ka.wikipedia.org,edit,2026-08-29T08:30:30.834Z,1787992230,5498269,5498272
6463284204,0,eqiad.mediawiki.recentchange,4b03038a-0a46-47a7-a290-17e3f09f2d2e,en.wikipedia.org,new,2026-08-29T08:30:30.889Z,1787992230,,1371914411
6463284205,0,eqiad.mediawiki.recentchange,e2a4b5d4-ce2c-4ace-93ae-55d2ff1bfcfb,de.wikipedia.org,edit,2026-08-29T08:30:30.959Z,1787992230,270054125,270068222
6463284206,0,eqiad.mediawiki.recentchange,a182cde3-df92-4e65-84c1-2a03d2ffaea7,de.wikipedia.org,edit,2026-08-29T08:30:30.985Z,1787992230,270068059,270068223
6463284207,0,eqiad.mediawiki.recentchange,dcf935e0-5834-4c8a-808c-3c4732f7ee19,fr.wikipedia.org,categorize,2026-08-29T08:30:31.030Z,1787992227,,
6463284208,0,eqiad.mediawiki.recentchange,9240ad0d-37d6-4ac8-9dea-e5d04617f4a8,en.wikipedia.org,edit,2026-08-29T08:30:31.040Z,1787992230,1191232061,1371914412
6463284209,0,eqiad.mediawiki.recentchange,f2f8f7e9-84c7-489d-a47b-d8d447f27199,fr.wikipedia.org,categorize,2026-08-29T08:30:31.059Z,1787992227,,
6463284210,0,eqiad.mediawiki.recentchange,e9c68eca-672b-4683-bfaf-a1210c0d0f90,www.wikidata.org,edit,2026-08-29T08:30:31.065Z,1787992230,2537676020,2537676024
6463284211,0,eqiad.mediawiki.recentchange,6025d022-3fed-42da-a6c0-b69dc56fd37e,fr.wikipedia.org,categorize,2026-08-29T08:30:31.087Z,1787992227,,
6463284212,0,eqiad.mediawiki.recentchange,41cb700d-82a6-4fba-bb69-6cf650ef110e,commons.wikimedia.org,edit,2026-08-29T08:30:31.158Z,1787992230,1269160033,1269160057
6463284213,0,eqiad.mediawiki.recentchange,212b87e4-f8a6-4f42-92e5-5b6ded65b859,commons.wikimedia.org,edit,2026-08-29T08:30:31.162Z,1787992230,1249622592,1269160058
6463284214,0,eqiad.mediawiki.recentchange,1f564401-c83a-4138-a3a8-1269525fba00,commons.wikimedia.org,edit,2026-08-29T08:30:31.162Z,1787992230,984040541,1269160056
6463284215,0,eqiad.mediawiki.recentchange,9d41626f-98fa-4e13-aa35-c50b6c1cab86,ms.wikipedia.org,categorize,2026-08-29T08:30:31.272Z,1787992228,,
6463284216,0,eqiad.mediawiki.recentchange,6370e181-a01d-4591-acab-eee4ca76ea51,ms.wikipedia.org,categorize,2026-08-29T08:30:31.291Z,1787992228,,
6463284217,0,eqiad.mediawiki.recentchange,063df244-4a95-40ed-a51c-d392f244cd74,he.wikipedia.org,edit,2026-08-29T08:30:31.365Z,1787992229,43827567,43829660
6463284218,0,eqiad.mediawiki.recentchange,d47183e2-6e39-4799-bab3-b4c4e21561a1,en.wikipedia.org,categorize,2026-08-29T08:30:31.370Z,1787992230,,
6463284219,0,eqiad.mediawiki.recentchange,691bf22f-0bd2-462b-ad5e-5c85626f5a66,en.wikipedia.org,categorize,2026-08-29T08:30:31.383Z,1787992230,,
6463284220,0,eqiad.mediawiki.recentchange,7bf637ac-334a-4cea-82ad-7dd1ab6dbdd9,en.wikipedia.org,categorize,2026-08-29T08:30:31.404Z,1787992230,,
6463284221,0,eqiad.mediawiki.recentchange,31e2831d-131b-4f25-956f-adf1557d9af5,en.wikipedia.org,edit,2026-08-29T08:30:31.412Z,1787992229,1369332850,1371914409
6463284222,0,eqiad.mediawiki.recentchange,2f588f41-c8f3-48b8-9d6a-e080c209638f,en.wikipedia.org,categorize,2026-08-29T08:30:31.425Z,1787992230,,
6463284223,0,eqiad.mediawiki.recentchange,3026ec26-f40a-4d68-9de2-8777e18b60ae,commons.wikimedia.org,new,2026-08-29T08:30:31.470Z,1787992231,,1269160059
6463284224,0,eqiad.mediawiki.recentchange,cb7dd502-1f42-4fca-afea-64797d5764dc,mg.wiktionary.org,edit,2026-08-29T08:30:31.495Z,1787992230,36930268,37585881
6463284225,0,eqiad.mediawiki.recentchange,af0a043d-5250-47b1-85da-0260bab3cfec,www.wikidata.org,edit,2026-08-29T08:30:31.528Z,1787992230,2535911023,2537676025
6463284226,0,eqiad.mediawiki.recentchange,2a432a28-3813-4274-8733-77d9cd2e6fab,en.wikipedia.org,categorize,2026-08-29T08:30:31.655Z,1787992230,,
6463284227,0,eqiad.mediawiki.recentchange,f38e1bb4-581e-44ad-856e-4e9c35d02353,www.wikidata.org,edit,2026-08-29T08:30:31.684Z,1787992231,2447325292,2537676026
6463284228,0,eqiad.mediawiki.recentchange,37a9caea-97f9-455c-8a3a-9c20d50de908,id.wikipedia.org,new,2026-08-29T08:30:31.708Z,1787992229,,29663082
6463284229,0,eqiad.mediawiki.recentchange,a5b2d216-ac2d-4888-a641-53de8d0e6f3d,www.wikidata.org,edit,2026-08-29T08:30:31.891Z,1787992231,2537676025,2537676027
6463284230,0,eqiad.mediawiki.recentchange,99388143-318b-46d1-b947-367b33a79349,commons.wikimedia.org,edit,2026-08-29T08:30:31.919Z,1787992231,468387148,1269160060
6463284231,0,eqiad.mediawiki.recentchange,be1d2649-4b73-4b3b-bda3-1cb7decc27c0,commons.wikimedia.org,categorize,2026-08-29T08:30:31.966Z,1787992231,,
6463284232,0,eqiad.mediawiki.recentchange,2c00615c-73fb-4ad9-9903-4b928f6b94e4,mg.wiktionary.org,categorize,2026-08-29T08:30:31.967Z,1787992230,,
6463284233,0,eqiad.mediawiki.recentchange,f7ca33c5-9103-4ca7-9202-8f5a70973bc1,commons.wikimedia.org,edit,2026-08-29T08:30:31.982Z,1787992230,1003070676,1269160061
6463284234,0,eqiad.mediawiki.recentchange,83687f43-ed35-4fa8-9f4e-4e57d12d520f,commons.wikimedia.org,categorize,2026-08-29T08:30:31.984Z,1787992231,,
6463284235,0,eqiad.mediawiki.recentchange,af93f9ea-b788-4fe9-909a-fac6585159ad,commons.wikimedia.org,categorize,2026-08-29T08:30:31.995Z,1787992225,,
6463284236,0,eqiad.mediawiki.recentchange,a320bcfa-7845-4d93-a56f-6736173e6351,commons.wikimedia.org,categorize,2026-08-29T08:30:32.005Z,1787992231,,
6463284237,0,eqiad.mediawiki.recentchange,4955b45e-3156-423c-81c7-5ac00402e369,commons.wikimedia.org,categorize,2026-08-29T08:30:32.015Z,1787992225,,
6463284238,0,eqiad.mediawiki.recentchange,0bd23a4a-2b22-4953-b137-124fb1f8c082,commons.wikimedia.org,categorize,2026-08-29T08:30:32.028Z,1787992231,,
6463284239,0,eqiad.mediawiki.recentchange,6ccf40d6-8553-425c-a85d-89facf7db70c,uk.wikipedia.org,edit,2026-08-29T08:30:32.187Z,1787992231,46842740,48719971
6463284240,0,eqiad.mediawiki.recentchange,70c57f65-cafb-49cb-8c4e-16aef6fda0d9,de.wikipedia.org,edit,2026-08-29T08:30:32.286Z,1787992231,270067957,270068224
6463284241,0,eqiad.mediawiki.recentchange,371290bc-ce16-4bf8-ad93-7bb4e87eecf0,commons.wikimedia.org,edit,2026-08-29T08:30:32.294Z,1787992231,985742195,1269160062
6463284242,0,eqiad.mediawiki.recentchange,8ee7f6b9-648e-4b3f-b030-a7645b3dc395,www.wikidata.org,edit,2026-08-29T08:30:32.326Z,1787992232,2338519981,2537676030
6463284243,0,eqiad.mediawiki.recentchange,b48f0176-e4f0-4e81-897d-6d846f53fcd1,ce.wikipedia.org,edit,2026-08-29T08:30:32.343Z,1787992229,23712464,24422769
6463284244,0,eqiad.mediawiki.recentchange,78be299c-d493-4a2c-952a-d4f4c61141d4,he.wikipedia.org,edit,2026-08-29T08:30:32.352Z,1787992231,37275631,43829661
6463284245,0,eqiad.mediawiki.recentchange,9d5447af-8811-4ba2-97e8-cabb3ddd5e52,www.wikidata.org,edit,2026-08-29T08:30:32.366Z,1787992231,2537675894,2537676028
6463284246,0,eqiad.mediawiki.recentchange,a352032f-02a2-4d5a-9657-100c85ad6f68,www.wikidata.org,edit,2026-08-29T08:30:32.366Z,1787992231,2537675914,2537676029
6463284247,0,eqiad.mediawiki.recentchange,a77b7dd4-375c-4ec8-bb30-2011a4e713ed,www.wikidata.org,edit,2026-08-29T08:30:32.385Z,1787992232,2537676016,2537676031
6463284248,0,eqiad.mediawiki.recentchange,63f77e4f-fe91-49a8-ad1a-b062667b54b4,ur.wikipedia.org,new,2026-08-29T08:30:32.446Z,1787992231,,11840611
6463284249,0,eqiad.mediawiki.recentchange,b3956207-1561-4d11-84b3-98419d5b737f,id.wikipedia.org,new,2026-08-29T08:30:32.474Z,1787992232,,29663083
6463284250,0,eqiad.mediawiki.recentchange,23c2ef5b-1f3e-4a97-9a06-511e46652377,en.wikipedia.org,edit,2026-08-29T08:30:32.475Z,1787992231,1191233218,1371914415
6463284251,0,eqiad.mediawiki.recentchange,1b538675-3ce4-4688-aa2f-bedabfe670bf,www.wikidata.org,edit,2026-08-29T08:30:32.611Z,1787992232,2529077431,2537676033
6463284252,0,eqiad.mediawiki.recentchange,8225e710-813b-4f80-a1c7-51a4443a46b2,de.wikipedia.org,edit,2026-08-29T08:30:32.620Z,1787992231,270045760,270068225
6463284253,0,eqiad.mediawiki.recentchange,d86e1977-c57b-46a5-84ac-8b1efc927932,www.wikidata.org,edit,2026-08-29T08:30:32.676Z,1787992232,2536986797,2537676035
6463284254,0,eqiad.mediawiki.recentchange,f33c8c03-e467-474a-a050-5fcefdfb8b4a,www.wikidata.org,edit,2026-08-29T08:30:32.704Z,1787992232,2528264510,2537676032
6463284255,0,eqiad.mediawiki.recentchange,1660ce43-ecb6-4d1f-8337-011ecca34e03,de.wikipedia.org,edit,2026-08-29T08:30:32.722Z,1787992232,263242262,270068226
6463284256,0,eqiad.mediawiki.recentchange,60739aa7-96b2-413d-916a-d2408f4b9b08,commons.wikimedia.org,edit,2026-08-29T08:30:32.773Z,1787992232,1268784529,1269160064
6463284257,0,eqiad.mediawiki.recentchange,97707bc3-e6ec-4ed5-86f3-75fdd37081ba,ce.wikipedia.org,categorize,2026-08-29T08:30:32.810Z,1787992228,,
6463284258,0,eqiad.mediawiki.recentchange,767bce12-24c0-49b4-a92a-89cadbc4cea4,en.wikipedia.org,edit,2026-08-29T08:30:32.810Z,1787992231,1371762394,1371914413
6463284259,0,eqiad.mediawiki.recentchange,6c77c082-1cc2-423d-8e61-a4d0e47cd01b,www.wikidata.org,edit,2026-08-29T08:30:32.821Z,1787992232,2463308199,2537676037
6463284260,0,eqiad.mediawiki.recentchange,b4ee32bf-afd4-497c-8cf7-e37b8fbd804f,id.wikipedia.org,categorize,2026-08-29T08:30:32.824Z,1787992229,,
6463284261,0,eqiad.mediawiki.recentchange,164d4353-e946-4785-ac7a-a4b21ebc0657,id.wikipedia.org,categorize,2026-08-29T08:30:32.844Z,1787992229,,
6463284262,0,eqiad.mediawiki.recentchange,7712a0a0-76b8-49bd-9660-948d2231fed2,id.wikipedia.org,categorize,2026-08-29T08:30:32.862Z,1787992229,,
6463284263,0,eqiad.mediawiki.recentchange,91758ed0-80d3-4a85-ada1-10d976e6d0f9,he.wikipedia.org,categorize,2026-08-29T08:30:32.872Z,1787992231,,
6463284264,0,eqiad.mediawiki.recentchange,12dd93ba-6621-468a-861d-ab54efee999f,id.wikipedia.org,categorize,2026-08-29T08:30:32.883Z,1787992229,,
6463284265,0,eqiad.mediawiki.recentchange,c853b054-a8e6-4670-94bf-18bd8bc5f947,commons.wikimedia.org,edit,2026-08-29T08:30:32.896Z,1787992232,726457043,1269160065
6463284266,0,eqiad.mediawiki.recentchange,6ff10270-4d30-4daa-a434-780296d7d03d,id.wikipedia.org,categorize,2026-08-29T08:30:32.900Z,1787992229,,
6463284267,0,eqiad.mediawiki.recentchange,991f235f-7451-4af4-8789-c516d5be54fa,id.wikipedia.org,categorize,2026-08-29T08:30:32.921Z,1787992229,,
6463284268,0,eqiad.mediawiki.recentchange,ef8c86a2-33ea-412f-b811-4e3affcb9143,id.wikipedia.org,categorize,2026-08-29T08:30:32.949Z,1787992229,,
6463284269,0,eqiad.mediawiki.recentchange,d7ec4468-72dd-47eb-857b-a74d025b0afe,id.wikipedia.org,categorize,2026-08-29T08:30:32.970Z,1787992229,,
6463284270,0,eqiad.mediawiki.recentchange,2c39b324-a058-4639-bf43-3d687090bf77,www.wikidata.org,edit,2026-08-29T08:30:32.971Z,1787992232,2537675990,2537676038
6463284271,0,eqiad.mediawiki.recentchange,bdbcd2ee-b0ce-4cc4-bc39-ae092d5d9581,www.wikidata.org,edit,2026-08-29T08:30:32.976Z,1787992232,2537675908,2537676036
6463284272,0,eqiad.mediawiki.recentchange,2b604a6d-214e-4992-8b65-2cdc4c22cae5,id.wikipedia.org,categorize,2026-08-29T08:30:32.990Z,1787992229,,
6463284273,0,eqiad.mediawiki.recentchange,3051d75b-68ec-4a08-b76a-43e3b030624a,id.wikipedia.org,categorize,2026-08-29T08:30:33.012Z,1787992229,,
6463284274,0,eqiad.mediawiki.recentchange,a7528138-1bee-4073-9dec-4952dc989732,id.wikipedia.org,categorize,2026-08-29T08:30:33.033Z,1787992229,,
6463284275,0,eqiad.mediawiki.recentchange,22fe3300-45b9-43d4-9680-f91cf39f4c89,id.wikipedia.org,categorize,2026-08-29T08:30:33.053Z,1787992229,,
6463284276,0,eqiad.mediawiki.recentchange,0292302b-7eaf-4844-bc63-183d99180f12,www.wikidata.org,edit,2026-08-29T08:30:33.062Z,1787992232,1620375940,2537676034
6463284277,0,eqiad.mediawiki.recentchange,3cccc56c-35fd-4ec3-957a-0d6585d47b01,id.wikipedia.org,categorize,2026-08-29T08:30:33.073Z,1787992229,,
6463284278,0,eqiad.mediawiki.recentchange,facc3b36-ee85-4745-88f2-3f5a433c9642,id.wikipedia.org,categorize,2026-08-29T08:30:33.090Z,1787992229,,
6463284279,0,eqiad.mediawiki.recentchange,8f0f31d6-8d46-4353-9ea0-9e32305551f2,commons.wikimedia.org,edit,2026-08-29T08:30:33.092Z,1787992232,1034612551,1269160067
6463284280,0,eqiad.mediawiki.recentchange,e08d6f7a-de1b-45cd-b765-7598e4b3ea95,id.wikipedia.org,categorize,2026-08-29T08:30:33.114Z,1787992229,,
6463284281,0,eqiad.mediawiki.recentchange,d2b4be4d-7da8-4f71-823e-593bd1d6dee2,id.wikipedia.org,categorize,2026-08-29T08:30:33.131Z,1787992229,,
6463284282,0,eqiad.mediawiki.recentchange,4745d4a7-9724-479f-aeb3-52c89f4e98c5,commons.wikimedia.org,edit,2026-08-29T08:30:33.157Z,1787992232,195519759,1269160068
6463284283,0,eqiad.mediawiki.recentchange,a0f8b496-07aa-45e4-88d7-f01b5483fdf7,commons.wikimedia.org,log,2026-08-29T08:30:33.162Z,1787992231,,
6463284284,0,eqiad.mediawiki.recentchange,850a1a67-058f-4a80-9826-ac880b6de1c2,en.wikipedia.org,log,2026-08-29T08:30:33.179Z,1787992233,,
6463284285,0,eqiad.mediawiki.recentchange,0e989300-b8ea-4148-918d-956659fede09,ms.wikipedia.org,edit,2026-08-29T08:30:33.180Z,1787992232,6943540,6943844
6463284286,0,eqiad.mediawiki.recentchange,e9717e76-f8d1-4ba5-af39-db1759f9652a,it.wikipedia.org,edit,2026-08-29T08:30:33.206Z,1787992232,80590762,152239623
6463284287,0,eqiad.mediawiki.recentchange,cf6ebdff-747a-424e-bc72-325240bcbf1b,www.wikidata.org,edit,2026-08-29T08:30:33.221Z,1787992232,2537676034,2537676039
6463284288,0,eqiad.mediawiki.recentchange,9e8ff21f-f98f-492e-bffd-fd91445b6944,en.wikipedia.org,edit,2026-08-29T08:30:33.301Z,1787992232,1357791606,1371914416
6463284289,0,eqiad.mediawiki.recentchange,8c6774b5-f490-4746-8e0f-e074d7adf556,en.wikipedia.org,edit,2026-08-29T08:30:33.314Z,1787992228,1367133160,1371914408
6463284290,0,eqiad.mediawiki.recentchange,a5f62c60-6825-44a0-8635-cf5299983b9c,commons.wikimedia.org,edit,2026-08-29T08:30:33.325Z,1787992232,1157219996,1269160069
6463284291,0,eqiad.mediawiki.recentchange,b8fc087a-1c4b-4989-b5e4-dd953a3c7f62,zh.wikipedia.org,edit,2026-08-29T08:30:33.354Z,1787992228,93711789,94090709
6463284292,0,eqiad.mediawiki.recentchange,aaca9616-71c4-4881-ac6f-c06b18f6679e,commons.wikimedia.org,edit,2026-08-29T08:30:33.358Z,1787992232,1140328093,1269160066
6463284293,0,eqiad.mediawiki.recentchange,d45903b9-0534-4f81-8eb6-73c59ecbaf6d,ja.wikipedia.org,edit,2026-08-29T08:30:33.433Z,1787992231,110819257,110819336
6463284294,0,eqiad.mediawiki.recentchange,67a5821f-107c-4bea-bf8b-63f049332e9a,www.wikidata.org,edit,2026-08-29T08:30:33.539Z,1787992233,2470862162,2537676041
6463284295,0,eqiad.mediawiki.recentchange,81eb7494-dce8-4723-9091-d8fd0b41f20a,www.wikidata.org,edit,2026-08-29T08:30:33.539Z,1787992233,2460982105,2537676040
6463284296,0,eqiad.mediawiki.recentchange,1e6b1c4e-8d40-48d0-8139-fd3349952d71,commons.wikimedia.org,edit,2026-08-29T08:30:33.553Z,1787992233,468387047,1269160070
6463284297,0,eqiad.mediawiki.recentchange,4007bc49-a0af-4d95-833f-a1be83b01e22,www.wikidata.org,edit,2026-08-29T08:30:33.661Z,1787992233,2537676039,2537676042
6463284298,0,eqiad.mediawiki.recentchange,eea6beae-faa2-470d-acc0-deb793f959c7,www.wikidata.org,edit,2026-08-29T08:30:33.683Z,1787992233,2514122398,2537676043
6463284299,0,eqiad.mediawiki.recentchange,4c029eac-aadc-46db-bd03-b0d99066dcf6,fr.wikipedia.org,edit,2026-08-29T08:30:33.788Z,1787992232,169634257,239048233
6463284300,0,eqiad.mediawiki.recentchange,519e3a87-8f83-4ebc-aca2-79e2ab4b6702,commons.wikimedia.org,edit,2026-08-29T08:30:33.821Z,1787992233,1230336653,1269160071
6463284301,0,eqiad.mediawiki.recentchange,7cb9126e-7025-45e1-bd60-14a2149ee996,en.wikipedia.org,edit,2026-08-29T08:30:33.855Z,1787992233,1371889367,1371914417
6463284302,0,eqiad.mediawiki.recentchange,cd2198cd-5755-4507-8441-9eec351f5fa7,el.wiktionary.org,edit,2026-08-29T08:30:33.923Z,1787992233,5376052,7377104
6463284303,0,eqiad.mediawiki.recentchange,295e08d7-9cc9-4349-af60-a49077dbe7f8,commons.wikimedia.org,categorize,2026-08-29T08:30:33.954Z,1787992232,,
6463284304,0,eqiad.mediawiki.recentchange,d82b5a87-4401-437d-b3a3-804791b3527c,www.wikidata.org,edit,2026-08-29T08:30:33.963Z,1787992233,2338519957,2537676044
6463284305,0,eqiad.mediawiki.recentchange,0bcdaf3c-8c63-4423-90fc-423d9453bc29,it.wikipedia.org,categorize,2026-08-29T08:30:34.103Z,1787992232,,
6463284306,0,eqiad.mediawiki.recentchange,4bc9a467-3b73-4f88-a86a-796b50de2319,it.wikipedia.org,categorize,2026-08-29T08:30:34.120Z,1787992232,,
6463284307,0,eqiad.mediawiki.recentchange,c172f215-4c18-4a93-94f6-12480eb2726d,commons.wikimedia.org,categorize,2026-08-29T08:30:34.123Z,1787992231,,
6463284308,0,eqiad.mediawiki.recentchange,0702efcc-0581-49cd-9916-3668302b6d39,ce.wikipedia.org,edit,2026-08-29T08:30:34.127Z,1787992231,23712465,24422770
6463284309,0,eqiad.mediawiki.recentchange,2ab4e21d-36f2-4d07-88bb-119bb69589f2,commons.wikimedia.org,categorize,2026-08-29T08:30:34.140Z,1787992231,,
6463284310,0,eqiad.mediawiki.recentchange,6e13009d-e98d-4f3c-a015-cfe0bc85d6ce,commons.wikimedia.org,categorize,2026-08-29T08:30:34.162Z,1787992231,,
6463284311,0,eqiad.mediawiki.recentchange,444aba7a-c99c-4db1-9549-eef65997aa39,ur.wikipedia.org,categorize,2026-08-29T08:30:34.167Z,1787992231,,
6463284312,0,eqiad.mediawiki.recentchange,90e10003-f590-4ca5-aa19-493452ad3b50,commons.wikimedia.org,categorize,2026-08-29T08:30:34.182Z,1787992231,,
6463284313,0,eqiad.mediawiki.recentchange,709c4de0-de38-41e1-8e62-c994093550ce,ur.wikipedia.org,categorize,2026-08-29T08:30:34.186Z,1787992231,,
6463284314,0,eqiad.mediawiki.recentchange,d009cafe-9dc2-4f42-b390-508125f60db4,commons.wikimedia.org,categorize,2026-08-29T08:30:34.202Z,1787992231,,
6463284315,0,eqiad.mediawiki.recentchange,42e3b366-497d-4ad5-ac46-76d08020edc0,ur.wikipedia.org,categorize,2026-08-29T08:30:34.205Z,1787992231,,
6463284316,0,eqiad.mediawiki.recentchange,33a561c0-a1f5-42f0-84b6-f91f43bc746b,commons.wikimedia.org,categorize,2026-08-29T08:30:34.223Z,1787992231,,
6463284317,0,eqiad.mediawiki.recentchange,aa288649-6fad-4531-8228-a0ffdb720601,ur.wikipedia.org,categorize,2026-08-29T08:30:34.225Z,1787992231,,
6463284318,0,eqiad.mediawiki.recentchange,1037694a-cfa6-48b5-9ed0-3a839b08389c,commons.wikimedia.org,categorize,2026-08-29T08:30:34.244Z,1787992231,,
6463284319,0,eqiad.mediawiki.recentchange,16453a9b-7f86-43ae-a633-ec50204026bd,ur.wikipedia.org,categorize,2026-08-29T08:30:34.246Z,1787992231,,
6463284320,0,eqiad.mediawiki.recentchange,2de4a2c5-ef6e-4dec-9141-2a915d1c73f2,ur.wikipedia.org,categorize,2026-08-29T08:30:34.266Z,1787992231,,
6463284321,0,eqiad.mediawiki.recentchange,138c6f84-67dd-412f-80ac-3dd28a5ae279,commons.wikimedia.org,categorize,2026-08-29T08:30:34.267Z,1787992231,,
6463284322,0,eqiad.mediawiki.recentchange,ae73839d-72c1-4bf7-9156-b2b2d13682b3,uk.wikipedia.org,edit,2026-08-29T08:30:34.281Z,1787992233,48717621,48719972
6463284323,0,eqiad.mediawiki.recentchange,4445e20b-6fa3-4eda-a723-011076518bf3,commons.wikimedia.org,log,2026-08-29T08:30:34.290Z,1787992233,,
6463284324,0,eqiad.mediawiki.recentchange,392c6ea3-5309-45cb-8898-61abf7a8d98f,sv.wikipedia.org,edit,2026-08-29T08:30:34.293Z,1787992233,49665251,59604023
6463284325,0,eqiad.mediawiki.recentchange,c82290f7-7ea1-4e95-bc22-a43f76865c2f,ur.wikipedia.org,categorize,2026-08-29T08:30:34.300Z,1787992231,,
6463284326,0,eqiad.mediawiki.recentchange,949bf549-3047-40cf-9c35-dcf7b919d7c5,commons.wikimedia.org,categorize,2026-08-29T08:30:34.301Z,1787992231,,
6463284327,0,eqiad.mediawiki.recentchange,29825deb-6e89-450e-9406-27f7dc3550a0,www.wikidata.org,edit,2026-08-29T08:30:34.317Z,1787992234,2537676042,2537676045
6463284328,0,eqiad.mediawiki.recentchange,55e6a238-f71b-49dd-811c-78397ce3be41,ur.wikipedia.org,categorize,2026-08-29T08:30:34.330Z,1787992231,,
6463284329,0,eqiad.mediawiki.recentchange,26444e2d-8ae2-488e-aa05-6b14237f9f08,commons.wikimedia.org,categorize,2026-08-29T08:30:34.335Z,1787992231,,
6463284330,0,eqiad.mediawiki.recentchange,a7dc46ab-621a-42db-a21f-f478f28fa7c4,ur.wikipedia.org,categorize,2026-08-29T08:30:34.367Z,1787992231,,
6463284331,0,eqiad.mediawiki.recentchange,78dc55bc-6f56-4f48-a71c-a09e025c7a2e,ur.wikipedia.org,categorize,2026-08-29T08:30:34.394Z,1787992231,,
6463284332,0,eqiad.mediawiki.recentchange,7049cd6d-bd88-43e7-89be-ab11e426433b,www.wikidata.org,edit,2026-08-29T08:30:34.412Z,1787992234,2338519949,2537676047
6463284333,0,eqiad.mediawiki.recentchange,c211cc53-11a0-41de-96ac-ded72afd735f,ur.wikipedia.org,categorize,2026-08-29T08:30:34.417Z,1787992231,,
6463284334,0,eqiad.mediawiki.recentchange,cea2a36c-6bb2-406d-ba69-58cf00cc7e16,ur.wikipedia.org,categorize,2026-08-29T08:30:34.437Z,1787992231,,
6463284335,0,eqiad.mediawiki.recentchange,2b6ace1c-39d1-427a-b8fe-640ff0f079b0,uk.wikipedia.org,edit,2026-08-29T08:30:34.462Z,1787992233,46843310,48719973
6463284336,0,eqiad.mediawiki.recentchange,9d561680-0d5a-404e-a09d-50e556f9b5bb,el.wiktionary.org,categorize,2026-08-29T08:30:34.572Z,1787992233,,
6463284337,0,eqiad.mediawiki.recentchange,8d06a5e0-9bab-49d5-a8ba-26a301590b0c,www.wikidata.org,edit,2026-08-29T08:30:34.593Z,1787992234,2514371117,2537676048
6463284338,0,eqiad.mediawiki.recentchange,ee2f5aa9-1094-4f25-ab01-4fe0c5265f01,www.wikidata.org,edit,2026-08-29T08:30:34.614Z,1787992234,2537676043,2537676046
6463284339,0,eqiad.mediawiki.recentchange,4a299089-9b7e-4689-a447-be6419df177c,ce.wikipedia.org,categorize,2026-08-29T08:30:34.639Z,1787992229,,
6463284340,0,eqiad.mediawiki.recentchange,695bde60-497f-426f-ab8f-1434290ff398,www.wikidata.org,edit,2026-08-29T08:30:34.716Z,1787992234,2322638276,2537676049
6463284341,0,eqiad.mediawiki.recentchange,c832b8a6-61d7-4169-b0da-3280b1a3e9d3,commons.wikimedia.org,edit,2026-08-29T08:30:34.808Z,1787992234,1135553196,1269160073
6463284342,0,eqiad.mediawiki.recentchange,83d67997-acae-4850-9150-945e9e21d300,he.wikipedia.org,edit,2026-08-29T08:30:34.810Z,1787992233,41258486,43829662
6463284343,0,eqiad.mediawiki.recentchange,02f9834d-b988-4805-aebf-c4acb5a213d4,commons.wikimedia.org,categorize,2026-08-29T08:30:34.829Z,1787992233,,
6463284344,0,eqiad.mediawiki.recentchange,2512ab6a-b3d2-4723-922d-999b16115ade,commons.wikimedia.org,categorize,2026-08-29T08:30:34.847Z,1787992233,,
6463284345,0,eqiad.mediawiki.recentchange,ac84cae3-72f8-4f76-bee4-10b315d0aaed,commons.wikimedia.org,edit,2026-08-29T08:30:34.852Z,1787992234,512293696,1269160074
6463284346,0,eqiad.mediawiki.recentchange,52c7cce8-a1b8-41ac-91e5-294aabdb1098,commons.wikimedia.org,categorize,2026-08-29T08:30:34.868Z,1787992233,,
6463284347,0,eqiad.mediawiki.recentchange,b378eee3-44fc-4688-9f68-bd87f413ea78,th.wikipedia.org,edit,2026-08-29T08:30:34.882Z,1787992233,13225539,13225542
6463284348,0,eqiad.mediawiki.recentchange,97a0fa6d-960c-4ef1-83eb-46e9bf880c23,commons.wikimedia.org,categorize,2026-08-29T08:30:34.887Z,1787992233,,
6463284349,0,eqiad.mediawiki.recentchange,240d8e14-0f7d-47f2-a0fc-1baefb6f4f5a,commons.wikimedia.org,categorize,2026-08-29T08:30:34.908Z,1787992233,,
6463284350,0,eqiad.mediawiki.recentchange,4e550161-66b7-4b84-ac12-5b36101d3109,commons.wikimedia.org,categorize,2026-08-29T08:30:34.928Z,1787992233,,
6463284351,0,eqiad.mediawiki.recentchange,240e7412-50f6-46e8-b482-dc1469070f15,commons.wikimedia.org,categorize,2026-08-29T08:30:34.949Z,1787992233,,
6463284352,0,eqiad.mediawiki.recentchange,853d69c1-143a-495a-acf8-3ea73610d1ac,es.wikipedia.org,edit,2026-08-29T08:30:34.985Z,1787992234,175090507,175090513
6463284353,0,eqiad.mediawiki.recentchange,c1ddce50-e991-471c-bba4-1fa9c9d93741,www.wikidata.org,edit,2026-08-29T08:30:35.010Z,1787992234,2463308215,2537676050
6463284354,0,eqiad.mediawiki.recentchange,f8085ef7-4d7b-45eb-ad5b-af591c71c4e5,commons.wikimedia.org,new,2026-08-29T08:30:35.064Z,1787992234,,1269160077
6463284355,0,eqiad.mediawiki.recentchange,0520f238-2c5b-48f4-962c-89877800b89d,commons.wikimedia.org,edit,2026-08-29T08:30:35.130Z,1787992234,1129116194,1269160076
6463284356,0,eqiad.mediawiki.recentchange,76ca27ad-00a4-42c8-ac65-6770546e024e,vi.wikipedia.org,edit,2026-08-29T08:30:35.186Z,1787992234,75496620,75496919
6463284357,0,eqiad.mediawiki.recentchange,88babca9-77a8-4571-90e3-3d6a2d38e287,commons.wikimedia.org,edit,2026-08-29T08:30:35.265Z,1787992234,1161110852,1269160078
6463284358,0,eqiad.mediawiki.recentchange,de922e81-9e38-46f4-8814-4a1038ace5e2,ce.wikipedia.org,edit,2026-08-29T08:30:35.322Z,1787992233,23712466,24422771
6463284359,0,eqiad.mediawiki.recentchange,31254cef-03d2-4356-98c0-4620c7800bdf,fr.wikipedia.org,categorize,2026-08-29T08:30:35.323Z,1787992232,,
6463284360,0,eqiad.mediawiki.recentchange,b930b8c5-5e20-475d-8ac9-e46db5917cb7,fr.wikipedia.org,categorize,2026-08-29T08:30:35.346Z,1787992232,,
6463284361,0,eqiad.mediawiki.recentchange,7b9a05fd-a5e1-43fa-8f0d-26cb5db297de,fr.wikipedia.org,categorize,2026-08-29T08:30:35.370Z,1787992232,,
6463284362,0,eqiad.mediawiki.recentchange,1543eec3-af37-4369-9ee7-149635955c33,www.wikidata.org,edit,2026-08-29T08:30:35.377Z,1787992235,2537676031,2537676054
6463284363,0,eqiad.mediawiki.recentchange,b3fe5196-2e4a-43ac-a58e-268ac58558ce,www.wikidata.org,edit,2026-08-29T08:30:35.391Z,1787992235,2463308230,2537676053
6463284364,0,eqiad.mediawiki.recentchange,982465a1-be99-4149-b59c-0510cf82a137,www.wikidata.org,edit,2026-08-29T08:30:35.423Z,1787992234,2537676049,2537676052
6463284365,0,eqiad.mediawiki.recentchange,c6816076-e4a8-4c72-89cd-1debf23ac49a,www.wikidata.org,edit,2026-08-29T08:30:35.458Z,1787992234,1660817217,2537676051
6463284366,0,eqiad.mediawiki.recentchange,b8e6bc94-bbc2-4c2a-a866-f16b4d45f071,ja.wikipedia.org,edit,2026-08-29T08:30:35.473Z,1787992208,110819208,110819333
6463284367,0,eqiad.mediawiki.recentchange,d348ef28-1f60-4fa2-b50e-5a8429084acc,commons.wikimedia.org,edit,2026-08-29T08:30:35.497Z,1787992234,1250380486,1269160075
6463284368,0,eqiad.mediawiki.recentchange,d1ccfa1b-aea8-493f-b5e2-6df497c09398,id.wikisource.org,edit,2026-08-29T08:30:35.516Z,1787992235,253257,316524
6463284369,0,eqiad.mediawiki.recentchange,e49b5b41-6577-447b-a725-7957622b0ebf,ce.wikipedia.org,categorize,2026-08-29T08:30:35.568Z,1787992231,,
6463284370,0,eqiad.mediawiki.recentchange,9f3c84d2-dd41-4aca-87bc-eaa430e0b452,commons.wikimedia.org,edit,2026-08-29T08:30:35.598Z,1787992234,901386724,1269160079
6463284371,0,eqiad.mediawiki.recentchange,df64f88b-9484-4289-bd66-c479191f73bb,www.wikidata.org,edit,2026-08-29T08:30:35.653Z,1787992235,2485224744,2537676055
6463284372,0,eqiad.mediawiki.recentchange,e35b30a9-159d-4693-a188-4df8c716fac9,www.wikidata.org,edit,2026-08-29T08:30:35.712Z,1787992235,2537676051,2537676056
6463284373,0,eqiad.mediawiki.recentchange,c774a106-91b4-4fa9-a798-8ec7d4a68ce0,sv.wikipedia.org,categorize,2026-08-29T08:30:35.732Z,1787992233,,
6463284374,0,eqiad.mediawiki.recentchange,b28ecd44-6371-4133-a709-7fc147b10f8e,commons.wikimedia.org,edit,2026-08-29T08:30:35.744Z,1787992235,1007865596,1269160080
6463284375,0,eqiad.mediawiki.recentchange,cfbc7efd-8018-4120-ad97-2feb2de2669e,sv.wikipedia.org,categorize,2026-08-29T08:30:35.749Z,1787992233,,
6463284376,0,eqiad.mediawiki.recentchange,ea67aec9-5edc-4e0e-a0c6-7a2d69ce281a,www.wikidata.org,edit,2026-08-29T08:30:35.856Z,1787992235,2537675938,2537676057
6463284377,0,eqiad.mediawiki.recentchange,599aeee2-c957-4ab7-a7ad-aceb8ee6a97b,eu.wikipedia.org,edit,2026-08-29T08:30:35.872Z,1787992235,11388963,11389537
6463284378,0,eqiad.mediawiki.recentchange,83807a08-fde5-4279-b293-91a0c8374241,www.wikidata.org,edit,2026-08-29T08:30:35.872Z,1787992235,2338519924,2537676058
6463284379,0,eqiad.mediawiki.recentchange,cbdc5c17-d68d-454e-be55-409991672422,commons.wikimedia.org,edit,2026-08-29T08:30:36.070Z,1787992235,1248138621,1269160081
6463284380,0,eqiad.mediawiki.recentchange,c8f36a6d-8651-4744-9fb6-1d98693abc3d,commons.wikimedia.org,log,2026-08-29T08:30:36.086Z,1787992235,,
6463284381,0,eqiad.mediawiki.recentchange,128ce69f-7a8c-44f6-b4c1-ab00b19a8677,www.wikidata.org,edit,2026-08-29T08:30:36.159Z,1787992235,2338519917,2537676061
6463284382,0,eqiad.mediawiki.recentchange,228b54ef-27f7-4225-8457-9e8ddf6c1cdd,uk.wikipedia.org,edit,2026-08-29T08:30:36.175Z,1787992235,46802645,48719974
6463284383,0,eqiad.mediawiki.recentchange,91449549-866b-40cc-bb20-61779377a163,en.wikipedia.org,edit,2026-08-29T08:30:36.251Z,1787992233,1371783649,1371914418
6463284384,0,eqiad.mediawiki.recentchange,7a0bfb34-b8fd-4298-be15-238cfacd34ea,en.wikipedia.org,edit,2026-08-29T08:30:36.268Z,1787992235,1371895308,1371914421
6463284385,0,eqiad.mediawiki.recentchange,412fd799-a13f-4470-a230-92fa2fea42de,www.wikidata.org,edit,2026-08-29T08:30:36.352Z,1787992235,2537676056,2537676059
6463284386,0,eqiad.mediawiki.recentchange,5240a7aa-a143-4ae3-bcf9-4ef135c778ca,www.wikidata.org,edit,2026-08-29T08:30:36.390Z,1787992235,2220481536,2537676060
6463284387,0,eqiad.mediawiki.recentchange,0cf4f76b-a03d-47e9-9097-163a4c21d1c3,commons.wikimedia.org,categorize,2026-08-29T08:30:36.444Z,1787992234,,
6463284388,0,eqiad.mediawiki.recentchange,f4c791b5-67db-49d3-89ae-94fbe2ad69c4,commons.wikimedia.org,categorize,2026-08-29T08:30:36.475Z,1787992235,,
6463284389,0,eqiad.mediawiki.recentchange,0f5234e3-2c03-44cd-bff9-e8794eb762f4,commons.wikimedia.org,categorize,2026-08-29T08:30:36.476Z,1787992234,,
6463284390,0,eqiad.mediawiki.recentchange,52f374fa-bd0f-4ca2-91cf-3baeeb10c37b,commons.wikimedia.org,categorize,2026-08-29T08:30:36.499Z,1787992235,,
6463284391,0,eqiad.mediawiki.recentchange,c488fbd9-820f-4f48-a1b9-b51dc2c58d31,commons.wikimedia.org,categorize,2026-08-29T08:30:36.522Z,1787992235,,
6463284392,0,eqiad.mediawiki.recentchange,f5feaf8d-be0e-469d-9039-a8417414020c,commons.wikimedia.org,categorize,2026-08-29T08:30:36.542Z,1787992235,,
6463284393,0,eqiad.mediawiki.recentchange,5cb1db39-3404-430a-8c97-ccdb40c0f38a,commons.wikimedia.org,categorize,2026-08-29T08:30:36.561Z,1787992235,,
6463284394,0,eqiad.mediawiki.recentchange,f5854b5e-05a8-4c73-8338-5c4e8cb2b2ff,commons.wikimedia.org,edit,2026-08-29T08:30:36.573Z,1787992235,1173750091,1269160083
6463284395,0,eqiad.mediawiki.recentchange,a9905659-a72c-4f1c-aa74-907450343d87,www.wikidata.org,edit,2026-08-29T08:30:36.606Z,1787992236,2447362203,2537676062
6463284396,0,eqiad.mediawiki.recentchange,31bb6f12-d2e7-47d8-8c93-6e0cc516ae54,ce.wikipedia.org,edit,2026-08-29T08:30:36.616Z,1787992234,23712467,24422772
6463284397,0,eqiad.mediawiki.recentchange,65154a5a-86b2-4919-b1a1-8fac5cd5288d,ce.wikipedia.org,categorize,2026-08-29T08:30:36.648Z,1787992233,,
6463284398,0,eqiad.mediawiki.recentchange,aef25a1b-6466-4b08-89a5-203afd61d5d0,www.wikidata.org,edit,2026-08-29T08:30:36.666Z,1787992236,2338519909,2537676063
6463284399,0,eqiad.mediawiki.recentchange,d94959a2-a991-4af9-b9a2-1ce083084d28,en.wikipedia.org,edit,2026-08-29T08:30:36.844Z,1787992231,1371906402,1371914414
6463284400,0,eqiad.mediawiki.recentchange,c00e245c-9689-4ce9-9c4e-294e981f6ca1,www.wikidata.org,edit,2026-08-29T08:30:36.896Z,1787992236,2537676059,2537676065
6463284401,0,eqiad.mediawiki.recentchange,46fff2af-3b3f-4265-978f-ec061cfe7c4d,ce.wikipedia.org,edit,2026-08-29T08:30:36.946Z,1787992235,23712468,24422773
6463284402,0,eqiad.mediawiki.recentchange,994fc2b9-051b-4d2b-b8de-93bd6fe7590a,commons.wikimedia.org,edit,2026-08-29T08:30:36.964Z,1787992236,1264917468,1269160085
6463284403,0,eqiad.mediawiki.recentchange,d0daae94-c91a-42ee-87b7-86441fd75ff2,www.wikidata.org,edit,2026-08-29T08:30:36.980Z,1787992236,2463308247,2537676066
6463284404,0,eqiad.mediawiki.recentchange,0f382251-1365-4ec7-808a-1ddde37369a8,commons.wikimedia.org,edit,2026-08-29T08:30:37.004Z,1787992236,1034717562,1269160084
6463284405,0,eqiad.mediawiki.recentchange,56764f11-a97c-4023-ad2a-2016c7d0666e,www.wikidata.org,edit,2026-08-29T08:30:37.047Z,1787992236,2537676060,2537676064
6463284406,0,eqiad.mediawiki.recentchange,d0715622-269e-43f8-bb14-5d31949c23af,commons.wikimedia.org,edit,2026-08-29T08:30:37.075Z,1787992236,1269160082,1269160086
6463284407,0,eqiad.mediawiki.recentchange,ba89ef36-e27e-4408-a60c-9d0aed720705,bn.wiktionary.org,new,2026-08-29T08:30:37.110Z,1787992236,,554983
6463284408,0,eqiad.mediawiki.recentchange,70cc5486-8113-4ca6-ac30-fc149c5a231a,eu.wikipedia.org,categorize,2026-08-29T08:30:37.181Z,1787992235,,
6463284409,0,eqiad.mediawiki.recentchange,a4dc6f06-6bfa-4550-b907-843208803e4f,eu.wikipedia.org,categorize,2026-08-29T08:30:37.200Z,1787992235,,
6463284410,0,eqiad.mediawiki.recentchange,988fd3bd-238b-4175-a3d3-bed4aade238e,el.wikipedia.org,edit,2026-08-29T08:30:37.258Z,1787992236,11137137,11803617
6463284411,0,eqiad.mediawiki.recentchange,1c575cb6-2c02-418e-99b6-40871df1b80b,www.wikidata.org,edit,2026-08-29T08:30:37.316Z,1787992237,2463308234,2537676068
6463284412,0,eqiad.mediawiki.recentchange,ea33de9b-fd3a-4b9b-a556-c4390720e5d7,commons.wikimedia.org,edit,2026-08-29T08:30:37.360Z,1787992236,1086639257,1269160089
6463284413,0,eqiad.mediawiki.recentchange,35f11939-3fd6-4b91-98eb-e66a12d9c8a4,de.wikipedia.org,edit,2026-08-29T08:30:37.360Z,1787992234,269961788,270068227
6463284414,0,eqiad.mediawiki.recentchange,26a392d2-c1ba-45b4-9e9b-2f4c29744b4c,commons.wikimedia.org,edit,2026-08-29T08:30:37.382Z,1787992236,1269160072,1269160091
6463284415,0,eqiad.mediawiki.recentchange,ea8f7884-8a3d-445d-80ee-2d176b9dfaf5,www.wikidata.org,edit,2026-08-29T08:30:37.409Z,1787992236,2462065012,2537676067
6463284416,0,eqiad.mediawiki.recentchange,8e918feb-e702-4186-9a5b-3ac16b2bbea3,commons.wikimedia.org,edit,2026-08-29T08:30:37.431Z,1787992236,822356636,1269160088
6463284417,0,eqiad.mediawiki.recentchange,c913733f-2eb7-4242-b5c3-eb9c7a020380,www.wikidata.org,edit,2026-08-29T08:30:37.439Z,1787992237,2537676012,2537676069
6463284418,0,eqiad.mediawiki.recentchange,8180f52c-e430-44b5-b08c-c323dbd13471,www.wikidata.org,edit,2026-08-29T08:30:37.446Z,1787992237,2447351150,2537676070
6463284419,0,eqiad.mediawiki.recentchange,a01b454e-0fff-4757-b74d-0d97801d2941,www.wikidata.org,edit,2026-08-29T08:30:37.461Z,1787992237,2529017174,2537676071
6463284420,0,eqiad.mediawiki.recentchange,f856fd96-4282-48e5-bd4f-3ad13057bef3,ce.wikipedia.org,categorize,2026-08-29T08:30:37.587Z,1787992234,,
6463284421,0,eqiad.mediawiki.recentchange,f51456a2-360e-4f30-b8b6-f2850636a3e7,commons.wikimedia.org,edit,2026-08-29T08:30:37.612Z,1787992236,1166424891,1269160092
6463284422,0,eqiad.mediawiki.recentchange,710c2bc8-fb17-4865-ab45-ced3002bb670,bn.wiktionary.org,categorize,2026-08-29T08:30:37.635Z,1787992236,,
6463284423,0,eqiad.mediawiki.recentchange,48513341-8d84-4540-ac78-92187c7648ed,bn.wiktionary.org,categorize,2026-08-29T08:30:37.652Z,1787992236,,
6463284424,0,eqiad.mediawiki.recentchange,a1c7c9ea-eca6-4cb9-b1c0-a2c176668c14,bn.wiktionary.org,categorize,2026-08-29T08:30:37.670Z,1787992236,,
6463284425,0,eqiad.mediawiki.recentchange,aa4dece6-7756-4a22-9a7b-dd2fb6be9763,commons.wikimedia.org,edit,2026-08-29T08:30:37.678Z,1787992237,1269159601,1269160093
6463284426,0,eqiad.mediawiki.recentchange,d0227b3f-7142-42f5-98cf-734e09fc79bc,commons.wikimedia.org,edit,2026-08-29T08:30:37.684Z,1787992237,975830465,1269160094
6463284427,0,eqiad.mediawiki.recentchange,0e95bddc-3dcf-4f28-b741-20e49525ae07,bn.wiktionary.org,categorize,2026-08-29T08:30:37.693Z,1787992236,,
6463284428,0,eqiad.mediawiki.recentchange,cf15d918-89d3-4d75-9dc8-3a43299067b4,commons.wikimedia.org,log,2026-08-29T08:30:37.707Z,1787992236,,
6463284429,0,eqiad.mediawiki.recentchange,4746c92f-4e5d-45b9-820f-98972ae30bfe,www.wikidata.org,edit,2026-08-29T08:30:37.712Z,1787992237,2463308239,2537676074
6463284430,0,eqiad.mediawiki.recentchange,7b7cf55d-6aa7-478c-88ac-2d3529d6a8e6,bn.wiktionary.org,categorize,2026-08-29T08:30:37.714Z,1787992236,,
6463284431,0,eqiad.mediawiki.recentchange,48cf27e6-b793-4a3d-8346-8f41cf16cd49,www.wikidata.org,edit,2026-08-29T08:30:37.841Z,1787992237,2221683453,2537676073
6463284432,0,eqiad.mediawiki.recentchange,ec727a20-12fd-4e5c-b8c8-b600463ded28,commons.wikimedia.org,categorize,2026-08-29T08:30:37.898Z,1787992236,,
6463284433,0,eqiad.mediawiki.recentchange,a7cca026-0bdf-435e-8859-c63ab5a29c55,commons.wikimedia.org,categorize,2026-08-29T08:30:37.924Z,1787992236,,
6463284434,0,eqiad.mediawiki.recentchange,7cb4d949-552f-4e5d-b460-f9773eedb85d,pl.wikipedia.org,edit,2026-08-29T08:30:37.939Z,1787992236,80583930,80583934
6463284435,0,eqiad.mediawiki.recentchange,669eb0cb-1b70-4350-b360-8910a684e99e,commons.wikimedia.org,categorize,2026-08-29T08:30:37.943Z,1787992236,,
6463284436,0,eqiad.mediawiki.recentchange,ccb5b5e2-d003-4926-af6b-d54cb2b0183b,www.wikidata.org,edit,2026-08-29T08:30:37.958Z,1787992237,1660817228,2537676072
6463284437,0,eqiad.mediawiki.recentchange,2636ad1a-c34e-4d77-9ac6-7a81a11ee9b9,commons.wikimedia.org,categorize,2026-08-29T08:30:37.963Z,1787992236,,
6463284438,0,eqiad.mediawiki.recentchange,06df966e-b2d4-4086-b577-13deb310ac8f,commons.wikimedia.org,edit,2026-08-29T08:30:38.045Z,1787992237,1112662250,1269160098
6463284439,0,eqiad.mediawiki.recentchange,b48ad36d-51c8-4e6a-8a90-b34ec22da195,he.wikipedia.org,edit,2026-08-29T08:30:38.050Z,1787992237,43829657,43829663
6463284440,0,eqiad.mediawiki.recentchange,98e67473-d43c-4c31-ae6c-1f246aad829c,commons.wikimedia.org,edit,2026-08-29T08:30:38.114Z,1787992237,1239569020,1269160099
6463284441,0,eqiad.mediawiki.recentchange,59ce655a-2807-4c0e-9617-2b157e68ce1c,uk.wikipedia.org,edit,2026-08-29T08:30:38.184Z,1787992237,46800025,48719975
6463284442,0,eqiad.mediawiki.recentchange,4ebd2d8f-aa11-4318-a15c-c938d153eba3,eu.wikipedia.org,edit,2026-08-29T08:30:38.186Z,1787992235,11389523,11389538
6463284443,0,eqiad.mediawiki.recentchange,3f75d0c5-bfab-47bc-8e28-f041c520471e,commons.wikimedia.org,log,2026-08-29T08:30:38.240Z,1787992235,,
6463284444,0,eqiad.mediawiki.recentchange,fe8e18eb-3e38-4431-b574-d14120dff09e,www.wikidata.org,edit,2026-08-29T08:30:38.252Z,1787992237,2537676072,2537676076
6463284445,0,eqiad.mediawiki.recentchange,282df8b7-f262-4a6b-a0e4-9b0a1524a7e4,www.wikidata.org,edit,2026-08-29T08:30:38.266Z,1787992237,2537676067,2537676075
6463284446,0,eqiad.mediawiki.recentchange,f864921c-fb43-45b8-9fb4-fe0bbf6aa028,ce.wikipedia.org,edit,2026-08-29T08:30:38.286Z,1787992236,23712469,24422774
6463284447,0,eqiad.mediawiki.recentchange,468300a5-4e7c-4446-8468-36900278c99d,en.wikipedia.org,edit,2026-08-29T08:30:38.298Z,1787992236,1371914189,1371914423
6463284448,0,eqiad.mediawiki.recentchange,84cbf975-1ff1-4588-a866-c9ae316b9495,www.wikidata.org,edit,2026-08-29T08:30:38.317Z,1787992237,2463308250,2537676077
6463284449,0,eqiad.mediawiki.recentchange,c41bb8f7-b1c2-47de-8a5b-f26b3effa798,commons.wikimedia.org,categorize,2026-08-29T08:30:38.416Z,1787992236,,
6463284450,0,eqiad.mediawiki.recentchange,3854b6a5-d4ff-4cbd-b484-f952637745f1,commons.wikimedia.org,categorize,2026-08-29T08:30:38.436Z,1787992236,,
6463284451,0,eqiad.mediawiki.recentchange,28fe890c-00ee-4abe-8f01-250fdfa4ccbb,commons.wikimedia.org,edit,2026-08-29T08:30:38.455Z,1787992236,1003070670,1269160095
6463284452,0,eqiad.mediawiki.recentchange,1371964e-10cb-4005-b7cb-92877cadb578,commons.wikimedia.org,categorize,2026-08-29T08:30:38.459Z,1787992236,,
6463284453,0,eqiad.mediawiki.recentchange,0cb5438a-b2f5-459b-9f6c-b53fa17b939d,www.wikidata.org,edit,2026-08-29T08:30:38.469Z,1787992238,2447362155,2537676078
6463284454,0,eqiad.mediawiki.recentchange,f7410469-fcea-4a2d-ad8f-d2048175c217,commons.wikimedia.org,categorize,2026-08-29T08:30:38.477Z,1787992236,,
6463284455,0,eqiad.mediawiki.recentchange,84250df6-bdf5-4568-b47c-4194522f8522,commons.wikimedia.org,categorize,2026-08-29T08:30:38.497Z,1787992236,,
6463284456,0,eqiad.mediawiki.recentchange,488c1e83-3e2c-4998-aea2-4f51a9052afd,commons.wikimedia.org,categorize,2026-08-29T08:30:38.514Z,1787992236,,
6463284457,0,eqiad.mediawiki.recentchange,c7b6c194-7fb8-4714-86bf-2623205abb84,commons.wikimedia.org,categorize,2026-08-29T08:30:38.538Z,1787992236,,
6463284458,0,eqiad.mediawiki.recentchange,633e6411-26dd-4144-bfb3-0f84ae707198,commons.wikimedia.org,categorize,2026-08-29T08:30:38.567Z,1787992236,,
6463284459,0,eqiad.mediawiki.recentchange,f999c17a-c92f-4eb4-b138-a7a1c7e9b464,commons.wikimedia.org,categorize,2026-08-29T08:30:38.584Z,1787992237,,
6463284460,0,eqiad.mediawiki.recentchange,ec5858cd-a166-4426-a03f-c625402f9f6a,commons.wikimedia.org,categorize,2026-08-29T08:30:38.597Z,1787992236,,
6463284461,0,eqiad.mediawiki.recentchange,585b9b00-3f79-4160-9229-6c0e155e416c,commons.wikimedia.org,categorize,2026-08-29T08:30:38.607Z,1787992237,,
6463284462,0,eqiad.mediawiki.recentchange,f3da54a1-06f5-4ff2-a285-14225e4deb6a,id.wikipedia.org,new,2026-08-29T08:30:38.613Z,1787992238,,29663084
6463284463,0,eqiad.mediawiki.recentchange,bb55c847-5feb-480d-98dc-7ae54f4975d7,commons.wikimedia.org,categorize,2026-08-29T08:30:38.623Z,1787992236,,
6463284464,0,eqiad.mediawiki.recentchange,5bbbbefb-fbe5-49ef-ac21-80eb7ff5bf96,commons.wikimedia.org,categorize,2026-08-29T08:30:38.631Z,1787992237,,
6463284465,0,eqiad.mediawiki.recentchange,90702617-d939-4542-bf46-cf49833008d0,commons.wikimedia.org,categorize,2026-08-29T08:30:38.649Z,1787992237,,
6463284466,0,eqiad.mediawiki.recentchange,4282f54a-2d8e-4c36-ae84-d24a4dc8503a,commons.wikimedia.org,categorize,2026-08-29T08:30:38.667Z,1787992237,,
6463284467,0,eqiad.mediawiki.recentchange,2db39d06-47a9-4462-8db4-6e56691fa694,commons.wikimedia.org,categorize,2026-08-29T08:30:38.685Z,1787992237,,
6463284468,0,eqiad.mediawiki.recentchange,7098def5-e554-4919-8266-29cd9b416c65,www.wikidata.org,edit,2026-08-29T08:30:38.688Z,1787992238,2537676076,2537676079
6463284469,0,eqiad.mediawiki.recentchange,84983fdb-e1c0-4830-bc38-0b186b7dd886,commons.wikimedia.org,categorize,2026-08-29T08:30:38.712Z,1787992237,,
6463284470,0,eqiad.mediawiki.recentchange,9e7c6e3e-20e0-4679-94ca-44cbfff1433c,mg.wiktionary.org,new,2026-08-29T08:30:38.744Z,1787992238,,37585882
6463284471,0,eqiad.mediawiki.recentchange,ec62f37b-b8ea-4b0e-9821-ebad8fc0774f,www.wikidata.org,edit,2026-08-29T08:30:38.862Z,1787992238,2463308256,2537676081
6463284472,0,eqiad.mediawiki.recentchange,92dd10ac-fc97-4bc6-b15d-22186e7f97a5,de.wikipedia.org,edit,2026-08-29T08:30:38.939Z,1787992237,250098249,270068228
6463284473,0,eqiad.mediawiki.recentchange,2d77bcb3-d6d8-4a69-ba3b-cdb728dd1cde,commons.wikimedia.org,edit,2026-08-29T08:30:38.959Z,1787992238,486160923,1269160102
6463284474,0,eqiad.mediawiki.recentchange,d979f652-2969-45cf-8f2e-4d550bd5fe97,www.wikidata.org,edit,2026-08-29T08:30:38.965Z,1787992238,2537676029,2537676083
6463284475,0,eqiad.mediawiki.recentchange,dc57a1fa-6dce-4931-a92f-1aa5fccc5855,commons.wikimedia.org,edit,2026-08-29T08:30:38.981Z,1787992238,828265920,1269160101
6463284476,0,eqiad.mediawiki.recentchange,24d3aab0-cefa-4499-acf5-7526faca4ae7,commons.wikimedia.org,categorize,2026-08-29T08:30:39.073Z,1787992236,,
6463284477,0,eqiad.mediawiki.recentchange,f6d58a67-7f67-432b-a994-d0986bb5c847,ce.wikipedia.org,categorize,2026-08-29T08:30:39.079Z,1787992235,,
6463284478,0,eqiad.mediawiki.recentchange,33797ed2-2e0d-4140-b8c0-ff120db57656,www.wikidata.org,edit,2026-08-29T08:30:39.081Z,1787992238,2537676073,2537676080
6463284479,0,eqiad.mediawiki.recentchange,212a46e4-606d-453f-b555-c62ae71d2a60,commons.wikimedia.org,categorize,2026-08-29T08:30:39.097Z,1787992236,,
6463284480,0,eqiad.mediawiki.recentchange,be58a449-50e1-457b-9eaf-a99d0ad16229,www.wikidata.org,edit,2026-08-29T08:30:39.100Z,1787992238,2338519869,2537676084
6463284481,0,eqiad.mediawiki.recentchange,f87828f1-c864-49f1-95d9-7060eaca768a,commons.wikimedia.org,categorize,2026-08-29T08:30:39.119Z,1787992236,,
6463284482,0,eqiad.mediawiki.recentchange,3782b021-c43c-4449-8353-02c78d99582a,en.wikipedia.org,edit,2026-08-29T08:30:39.138Z,1787992233,1367925246,1371914419
6463284483,0,eqiad.mediawiki.recentchange,9af49459-cbcf-4666-b389-05185e6729ae,commons.wikimedia.org,categorize,2026-08-29T08:30:39.139Z,1787992236,,
6463284484,0,eqiad.mediawiki.recentchange,fba65ef1-b26a-4c43-953b-a029d612ca9a,commons.wikimedia.org,categorize,2026-08-29T08:30:39.159Z,1787992236,,
6463284485,0,eqiad.mediawiki.recentchange,fee4bab3-8561-45ae-9533-7072528d58a1,www.wikidata.org,edit,2026-08-29T08:30:39.174Z,1787992238,2537676079,2537676085
6463284486,0,eqiad.mediawiki.recentchange,de44b6cb-29f9-46e1-ae19-02a8905374fb,www.wikidata.org,edit,2026-08-29T08:30:39.177Z,1787992238,2351839786,2537676082
6463284487,0,eqiad.mediawiki.recentchange,edcf3380-b02c-4310-a01f-05fee38a7584,commons.wikimedia.org,categorize,2026-08-29T08:30:39.181Z,1787992236,,
6463284488,0,eqiad.mediawiki.recentchange,e869dbb5-bfbd-4279-8baf-0142a636a0ee,commons.wikimedia.org,edit,2026-08-29T08:30:39.185Z,1787992238,879136280,1269160103
6463284489,0,eqiad.mediawiki.recentchange,b2d20bdd-61c3-4e56-b126-b7b67089f3ff,commons.wikimedia.org,categorize,2026-08-29T08:30:39.200Z,1787992236,,
6463284490,0,eqiad.mediawiki.recentchange,8bcdc256-7c04-4b16-91d8-2a0422f79142,mg.wiktionary.org,categorize,2026-08-29T08:30:39.208Z,1787992238,,
6463284491,0,eqiad.mediawiki.recentchange,c916251e-efb8-424c-ab0d-37743964fdcb,en.wikipedia.org,edit,2026-08-29T08:30:39.210Z,1787992236,1371912736,1371914422
6463284492,0,eqiad.mediawiki.recentchange,72e77c0f-b41d-4d61-8a05-eda80ddcce43,commons.wikimedia.org,categorize,2026-08-29T08:30:39.215Z,1787992236,,
6463284493,0,eqiad.mediawiki.recentchange,b185813d-46b9-439f-8e20-c7e6bda7065b,mg.wiktionary.org,categorize,2026-08-29T08:30:39.230Z,1787992238,,
6463284494,0,eqiad.mediawiki.recentchange,d7816dfc-0db1-4412-a3a0-846be99efe8c,commons.wikimedia.org,categorize,2026-08-29T08:30:39.233Z,1787992236,,
6463284495,0,eqiad.mediawiki.recentchange,7fa1fbad-a1f0-4d94-972b-159e7a56ec1c,mg.wiktionary.org,categorize,2026-08-29T08:30:39.247Z,1787992238,,
6463284496,0,eqiad.mediawiki.recentchange,b790d48b-784b-43bd-8858-beb9a882a30f,commons.wikimedia.org,categorize,2026-08-29T08:30:39.250Z,1787992236,,
6463284497,0,eqiad.mediawiki.recentchange,18a77e9a-42fa-40ae-8451-8af4270c2f26,commons.wikimedia.org,log,2026-08-29T08:30:39.279Z,1787992237,,
6463284498,0,eqiad.mediawiki.recentchange,3195f0d3-9b49-4c61-998c-35513c0709c7,zh.wikipedia.org,edit,2026-08-29T08:30:39.308Z,1787992237,94083586,94090710
6463284499,0,eqiad.mediawiki.recentchange,2b4549bd-cdec-4d25-b67b-e0d497263195,es.wikipedia.org,edit,2026-08-29T08:30:39.321Z,1787992237,174127012,175090514
6463284500,0,eqiad.mediawiki.recentchange,be3f61c7-9014-48c1-9b4a-e2d08da86e1a,ja.wikipedia.org,edit,2026-08-29T08:30:39.359Z,1787992238,110785458,110819338
6463284501,0,eqiad.mediawiki.recentchange,5ca8c4e4-0cfb-4a55-bfed-1e8faeee65b4,commons.wikimedia.org,edit,2026-08-29T08:30:39.368Z,1787992238,1189528999,1269160105
6463284502,0,eqiad.mediawiki.recentchange,c3aeb951-4094-41b1-ac4a-9a6eaa7fe0b9,www.wikidata.org,edit,2026-08-29T08:30:39.462Z,1787992239,2537456588,2537676086
6463284503,0,eqiad.mediawiki.recentchange,f5ae742d-9295-4fca-99c9-6d127a4f2a36,www.wikidata.org,edit,2026-08-29T08:30:39.492Z,1787992239,2063037552,2537676087
6463284504,0,eqiad.mediawiki.recentchange,5d3ab1e4-dd01-4e6d-8047-be7125bc24f2,commons.wikimedia.org,edit,2026-08-29T08:30:39.568Z,1787992239,1245366513,1269160106
6463284505,0,eqiad.mediawiki.recentchange,516bda13-8f67-413b-9607-37b9ef40e16b,zh.wikipedia.org,edit,2026-08-29T08:30:39.592Z,1787992237,94090708,94090711
6463284506,0,eqiad.mediawiki.recentchange,dcdf7da9-8015-4810-a275-32ae998827d7,commons.wikimedia.org,log,2026-08-29T08:30:39.700Z,1787992238,,
6463284507,0,eqiad.mediawiki.recentchange,2a381185-baf0-45e8-9e78-3d2524dd3944,www.wikidata.org,edit,2026-08-29T08:30:39.714Z,1787992239,2460982120,2537676088
6463284508,0,eqiad.mediawiki.recentchange,5a24944b-16ca-4824-8197-c58370766729,commons.wikimedia.org,edit,2026-08-29T08:30:39.752Z,1787992239,464953056,1269160107
6463284509,0,eqiad.mediawiki.recentchange,5cebf147-ffac-4473-b1bc-8c5dd4411936,de.wikivoyage.org,edit,2026-08-29T08:30:39.806Z,1787992238,1799493,1799659
6463284510,0,eqiad.mediawiki.recentchange,033cb359-f373-41a6-a6b7-18e22505763e,ce.wikipedia.org,categorize,2026-08-29T08:30:39.843Z,1787992236,,
6463284511,0,eqiad.mediawiki.recentchange,d091e759-e0b9-455c-a7c0-2c95e1ffab24,de.wikipedia.org,edit,2026-08-29T08:30:39.863Z,1787992238,270053979,270068229
6463284512,0,eqiad.mediawiki.recentchange,45f47246-689b-4ff8-8dc2-98a6cdcb3a4c,commons.wikimedia.org,edit,2026-08-29T08:30:39.958Z,1787992239,655163712,1269160108
6463284513,0,eqiad.mediawiki.recentchange,703d5fa4-fbd6-4015-a24a-3140a703d8b2,hu.wikipedia.org,edit,2026-08-29T08:30:40.034Z,1787992238,29309538,29309986
6463284514,0,eqiad.mediawiki.recentchange,a53c3316-984c-4275-8eaf-5cdb1b5e321f,commons.wikimedia.org,categorize,2026-08-29T08:30:40.097Z,1787992237,,
6463284515,0,eqiad.mediawiki.recentchange,a950aced-e87d-406e-ade7-f44bc074c8c1,www.wikidata.org,edit,2026-08-29T08:30:40.100Z,1787992239,1575338765,2537676089
6463284516,0,eqiad.mediawiki.recentchange,6e788f7a-7716-40b5-9ef9-cf876a446d5f,commons.wikimedia.org,categorize,2026-08-29T08:30:40.115Z,1787992237,,
6463284517,0,eqiad.mediawiki.recentchange,d5411d23-a33b-4158-8038-7cf39640f49c,commons.wikimedia.org,categorize,2026-08-29T08:30:40.132Z,1787992237,,
6463284518,0,eqiad.mediawiki.recentchange,a73d482d-9599-4d83-8fe0-9d0fa51d33f1,www.wikidata.org,edit,2026-08-29T08:30:40.149Z,1787992239,2460982133,2537676090
6463284519,0,eqiad.mediawiki.recentchange,3cbf9a53-ab17-4120-8f71-24dca53bf147,commons.wikimedia.org,categorize,2026-08-29T08:30:40.151Z,1787992237,,
6463284520,0,eqiad.mediawiki.recentchange,c4ca5675-abda-45cf-bd69-cf4c978d55d6,commons.wikimedia.org,categorize,2026-08-29T08:30:40.168Z,1787992237,,
6463284521,0,eqiad.mediawiki.recentchange,fb67f8ad-bcf9-481a-8c27-8957d12d5759,commons.wikimedia.org,categorize,2026-08-29T08:30:40.189Z,1787992237,,
6463284522,0,eqiad.mediawiki.recentchange,e79859cc-5a7c-4ce0-999f-e8df46c7c4c6,uk.wikipedia.org,edit,2026-08-29T08:30:40.197Z,1787992239,46799349,48719976
6463284523,0,eqiad.mediawiki.recentchange,deafd381-37ec-4eda-9e07-fd1ace704cfe,commons.wikimedia.org,categorize,2026-08-29T08:30:40.207Z,1787992237,,
6463284524,0,eqiad.mediawiki.recentchange,da0580fd-4a0e-4736-afe7-a51227a3496b,commons.wikimedia.org,log,2026-08-29T08:30:40.228Z,1787992237,,
6463284525,0,eqiad.mediawiki.recentchange,ddfebcc7-f09c-4770-acd6-ac66ed7ff310,commons.wikimedia.org,categorize,2026-08-29T08:30:40.234Z,1787992237,,
6463284526,0,eqiad.mediawiki.recentchange,4a586e5d-4dc1-449a-bf1f-660b0c473361,commons.wikimedia.org,categorize,2026-08-29T08:30:40.251Z,1787992237,,
6463284527,0,eqiad.mediawiki.recentchange,d5234931-7d41-4567-b212-893745e91827,commons.wikimedia.org,edit,2026-08-29T08:30:40.262Z,1787992239,1098600540,1269160109
6463284528,0,eqiad.mediawiki.recentchange,c8de58b1-3bea-41be-a320-ebcd6dc8f855,commons.wikimedia.org,categorize,2026-08-29T08:30:40.270Z,1787992237,,
6463284529,0,eqiad.mediawiki.recentchange,6c53293a-f0e7-4b9c-8055-ffb18b2a8625,commons.wikimedia.org,categorize,2026-08-29T08:30:40.348Z,1787992239,,
6463284530,0,eqiad.mediawiki.recentchange,94dedca2-eafb-4230-bfb9-2ded52f6d22a,commons.wikimedia.org,categorize,2026-08-29T08:30:40.368Z,1787992239,,
6463284531,0,eqiad.mediawiki.recentchange,d5e776b2-a61b-426c-82ed-08dceee501f3,commons.wikimedia.org,categorize,2026-08-29T08:30:40.386Z,1787992239,,
6463284532,0,eqiad.mediawiki.recentchange,d2b864ed-8946-4461-a533-2daa8e50e6f7,www.wikidata.org,edit,2026-08-29T08:30:40.387Z,1787992240,2537676089,2537676092
6463284533,0,eqiad.mediawiki.recentchange,e8ea0f37-c210-424c-8199-f9235c62617d,commons.wikimedia.org,categorize,2026-08-29T08:30:40.404Z,1787992239,,
6463284534,0,eqiad.mediawiki.recentchange,6b3730f6-023e-4383-b74e-ae94fd88ca4d,commons.wikimedia.org,categorize,2026-08-29T08:30:40.422Z,1787992239,,
6463284535,0,eqiad.mediawiki.recentchange,ceeacd5e-c19a-4384-8d6f-599c871982d8,commons.wikimedia.org,categorize,2026-08-29T08:30:40.461Z,1787992238,,
6463284536,0,eqiad.mediawiki.recentchange,a77a1aba-13ca-477d-9ffa-4519361d0f0d,commons.wikimedia.org,categorize,2026-08-29T08:30:40.482Z,1787992238,,
6463284537,0,eqiad.mediawiki.recentchange,7653ec7d-eb68-4aaf-9643-73be0a0da3f8,commons.wikimedia.org,categorize,2026-08-29T08:30:40.498Z,1787992238,,
6463284538,0,eqiad.mediawiki.recentchange,3c9b268f-5327-46e9-bc84-73356a11f8f0,commons.wikimedia.org,categorize,2026-08-29T08:30:40.515Z,1787992238,,
6463284539,0,eqiad.mediawiki.recentchange,d62dd0ff-33a0-47b1-8461-6d3310f8c8e1,commons.wikimedia.org,categorize,2026-08-29T08:30:40.535Z,1787992238,,
6463284540,0,eqiad.mediawiki.recentchange,4869255d-f033-48fa-8304-f192d4023dce,www.wikidata.org,edit,2026-08-29T08:30:40.562Z,1787992240,2313985677,2537676093
6463284541,0,eqiad.mediawiki.recentchange,e2fcfeb3-2d38-4d19-9047-eb77ce74510e,www.wikidata.org,edit,2026-08-29T08:30:40.577Z,1787992240,2537676087,2537676091
6463284542,0,eqiad.mediawiki.recentchange,124d7312-93c7-473d-8455-51da6935796d,pl.wikipedia.org,edit,2026-08-29T08:30:40.718Z,1787992240,80583929,80583935
6463284543,0,eqiad.mediawiki.recentchange,275aac04-e8e8-44d8-a827-0120f840724e,en.wikipedia.org,edit,2026-08-29T08:30:40.726Z,1787992237,1371914291,1371914424
6463284544,0,eqiad.mediawiki.recentchange,82311c7b-d538-4d2d-929e-70b8882aa77e,www.wikidata.org,edit,2026-08-29T08:30:40.726Z,1787992240,2502790092,2537676094
6463284545,0,eqiad.mediawiki.recentchange,904a9ffa-137f-4733-bfb0-18380f67bbed,en.wikipedia.org,edit,2026-08-29T08:30:40.784Z,1787992233,1371912886,1371914420
6463284546,0,eqiad.mediawiki.recentchange,8323f1a5-af63-4bd9-a57e-26c364263f07,commons.wikimedia.org,edit,2026-08-29T08:30:40.931Z,1787992240,1042112571,1269160110
6463284547,0,eqiad.mediawiki.recentchange,03f15b48-9afe-4578-9426-9654163334a0,id.wikipedia.org,new,2026-08-29T08:30:40.937Z,1787992237,,29663085
6463284548,0,eqiad.mediawiki.recentchange,ff99963b-6474-4027-9547-c2ae9cbc6d88,www.wikidata.org,edit,2026-08-29T08:30:40.956Z,1787992240,2537676092,2537676096
6463284549,0,eqiad.mediawiki.recentchange,ff86fee2-3a16-4660-96f8-3d825667cba0,www.wikidata.org,edit,2026-08-29T08:30:41.024Z,1787992240,2482845623,2537676095
6463284550,0,eqiad.mediawiki.recentchange,05c4beed-90eb-441a-ab20-1d44c7ffb875,pl.wikipedia.org,categorize,2026-08-29T08:30:41.080Z,1787992240,,
6463284551,0,eqiad.mediawiki.recentchange,8bc94021-3e6c-4046-b102-f5e3b4c3a28a,zh.wikipedia.org,edit,2026-08-29T08:30:41.112Z,1787992239,94084017,94090712
6463284552,0,eqiad.mediawiki.recentchange,4151f133-f058-400c-8d8d-2d28741d9871,commons.wikimedia.org,edit,2026-08-29T08:30:41.205Z,1787992240,1251912573,1269160111
6463284553,0,eqiad.mediawiki.recentchange,398e775b-e06f-4941-ae7c-68719fbadd0e,en.wikipedia.org,new,2026-08-29T08:30:41.249Z,1787992240,,1371914426
6463284554,0,eqiad.mediawiki.recentchange,e9da5114-0c80-4e94-a77c-449f69c35a25,www.wikidata.org,edit,2026-08-29T08:30:41.262Z,1787992240,2536979128,2537676097
6463284555,0,eqiad.mediawiki.recentchange,d27b04d7-171c-49c5-8768-fdfaf3b118d6,ru.wikipedia.org,edit,2026-08-29T08:30:41.408Z,1787992240,151214944,154749899
6463284556,0,eqiad.mediawiki.recentchange,97039e09-2d6b-4996-a585-0ecffff220cf,www.wikidata.org,edit,2026-08-29T08:30:41.412Z,1787992241,2461393812,2537676098
6463284557,0,eqiad.mediawiki.recentchange,be310584-2112-463b-821e-5ec78225b9be,fr.wikipedia.org,log,2026-08-29T08:30:41.421Z,1787992241,,
6463284558,0,eqiad.mediawiki.recentchange,b1d6d353-0b3f-48f3-88cd-d0cf9046e50e,fr.wikipedia.org,edit,2026-08-29T08:30:41.448Z,1787992240,169471894,239048234
6463284559,0,eqiad.mediawiki.recentchange,62f6e05b-ccda-45b4-90ec-1e16068c942b,de.wikipedia.org,edit,2026-08-29T08:30:41.494Z,1787992239,175015483,270068230
6463284560,0,eqiad.mediawiki.recentchange,83ad93af-36de-4982-82b7-223a2876855b,fr.wikipedia.org,new,2026-08-29T08:30:41.502Z,1787992240,,239048235
6463284561,0,eqiad.mediawiki.recentchange,a1c49461-418f-4d15-be64-66e66f78c98a,my.wikipedia.org,edit,2026-08-29T08:30:41.504Z,1787992240,1033675,1050755
6463284562,0,eqiad.mediawiki.recentchange,2f55f66c-3f9d-4a51-b869-9eb6cd4a0aff,en.wikipedia.org,log,2026-08-29T08:30:41.573Z,1787992241,,
6463284563,0,eqiad.mediawiki.recentchange,0d494860-0824-46ba-876b-2c7884b3e16a,en.wikipedia.org,edit,2026-08-29T08:30:41.675Z,1787992224,1371906550,1371914410
6463284564,0,eqiad.mediawiki.recentchange,58146c5f-ed65-4c46-aa6e-7d05681bea4a,www.wikidata.org,edit,2026-08-29T08:30:41.712Z,1787992241,2251265303,2537676100
6463284565,0,eqiad.mediawiki.recentchange,7d350896-9f50-4b7f-b32e-90c9bc3b88cd,commons.wikimedia.org,edit,2026-08-29T08:30:41.781Z,1787992241,516492205,1269160112
6463284566,0,eqiad.mediawiki.recentchange,cd69e5bb-f928-47c3-b71b-e848ffaec12d,es.wikipedia.org,edit,2026-08-29T08:30:41.785Z,1787992241,175086036,175090515
6463284567,0,eqiad.mediawiki.recentchange,e1bbb6ca-8250-49d9-b68b-5f133190a953,commons.wikimedia.org,edit,2026-08-29T08:30:41.825Z,1787992241,1042112469,1269160113
6463284568,0,eqiad.mediawiki.recentchange,5035a112-acba-4048-a301-bbcdf46354dd,www.wikidata.org,edit,2026-08-29T08:30:41.906Z,1787992241,1620375941,2537676099
6463284569,0,eqiad.mediawiki.recentchange,de10024a-0565-4c17-bc1f-062a827c82b1,en.wikipedia.org,categorize,2026-08-29T08:30:41.914Z,1787992240,,
6463284570,0,eqiad.mediawiki.recentchange,f284f877-971a-4e28-a53d-358a212bd642,en.wikipedia.org,categorize,2026-08-29T08:30:41.932Z,1787992240,,
6463284571,0,eqiad.mediawiki.recentchange,e91bd382-771b-4193-bded-a4d5150f11dd,pl.wikipedia.org,edit,2026-08-29T08:30:42.014Z,1787992235,80583920,80583933
6463284572,0,eqiad.mediawiki.recentchange,9aae4f61-edd6-4d8b-bb1d-ec0781c8157c,id.wikipedia.org,categorize,2026-08-29T08:30:42.069Z,1787992237,,
6463284573,0,eqiad.mediawiki.recentchange,1055ed61-61cc-4070-a07d-146d342e3a84,id.wikipedia.org,categorize,2026-08-29T08:30:42.089Z,1787992237,,
6463284574,0,eqiad.mediawiki.recentchange,7c20e1ad-3233-4a6a-8db4-a0a394db5c99,ur.wikipedia.org,new,2026-08-29T08:30:42.092Z,1787992240,,11840612
6463284575,0,eqiad.mediawiki.recentchange,299cc6df-f7b9-402e-b29f-89cf2145c060,id.wikipedia.org,categorize,2026-08-29T08:30:42.104Z,1787992237,,
6463284576,0,eqiad.mediawiki.recentchange,aa91cdbf-579b-41b0-92d5-56d712755f7c,id.wikipedia.org,categorize,2026-08-29T08:30:42.124Z,1787992237,,
6463284577,0,eqiad.mediawiki.recentchange,43988edf-1dae-40e8-b701-93712b644a8b,www.wikidata.org,edit,2026-08-29T08:30:42.141Z,1787992241,2461393807,2537676102
6463284578,0,eqiad.mediawiki.recentchange,e56457be-3134-4d63-a7bc-b7b7410606e7,id.wikipedia.org,categorize,2026-08-29T08:30:42.144Z,1787992237,,
6463284579,0,eqiad.mediawiki.recentchange,386c9b81-6720-4f5d-b7a0-0c3fa16fdbb5,www.wikidata.org,edit,2026-08-29T08:30:42.153Z,1787992241,2537676099,2537676101
6463284580,0,eqiad.mediawiki.recentchange,890cf926-3062-4cf3-b94d-a6ee17cd1472,id.wikipedia.org,categorize,2026-08-29T08:30:42.160Z,1787992237,,
6463284581,0,eqiad.mediawiki.recentchange,c1649c22-cd0c-4833-8bb9-497545ace31c,id.wikipedia.org,categorize,2026-08-29T08:30:42.178Z,1787992237,,
6463284582,0,eqiad.mediawiki.recentchange,5f45f5e7-bc18-4b32-b431-e4593eecd469,id.wikipedia.org,categorize,2026-08-29T08:30:42.195Z,1787992237,,
6463284583,0,eqiad.mediawiki.recentchange,7a5ace49-6225-4f05-9e5c-7eb19e7f2cd3,id.wikipedia.org,categorize,2026-08-29T08:30:42.213Z,1787992237,,
6463284584,0,eqiad.mediawiki.recentchange,88b96836-ac6b-468a-9723-b7b660ce501f,id.wikipedia.org,categorize,2026-08-29T08:30:42.229Z,1787992237,,
6463284585,0,eqiad.mediawiki.recentchange,92d7deb2-ad70-4169-8f29-b5e1c13d1fdf,id.wikipedia.org,categorize,2026-08-29T08:30:42.246Z,1787992237,,
6463284586,0,eqiad.mediawiki.recentchange,dc1f06de-0828-458e-b757-fb0841637885,commons.wikimedia.org,edit,2026-08-29T08:30:42.247Z,1787992241,806112885,1269160114
6463284587,0,eqiad.mediawiki.recentchange,402f9fde-4d8e-4b37-b332-29a2adff0e52,id.wikipedia.org,categorize,2026-08-29T08:30:42.265Z,1787992237,,
6463284588,0,eqiad.mediawiki.recentchange,fd183b7b-96d1-41c6-b2fd-1b504a986ab5,id.wikipedia.org,categorize,2026-08-29T08:30:42.283Z,1787992237,,
6463284589,0,eqiad.mediawiki.recentchange,1817add5-06ec-4227-9934-d7c591f899cb,id.wikipedia.org,categorize,2026-08-29T08:30:42.303Z,1787992237,,
6463284590,0,eqiad.mediawiki.recentchange,0e607f3e-e9da-44ba-8cae-d9e5c8dbcd03,id.wikipedia.org,categorize,2026-08-29T08:30:42.328Z,1787992237,,
6463284591,0,eqiad.mediawiki.recentchange,32d5b4a0-2bce-490c-bd10-ea39f43fe7d4,www.wikidata.org,log,2026-08-29T08:30:42.335Z,1787992242,,
6463284592,0,eqiad.mediawiki.recentchange,b232d1fe-8689-4142-94db-e333d477bfbe,id.wikipedia.org,categorize,2026-08-29T08:30:42.345Z,1787992237,,
6463284593,0,eqiad.mediawiki.recentchange,743b1a60-151c-4763-a527-5702a3516c38,id.wikipedia.org,categorize,2026-08-29T08:30:42.368Z,1787992237,,
6463284594,0,eqiad.mediawiki.recentchange,e9f63ddd-9a62-4ff8-8f57-5829250d7d7f,id.wikipedia.org,categorize,2026-08-29T08:30:42.388Z,1787992237,,
6463284595,0,eqiad.mediawiki.recentchange,e9a4e5fa-1a35-4ab7-be0d-26b503c4b6ea,www.wikidata.org,edit,2026-08-29T08:30:42.433Z,1787992242,2251265287,2537676104
6463284596,0,eqiad.mediawiki.recentchange,7b0fcd8d-fba3-4fc5-8045-14ff5fb990a0,ja.wikipedia.org,edit,2026-08-29T08:30:42.460Z,1787992237,110813595,110819337
6463284597,0,eqiad.mediawiki.recentchange,34100f26-59ba-46a6-a44a-982d987215a6,commons.wikimedia.org,edit,2026-08-29T08:30:42.479Z,1787992241,1021809205,1269160115
6463284598,0,eqiad.mediawiki.recentchange,7d9e7f6e-723a-4591-9eab-5bdc8e746ff7,uk.wikipedia.org,edit,2026-08-29T08:30:42.584Z,1787992241,46847828,48719978
6463284599,0,eqiad.mediawiki.recentchange,4d97619b-63f5-43e3-b8ef-b4eb9d0d9a06,www.wikidata.org,edit,2026-08-29T08:30:42.611Z,1787992242,2537676101,2537676103
6463284600,0,eqiad.mediawiki.recentchange,a06416a5-8d36-465f-91e3-166d37fb8076,www.wikidata.org,edit,2026-08-29T08:30:42.612Z,1787992242,2470867688,2537676105
6463284601,0,eqiad.mediawiki.recentchange,a6299d0e-a0d9-4bef-975c-b63bf83c4e1e,www.wikidata.org,edit,2026-08-29T08:30:42.625Z,1787992242,2532691039,2537676106
6463284602,0,eqiad.mediawiki.recentchange,ad388e8a-2e3b-44ca-ba29-44dac7d9f427,en.wiktionary.org,edit,2026-08-29T08:30:42.659Z,1787992240,92381874,92381881
6463284603,0,eqiad.mediawiki.recentchange,7f8ce234-60fe-4fb7-9484-ce7466dbfce2,www.wikidata.org,edit,2026-08-29T08:30:43.009Z,1787992242,2417473690,2537676108
6463284604,0,eqiad.mediawiki.recentchange,206a5c6c-4dcd-4808-9e60-58ba454ee3e7,commons.wikimedia.org,edit,2026-08-29T08:30:43.088Z,1787992242,1066726807,1269160116
6463284605,0,eqiad.mediawiki.recentchange,57bf465e-fe28-476e-8f06-5967f1683dcd,commons.wikimedia.org,edit,2026-08-29T08:30:43.111Z,1787992242,740392753,1269160117
6463284606,0,eqiad.mediawiki.recentchange,c60ab5b4-cc06-4cc0-9090-4334cd393a82,commons.wikimedia.org,categorize,2026-08-29T08:30:43.132Z,1787992241,,
6463284607,0,eqiad.mediawiki.recentchange,37915633-76de-4946-94c2-825a93ff77ac,fr.wikipedia.org,categorize,2026-08-29T08:30:43.134Z,1787992240,,
6463284608,0,eqiad.mediawiki.recentchange,71057fe2-8728-4103-a0b0-844ee723309d,www.wikidata.org,edit,2026-08-29T08:30:43.142Z,1787992242,2144942572,2537676107
6463284609,0,eqiad.mediawiki.recentchange,05719fcd-be0e-4914-99b6-aba697c71540,fr.wikipedia.org,categorize,2026-08-29T08:30:43.152Z,1787992240,,
6463284610,0,eqiad.mediawiki.recentchange,9981b57f-cf6a-4e23-bf76-bfaab3f6e7e8,commons.wikimedia.org,categorize,2026-08-29T08:30:43.152Z,1787992241,,
6463284611,0,eqiad.mediawiki.recentchange,742efb6a-b58c-4733-9304-cb4c663a0736,www.wikidata.org,edit,2026-08-29T08:30:43.168Z,1787992242,2537676103,2537676110
6463284612,0,eqiad.mediawiki.recentchange,c18f528d-3156-406f-ac0b-5746d7f6bfc9,fr.wikipedia.org,categorize,2026-08-29T08:30:43.169Z,1787992240,,
6463284613,0,eqiad.mediawiki.recentchange,52fe0524-9a88-4225-a08e-ef5b7b49e264,de.wikipedia.org,log,2026-08-29T08:30:43.177Z,1787992243,,
6463284614,0,eqiad.mediawiki.recentchange,5e7e1203-ea84-4d12-8ef4-b90d7802f380,commons.wikimedia.org,edit,2026-08-29T08:30:43.226Z,1787992242,1246328216,1269160118
6463284615,0,eqiad.mediawiki.recentchange,85dad174-9344-4a2a-bec7-c0070bcc612c,uk.wikipedia.org,edit,2026-08-29T08:30:43.271Z,1787992241,47983474,48719977
6463284616,0,eqiad.mediawiki.recentchange,72edda89-caaa-49a4-8411-f05db4b12589,www.wikidata.org,edit,2026-08-29T08:30:43.354Z,1787992242,2444020316,2537676109
6463284617,0,eqiad.mediawiki.recentchange,9f3fc475-5f78-431b-b20c-c5a2b5eb6212,www.wikidata.org,edit,2026-08-29T08:30:43.371Z,1787992243,2417473683,2537676113
6463284618,0,eqiad.mediawiki.recentchange,da1f62a1-b7c3-4f6f-842a-ce9cf1db32bf,nl.wikipedia.org,edit,2026-08-29T08:30:43.545Z,1787992242,71847976,71848080
6463284619,0,eqiad.mediawiki.recentchange,b82eb387-8e7f-4b55-9f5a-3d2cfe64015d,zh.wikipedia.org,new,2026-08-29T08:30:43.594Z,1787992241,,94090713
6463284620,0,eqiad.mediawiki.recentchange,1649e194-ae8e-4b12-8978-2aff08584634,www.wikidata.org,edit,2026-08-29T08:30:43.598Z,1787992243,2537634803,2537676114
6463284621,0,eqiad.mediawiki.recentchange,e4a874d8-c0fc-4482-a5b4-290eff162765,www.wikidata.org,edit,2026-08-29T08:30:43.676Z,1787992243,2499671907,2537676115
6463284622,0,eqiad.mediawiki.recentchange,becf6ec2-6b74-431e-a3a2-dda68993e1fa,www.wikidata.org,edit,2026-08-29T08:30:43.755Z,1787992243,2537675658,2537676117
6463284623,0,eqiad.mediawiki.recentchange,86580848-3fc2-4d65-b222-4fa3d048dc1a,www.wikidata.org,edit,2026-08-29T08:30:43.756Z,1787992243,2537676106,2537676112
6463284624,0,eqiad.mediawiki.recentchange,28a14931-90cb-43e9-b526-8250e679be02,commons.wikimedia.org,edit,2026-08-29T08:30:43.774Z,1787992243,494322228,1269160119
6463284625,0,eqiad.mediawiki.recentchange,232b6d1c-0a79-4015-afbb-5e99932a8152,ce.wikipedia.org,edit,2026-08-29T08:30:43.779Z,1787992237,23712470,24422775
6463284626,0,eqiad.mediawiki.recentchange,525f8fcf-353e-47a8-9125-a25f3ccd84e1,commons.wikimedia.org,edit,2026-08-29T08:30:43.831Z,1787992243,1192566053,1269160120
6463284627,0,eqiad.mediawiki.recentchange,a47325b9-c509-4a84-b48d-d74e9b905736,de.wikipedia.org,edit,2026-08-29T08:30:43.887Z,1787992243,268382799,270068231
6463284628,0,eqiad.mediawiki.recentchange,e2b747c5-5651-4941-89e4-f0dd7cfdac6a,www.wikidata.org,edit,2026-08-29T08:30:43.894Z,1787992243,2537676107,2537676116
6463284629,0,eqiad.mediawiki.recentchange,caee0cbd-d417-48ba-b67a-e1f5e2e22130,www.wikidata.org,edit,2026-08-29T08:30:43.953Z,1787992243,2005540886,2537676119
6463284630,0,eqiad.mediawiki.recentchange,819e0d5e-fa19-48bb-b881-ce91774de176,www.wikidata.org,edit,2026-08-29T08:30:43.972Z,1787992243,2417473681,2537676120
6463284631,0,eqiad.mediawiki.recentchange,ebfaf456-1bac-48c4-81d0-c7d1c93d0dee,www.wikidata.org,edit,2026-08-29T08:30:43.998Z,1787992243,2537675832,2537676118
6463284632,0,eqiad.mediawiki.recentchange,47819999-ad72-4915-8745-393f1a41091b,www.wikidata.org,edit,2026-08-29T08:30:44.100Z,1787992242,2537675844,2537676111
6463284633,0,eqiad.mediawiki.recentchange,b39b5d3e-4d83-4415-9c37-10ec60486df7,uk.wikipedia.org,edit,2026-08-29T08:30:44.173Z,1787992243,47472937,48719979
6463284634,0,eqiad.mediawiki.recentchange,80535966-20ae-4899-92ca-5a23296b5ccc,nl.wikipedia.org,edit,2026-08-29T08:30:44.184Z,1787992243,66818278,71848081
6463284635,0,eqiad.mediawiki.recentchange,f3e67cbe-dcae-42f9-8473-8995ef20c2cf,commons.wikimedia.org,categorize,2026-08-29T08:30:44.241Z,1787992242,,
6463284636,0,eqiad.mediawiki.recentchange,542ad507-d10a-40df-a0ea-e90d5fa4204d,commons.wikimedia.org,categorize,2026-08-29T08:30:44.259Z,1787992242,,
6463284637,0,eqiad.mediawiki.recentchange,6fd7740f-8e71-4a7d-a523-3327c8991c0c,www.wikidata.org,edit,2026-08-29T08:30:44.297Z,1787992243,1573315189,2537676121
6463284638,0,eqiad.mediawiki.recentchange,429d0d88-f9dc-45a5-8acd-8a8b3342c9eb,www.wikidata.org,log,2026-08-29T08:30:44.306Z,1787992244,,
6463284639,0,eqiad.mediawiki.recentchange,8b5d22be-cd32-4b21-ba5c-b969701a4be3,en.wikipedia.org,edit,2026-08-29T08:30:44.327Z,1787992243,1371914407,1371914427
6463284640,0,eqiad.mediawiki.recentchange,ad32117f-11d0-4289-8e2c-e7bdf8fb02b8,www.wikidata.org,edit,2026-08-29T08:30:44.356Z,1787992243,2537674876,2537676122
6463284641,0,eqiad.mediawiki.recentchange,6cd4b578-3e0a-4c92-9613-570b0c57a08c,www.wikidata.org,edit,2026-08-29T08:30:44.365Z,1787992244,2417473679,2537676123
6463284642,0,eqiad.mediawiki.recentchange,d3ee7d68-a8c2-4413-bc23-504d1dd6b080,uk.wikipedia.org,edit,2026-08-29T08:30:44.379Z,1787992243,46918266,48719980
6463284643,0,eqiad.mediawiki.recentchange,c0f05b51-b4b2-42a1-96c8-68c21146b035,commons.wikimedia.org,edit,2026-08-29T08:30:44.459Z,1787992243,975830544,1269160122
6463284644,0,eqiad.mediawiki.recentchange,b619bd2a-a021-44b5-a0e1-9c0e8512db68,www.wikidata.org,edit,2026-08-29T08:30:44.470Z,1787992244,2526168685,2537676126
6463284645,0,eqiad.mediawiki.recentchange,c64d5f78-73b2-4419-af55-abef9c5f50b6,www.wikidata.org,edit,2026-08-29T08:30:44.497Z,1787992244,2537676121,2537676124
6463284646,0,eqiad.mediawiki.recentchange,65e25ad8-218d-461f-a15e-d728b66e5c0f,ce.wikipedia.org,edit,2026-08-29T08:30:44.547Z,1787992242,23712471,24422776
6463284647,0,eqiad.mediawiki.recentchange,7998409a-feb2-41b9-8659-6241fbfdaf8e,zh-yue.wikipedia.org,log,2026-08-29T08:30:44.551Z,1787992244,,
6463284648,0,eqiad.mediawiki.recentchange,49726c4e-01d0-43b4-9add-f891ccccddd6,it.wikipedia.org,new,2026-08-29T08:30:44.553Z,1787992243,,152239625
6463284649,0,eqiad.mediawiki.recentchange,1189086d-dc5e-4433-a2fa-8db667ba65f4,commons.wikimedia.org,edit,2026-08-29T08:30:44.608Z,1787992244,1181470342,1269160123
6463284650,0,eqiad.mediawiki.recentchange,94773635-c22e-4182-8e37-4c2a976b1b95,zh-yue.wikipedia.org,edit,2026-08-29T08:30:44.629Z,1787992244,2454040,2454054
6463284651,0,eqiad.mediawiki.recentchange,6642ef5b-5e11-4f92-ba5a-9f4810800b00,www.wikidata.org,edit,2026-08-29T08:30:44.791Z,1787992244,2535122665,2537676125
6463284652,0,eqiad.mediawiki.recentchange,b6f70dc0-8614-412d-9912-7044d9846663,ur.wikipedia.org,categorize,2026-08-29T08:30:44.823Z,1787992240,,
6463284653,0,eqiad.mediawiki.recentchange,1c66f72d-8ff2-4e00-ad4b-271aac1b76fa,ur.wikipedia.org,categorize,2026-08-29T08:30:44.844Z,1787992240,,
6463284654,0,eqiad.mediawiki.recentchange,9fa1460a-8580-4102-8122-b82afd100a31,www.wikidata.org,edit,2026-08-29T08:30:44.853Z,1787992244,2470372639,2537676128
6463284655,0,eqiad.mediawiki.recentchange,a18e5c67-2355-4261-8788-515db00cf49c,ur.wikipedia.org,categorize,2026-08-29T08:30:44.863Z,1787992240,,
6463284656,0,eqiad.mediawiki.recentchange,64c1dbf7-e52d-4901-abba-4b056431e5c3,commons.wikimedia.org,edit,2026-08-29T08:30:44.864Z,1787992244,1053093684,1269160124
6463284657,0,eqiad.mediawiki.recentchange,75c0d6dc-a638-4eff-a651-2895f8ea9541,ur.wikipedia.org,categorize,2026-08-29T08:30:44.885Z,1787992240,,
6463284658,0,eqiad.mediawiki.recentchange,3c4b4e16-a5b0-4a1d-af8a-6692e5dce8ea,ur.wikipedia.org,categorize,2026-08-29T08:30:44.904Z,1787992240,,
6463284659,0,eqiad.mediawiki.recentchange,19ef8028-1ecf-43bc-8573-e4166bc793c8,ur.wikipedia.org,categorize,2026-08-29T08:30:44.924Z,1787992240,,
6463284660,0,eqiad.mediawiki.recentchange,4e6d2b3c-c838-41f7-8e2c-b1ea3a73f82c,ur.wikipedia.org,categorize,2026-08-29T08:30:44.949Z,1787992240,,
6463284661,0,eqiad.mediawiki.recentchange,42c3ca6d-c3b5-45ee-9f0a-28f9cf8ffcc7,ur.wikipedia.org,categorize,2026-08-29T08:30:44.966Z,1787992240,,
6463284662,0,eqiad.mediawiki.recentchange,55c9a830-46e9-4b91-9e45-847f7fcd4780,ur.wikipedia.org,categorize,2026-08-29T08:30:44.987Z,1787992240,,
6463284663,0,eqiad.mediawiki.recentchange,91f1df09-a2a1-48bd-8908-9b4327b5cb81,ur.wikipedia.org,categorize,2026-08-29T08:30:45.005Z,1787992240,,
6463284664,0,eqiad.mediawiki.recentchange,5ad38fa6-e479-4e16-80ca-d101a6287f50,zh.wikipedia.org,categorize,2026-08-29T08:30:45.007Z,1787992241,,
6463284665,0,eqiad.mediawiki.recentchange,ea90bc51-77ad-4bf9-b6fa-6f2087383fbb,commons.wikimedia.org,edit,2026-08-29T08:30:45.018Z,1787992244,1203053783,1269160125
6463284666,0,eqiad.mediawiki.recentchange,363bc8b4-dfd9-41e2-b6f9-501dc0110f0c,ur.wikipedia.org,categorize,2026-08-29T08:30:45.026Z,1787992240,,
6463284667,0,eqiad.mediawiki.recentchange,309ccc6c-8f27-41bb-84c1-d13bd492d59e,zh.wikipedia.org,categorize,2026-08-29T08:30:45.030Z,1787992241,,
6463284668,0,eqiad.mediawiki.recentchange,1d88288d-5bf1-4c01-8095-173c75bc1a93,zh.wikipedia.org,new,2026-08-29T08:30:45.043Z,1787992243,,94090714
6463284669,0,eqiad.mediawiki.recentchange,9784940a-70d0-4f69-a0f5-b9a1554f535a,zh.wikipedia.org,categorize,2026-08-29T08:30:45.048Z,1787992241,,
6463284670,0,eqiad.mediawiki.recentchange,566d7f55-de60-4e4d-afae-15291e118bb9,ur.wikipedia.org,categorize,2026-08-29T08:30:45.045Z,1787992240,,
6463284671,0,eqiad.mediawiki.recentchange,f792b740-52ce-43d7-9fba-c46c6ee13a7f,it.wikipedia.org,categorize,2026-08-29T08:30:45.048Z,1787992243,,
6463284672,0,eqiad.mediawiki.recentchange,7c51bebb-9e05-4d34-b4a2-2fa22e68ae68,ur.wikipedia.org,categorize,2026-08-29T08:30:45.066Z,1787992240,,
6463284673,0,eqiad.mediawiki.recentchange,406f0c05-e90c-440e-bf05-eea9beb6be5e,it.wikipedia.org,categorize,2026-08-29T08:30:45.078Z,1787992243,,
6463284674,0,eqiad.mediawiki.recentchange,e5b1a347-d5d4-4f46-8fd2-a3ab5f7553b6,ur.wikipedia.org,categorize,2026-08-29T08:30:45.084Z,1787992240,,
6463284675,0,eqiad.mediawiki.recentchange,d5ee029e-08dd-4bc6-b63f-b8d39724eb1c,ur.wikipedia.org,categorize,2026-08-29T08:30:45.107Z,1787992240,,
6463284676,0,eqiad.mediawiki.recentchange,070debd6-280e-40a1-8250-a32da7ef819f,ur.wikipedia.org,categorize,2026-08-29T08:30:45.127Z,1787992240,,
6463284677,0,eqiad.mediawiki.recentchange,7e001b4c-b304-405a-b6d6-10a8c6df3839,ur.wikipedia.org,categorize,2026-08-29T08:30:45.152Z,1787992240,,
6463284678,0,eqiad.mediawiki.recentchange,732ab7c5-ee4f-4be1-a10b-280554c75e13,uk.wikipedia.org,categorize,2026-08-29T08:30:45.170Z,1787992243,,
6463284679,0,eqiad.mediawiki.recentchange,e9325216-c185-4acc-b7cf-b55c8e2d431e,ur.wikipedia.org,categorize,2026-08-29T08:30:45.178Z,1787992240,,
6463284680,0,eqiad.mediawiki.recentchange,67f13f4b-83f8-430c-a32a-a56e4b5cdd09,uk.wikipedia.org,categorize,2026-08-29T08:30:45.192Z,1787992243,,
6463284681,0,eqiad.mediawiki.recentchange,ea19980d-7ace-41df-8a5b-aa001dfb2bfe,ur.wikipedia.org,categorize,2026-08-29T08:30:45.208Z,1787992240,,
6463284682,0,eqiad.mediawiki.recentchange,0e477f49-21d0-4ebc-aae0-1cf0e9cac93a,www.wikidata.org,edit,2026-08-29T08:30:45.232Z,1787992244,2269759848,2537676127
6463284683,0,eqiad.mediawiki.recentchange,73d7cd5e-bcd8-457f-91b2-431550ec7f66,ur.wikipedia.org,categorize,2026-08-29T08:30:45.237Z,1787992240,,
6463284684,0,eqiad.mediawiki.recentchange,bf4582d9-2cc7-4f25-ae8f-96e2b7f891f7,mk.wikipedia.org,edit,2026-08-29T08:30:45.257Z,1787992244,5586705,5621478
6463284685,0,eqiad.mediawiki.recentchange,841a077a-1344-4697-8844-188b28fa27e2,ur.wikipedia.org,categorize,2026-08-29T08:30:45.258Z,1787992240,,
6463284686,0,eqiad.mediawiki.recentchange,f3109271-c425-40ba-9f2e-b071232f2c8b,www.wikidata.org,edit,2026-08-29T08:30:45.267Z,1787992244,2537676124,2537676130
6463284687,0,eqiad.mediawiki.recentchange,c353e1aa-b002-4d70-992e-70cb9d421763,ur.wikipedia.org,categorize,2026-08-29T08:30:45.275Z,1787992240,,
6463284688,0,eqiad.mediawiki.recentchange,8b0dfb75-6588-4058-b530-56fe8276612d,commons.wikimedia.org,log,2026-08-29T08:30:45.278Z,1787992243,,
6463284689,0,eqiad.mediawiki.recentchange,694c718d-fd52-4cb1-9e9c-4f8d66a33f51,www.wikidata.org,edit,2026-08-29T08:30:45.336Z,1787992244,2417473673,2537676131
6463284690,0,eqiad.mediawiki.recentchange,e1a3833b-7b22-4876-bf07-fe890b494cc0,commons.wikimedia.org,edit,2026-08-29T08:30:45.403Z,1787992244,1269158886,1269160126
6463284691,0,eqiad.mediawiki.recentchange,36bff622-4700-4101-bab6-0fb40176d31c,www.wikidata.org,edit,2026-08-29T08:30:45.426Z,1787992245,2516950060,2537676132
6463284692,0,eqiad.mediawiki.recentchange,9f3b8dba-ab9a-48fa-8127-951af324d736,ru.wikipedia.org,edit,2026-08-29T08:30:45.446Z,1787992244,154749860,154749900
6463284693,0,eqiad.mediawiki.recentchange,6da1c7bf-0156-480c-8096-3de7b1ed5ae1,commons.wikimedia.org,edit,2026-08-29T08:30:45.449Z,1787992244,1269095508,1269160128
6463284694,0,eqiad.mediawiki.recentchange,d087f059-ec6b-47ad-bec1-a0bf5a1d33a1,commons.wikimedia.org,edit,2026-08-29T08:30:45.515Z,1787992245,1269160121,1269160131
6463284695,0,eqiad.mediawiki.recentchange,3873ecb8-803b-4b7b-9ca4-a05233479fa6,nl.wikipedia.org,edit,2026-08-29T08:30:45.531Z,1787992244,50946698,71848082
6463284696,0,eqiad.mediawiki.recentchange,b31e04cd-67ea-4a7f-8535-991761359ea3,commons.wikimedia.org,edit,2026-08-29T08:30:45.558Z,1787992245,1154055959,1269160129
6463284697,0,eqiad.mediawiki.recentchange,483ce4c0-63fd-4c06-96f0-b4896fe74888,www.wikidata.org,edit,2026-08-29T08:30:45.580Z,1787992245,2496492079,2537676134
6463284698,0,eqiad.mediawiki.recentchange,8fb1c7be-1647-4934-8934-c34be7a4b039,commons.wikimedia.org,edit,2026-08-29T08:30:45.597Z,1787992245,765755288,1269160130
6463284699,0,eqiad.mediawiki.recentchange,d929fb1e-d9ef-4e1b-a0ba-37d26a256018,www.wikidata.org,edit,2026-08-29T08:30:45.705Z,1787992245,2417473670,2537676135
6463284700,0,eqiad.mediawiki.recentchange,696775ca-8b57-46d6-a9bb-ae5b436bea31,zh.wikipedia.org,categorize,2026-08-29T08:30:45.727Z,1787992243,,
6463284701,0,eqiad.mediawiki.recentchange,76e9c4b0-e663-47f3-8899-5e008854112d,www.wikidata.org,edit,2026-08-29T08:30:45.759Z,1787992245,2537676127,2537676133
6463284702,0,eqiad.mediawiki.recentchange,0668c46b-b613-4811-af5d-6a22ffc9f3eb,commons.wikimedia.org,log,2026-08-29T08:30:45.772Z,1787992244,,
6463284703,0,eqiad.mediawiki.recentchange,62be350b-7a01-40d2-b21c-c3d100ae9819,ce.wikipedia.org,categorize,2026-08-29T08:30:45.826Z,1787992237,,
6463284704,0,eqiad.mediawiki.recentchange,8d556819-6ce4-421e-88b5-4b539ee7c8d9,en.wikisource.org,edit,2026-08-29T08:30:45.828Z,1787992245,16262099,16266160
6463284705,0,eqiad.mediawiki.recentchange,bc04231c-3140-4bb5-9b7c-2487145d26f5,www.wikidata.org,edit,2026-08-29T08:30:45.965Z,1787992245,2417473666,2537676137
6463284706,0,eqiad.mediawiki.recentchange,92e28674-6dec-4a41-a7f5-88380ba77fb0,www.wikidata.org,edit,2026-08-29T08:30:46.119Z,1787992245,1576159275,2537676136
6463284707,0,eqiad.mediawiki.recentchange,8356ecb4-87ed-4921-b60e-7bc9716d1f18,www.wikidata.org,edit,2026-08-29T08:30:46.159Z,1787992245,2537675981,2537676138
6463284708,0,eqiad.mediawiki.recentchange,9162241f-4e10-49a4-b4d5-45dfe521f91a,ce.wikipedia.org,edit,2026-08-29T08:30:46.226Z,1787992243,23712472,24422777
6463284709,0,eqiad.mediawiki.recentchange,799ed179-5557-4a22-9a49-14e5fc6fd93d,uk.wikipedia.org,edit,2026-08-29T08:30:46.271Z,1787992245,46908933,48719981
6463284710,0,eqiad.mediawiki.recentchange,e700b62e-205d-436e-a230-c111458ab8ff,en.wikisource.org,categorize,2026-08-29T08:30:46.284Z,1787992245,,
6463284711,0,eqiad.mediawiki.recentchange,162a5c70-d961-48da-a53d-dfef48026f6a,en.wikisource.org,categorize,2026-08-29T08:30:46.307Z,1787992245,,
6463284712,0,eqiad.mediawiki.recentchange,5a000981-1490-45fe-8565-9cce548abbc0,www.wikidata.org,edit,2026-08-29T08:30:46.310Z,1787992246,2417476112,2537676139
6463284713,0,eqiad.mediawiki.recentchange,a7f52535-3e8c-4c32-ac10-273d9126f0fc,www.wikidata.org,log,2026-08-29T08:30:46.385Z,1787992246,,
6463284714,0,eqiad.mediawiki.recentchange,c28449c0-3bb5-4098-a1fb-8f9408ef4c8c,commons.wikimedia.org,edit,2026-08-29T08:30:46.395Z,1787992245,1053093986,1269160132
6463284715,0,eqiad.mediawiki.recentchange,960f1887-15fd-47db-8a4d-26a4ddb11b1c,commons.wikimedia.org,categorize,2026-08-29T08:30:46.398Z,1787992244,,
6463284716,0,eqiad.mediawiki.recentchange,4f5c0a86-183e-475f-8c53-47e9db310a7b,commons.wikimedia.org,categorize,2026-08-29T08:30:46.420Z,1787992244,,
6463284717,0,eqiad.mediawiki.recentchange,ae8cc927-c24f-4c85-8171-43adb411b86b,sh.wikipedia.org,edit,2026-08-29T08:30:46.420Z,1787992239,42681889,42681890
6463284718,0,eqiad.mediawiki.recentchange,2e713722-4993-4974-8e84-7ee2ca02607f,commons.wikimedia.org,categorize,2026-08-29T08:30:46.441Z,1787992244,,
6463284719,0,eqiad.mediawiki.recentchange,34978a0d-3f44-4d77-9b2e-10a20683bdd4,commons.wikimedia.org,categorize,2026-08-29T08:30:46.462Z,1787992244,,
6463284720,0,eqiad.mediawiki.recentchange,c82ebee7-8bb1-4af6-bd67-767285248793,www.wikidata.org,edit,2026-08-29T08:30:46.475Z,1787992246,2447373613,2537676141
6463284721,0,eqiad.mediawiki.recentchange,24cee6c9-8e13-4cbf-a3be-0ef8b3e92582,commons.wikimedia.org,categorize,2026-08-29T08:30:46.479Z,1787992245,,
6463284722,0,eqiad.mediawiki.recentchange,8e24138d-b77e-4ce4-a220-a68a4478e318,www.wikidata.org,edit,2026-08-29T08:30:46.534Z,1787992246,2537676136,2537676140
6463284723,0,eqiad.mediawiki.recentchange,0b502c86-ed05-4366-a3af-b2220616e975,en.wikipedia.org,edit,2026-08-29T08:30:46.550Z,1787992245,1371914124,1371914428
6463284724,0,eqiad.mediawiki.recentchange,6415fd0e-b1d3-47bf-8d5b-4eb631dd4610,hu.wikipedia.org,edit,2026-08-29T08:30:46.591Z,1787992243,28746657,29309987
6463284725,0,eqiad.mediawiki.recentchange,d0f200c1-deb1-47de-8fca-8ce33b4a27ff,www.wikidata.org,edit,2026-08-29T08:30:46.593Z,1787992246,2537676057,2537676142
6463284726,0,eqiad.mediawiki.recentchange,bf7713b0-4168-4340-a134-216767466ef5,commons.wikimedia.org,edit,2026-08-29T08:30:46.700Z,1787992245,1114967067,1269160133
6463284727,0,eqiad.mediawiki.recentchange,618f35ca-885d-42f3-a8f8-2f6fd8a8c441,www.wikidata.org,edit,2026-08-29T08:30:46.860Z,1787992246,2225406464,2537676143
6463284728,0,eqiad.mediawiki.recentchange,aeb48f9d-0f1f-4664-a3ff-c3cd3b8b5ccb,www.wikidata.org,edit,2026-08-29T08:30:46.862Z,1787992246,2417476107,2537676144
6463284729,0,eqiad.mediawiki.recentchange,ecf8f182-567b-457c-abee-1536af613240,www.wikidata.org,edit,2026-08-29T08:30:46.978Z,1787992246,2537676140,2537676145
6463284730,0,eqiad.mediawiki.recentchange,0e43ec6b-2d2b-4bef-b84d-0acfffe3ef17,commons.wikimedia.org,edit,2026-08-29T08:30:47.020Z,1787992246,1053095326,1269160135
6463284731,0,eqiad.mediawiki.recentchange,28575c7c-51f7-4ac3-a39b-8c4cba3fd4c1,commons.wikimedia.org,edit,2026-08-29T08:30:47.031Z,1787992246,806112944,1269160136
2082308442,0,codfw.mediawiki.recentchange,9e5ea59c-3076-4172-b3c0-4cce11e85fad,ar.wikipedia.org,log,2026-08-29T08:30:46.269Z,1787992246,,
2082308443,0,codfw.mediawiki.recentchange,84f02473-5c18-4fde-b32f-bdb9aae3ab1e,ar.wikipedia.org,log,2026-08-29T08:30:46.854Z,1787992246,,
6463284732,0,eqiad.mediawiki.recentchange,c919ae4c-07ad-4ff3-9c65-436ff9d14b9b,commons.wikimedia.org,edit,2026-08-29T08:30:47.178Z,1787992246,497319157,1269160137
6463284733,0,eqiad.mediawiki.recentchange,bc454b50-66d0-4a8f-9e32-182c2317ba9b,www.wikidata.org,edit,2026-08-29T08:30:47.252Z,1787992246,2417476006,2537676146
6463284734,0,eqiad.mediawiki.recentchange,90c71a36-315a-4cbd-9d85-0aaa19d479fc,ce.wikipedia.org,edit,2026-08-29T08:30:47.337Z,1787992245,23712473,24422778
6463284735,0,eqiad.mediawiki.recentchange,85af3db2-de15-415d-b38a-e5345780675b,id.wikipedia.org,new,2026-08-29T08:30:47.526Z,1787992245,,29663086
6463284736,0,eqiad.mediawiki.recentchange,eaa7d5a9-f368-48d3-a0d5-441cb3629667,www.wikidata.org,edit,2026-08-29T08:30:47.575Z,1787992247,2417476000,2537676147
6463284737,0,eqiad.mediawiki.recentchange,7c5d382b-4a98-4268-a30f-a7493a353bde,ru.wikipedia.org,new,2026-08-29T08:30:47.586Z,1787992247,,154749901
6463284738,0,eqiad.mediawiki.recentchange,0c091a34-7a9c-4339-9ca1-eb84b72072ec,tr.wikipedia.org,log,2026-08-29T08:30:47.648Z,1787992247,,
6463284739,0,eqiad.mediawiki.recentchange,78388d36-7f4f-456a-a150-4db367ca8601,zh.wikipedia.org,edit,2026-08-29T08:30:47.746Z,1787992244,93696490,94090715
6463284740,0,eqiad.mediawiki.recentchange,8cc42831-8dc8-4e29-8f4c-3e87fdcc0c8f,ce.wikipedia.org,categorize,2026-08-29T08:30:47.758Z,1787992243,,
6463284741,0,eqiad.mediawiki.recentchange,d912e4a2-4f31-418c-86a6-2b6224d7a6db,commons.wikimedia.org,log,2026-08-29T08:30:47.782Z,1787992245,,
6463284742,0,eqiad.mediawiki.recentchange,be555f79-298a-435e-8b65-7a8a3827d746,en.wikipedia.org,edit,2026-08-29T08:30:47.845Z,1787992245,1336401715,1371914429
6463284743,0,eqiad.mediawiki.recentchange,26f0ff83-3191-42d2-8d9f-2e264d9efff1,an.wikipedia.org,edit,2026-08-29T08:30:47.864Z,1787992247,2459705,2471065
6463284744,0,eqiad.mediawiki.recentchange,bc565a4e-3795-4b87-bb85-7fa8a6dd28c4,de.wikipedia.org,edit,2026-08-29T08:30:47.876Z,1787992247,211435395,270068233
6463284745,0,eqiad.mediawiki.recentchange,78683464-5b6d-4f66-aa30-6baf79696c3f,www.wikidata.org,edit,2026-08-29T08:30:47.964Z,1787992247,1569424556,2537676148
6463284746,0,eqiad.mediawiki.recentchange,262cb2b5-aeea-4071-99b0-033e2c15024e,de.wikivoyage.org,edit,2026-08-29T08:30:47.967Z,1787992247,1237453,1799660
6463284747,0,eqiad.mediawiki.recentchange,67445e9b-c3e9-42f3-9fa0-7ae669f559ef,commons.wikimedia.org,edit,2026-08-29T08:30:48.091Z,1787992247,837834587,1269160141
6463284748,0,eqiad.mediawiki.recentchange,c164838a-9fad-4a61-b8fa-e107112d4385,www.wikidata.org,edit,2026-08-29T08:30:48.092Z,1787992247,2485221442,2537676149
6463284749,0,eqiad.mediawiki.recentchange,3c759b3e-dd69-43a1-a197-d79402ad86f0,commons.wikimedia.org,edit,2026-08-29T08:30:48.118Z,1787992247,1268907720,1269160140
6463284750,0,eqiad.mediawiki.recentchange,daa39686-6fb6-4c0c-b341-31eee850b8c5,nl.wikipedia.org,edit,2026-08-29T08:30:48.132Z,1787992247,66818105,71848083
6463284751,0,eqiad.mediawiki.recentchange,afe39811-057c-4ca0-aac0-e1e5d7670f91,commons.wikimedia.org,edit,2026-08-29T08:30:48.202Z,1787992247,1053095222,1269160143
6463284752,0,eqiad.mediawiki.recentchange,57d84860-083d-4ed3-96a7-df8da614c2ae,commons.wikimedia.org,edit,2026-08-29T08:30:48.219Z,1787992247,1269142153,1269160142
6463284753,0,eqiad.mediawiki.recentchange,747091f6-f607-4219-a63a-27099423eebd,commons.wikimedia.org,edit,2026-08-29T08:30:48.324Z,1787992246,1003070666,1269160139
6463284754,0,eqiad.mediawiki.recentchange,1e38a191-83d4-4fe1-94cc-5d2e62f37cd3,www.wikidata.org,log,2026-08-29T08:30:48.326Z,1787992248,,
6463284755,0,eqiad.mediawiki.recentchange,ecdaed5d-2309-40c1-ae4d-c00fc52d8390,www.wikidata.org,edit,2026-08-29T08:30:48.363Z,1787992247,2537676148,2537676150
6463284756,0,eqiad.mediawiki.recentchange,e72d6786-a4f0-4c26-a3e9-59be014ef321,www.wikidata.org,edit,2026-08-29T08:30:48.391Z,1787992248,2536979160,2537676152
6463284757,0,eqiad.mediawiki.recentchange,d79d17fc-8f1b-4771-8ff1-9b19d30edd37,commons.wikimedia.org,edit,2026-08-29T08:30:48.420Z,1787992247,696731836,1269160144
6463284758,0,eqiad.mediawiki.recentchange,17415eb1-3752-407f-ac35-262a54ea6d16,nl.wikipedia.org,log,2026-08-29T08:30:48.425Z,1787992248,,
6463284759,0,eqiad.mediawiki.recentchange,4c375655-5b59-4a11-9699-77efae5f2a3b,ar.wikipedia.org,edit,2026-08-29T08:30:48.442Z,1787992247,76373052,76373061
6463284760,0,eqiad.mediawiki.recentchange,1fa8db5f-7627-48c1-aa61-98e8a9921c22,fi.wikipedia.org,edit,2026-08-29T08:30:48.535Z,1787992247,23074951,24206001
6463284761,0,eqiad.mediawiki.recentchange,12a7b88a-826c-44c2-972e-74cf4bf8de09,id.wikipedia.org,categorize,2026-08-29T08:30:48.554Z,1787992245,,
6463284762,0,eqiad.mediawiki.recentchange,801898cc-fedd-4fc3-a541-f379cd42b267,commons.wikimedia.org,edit,2026-08-29T08:30:48.568Z,1787992248,1269060891,1269160145
6463284763,0,eqiad.mediawiki.recentchange,15963588-5f72-4f2c-b927-987ae2544a45,id.wikipedia.org,categorize,2026-08-29T08:30:48.584Z,1787992245,,
6463284764,0,eqiad.mediawiki.recentchange,9dbe2a9a-7b9e-44d3-a117-8b7f0fbc4556,www.wikidata.org,edit,2026-08-29T08:30:48.599Z,1787992247,2537675873,2537676151
6463284765,0,eqiad.mediawiki.recentchange,e0b3d6e6-b536-4070-aa4f-189d5e480c0e,id.wikipedia.org,categorize,2026-08-29T08:30:48.601Z,1787992245,,
6463284766,0,eqiad.mediawiki.recentchange,26de4151-9a54-4cb6-8b6b-c11dda4ca1de,commons.wikimedia.org,edit,2026-08-29T08:30:48.618Z,1787992248,1009626496,1269160146
6463284767,0,eqiad.mediawiki.recentchange,896aeba4-f3ff-4cbd-95dd-6839bfe74c36,id.wikipedia.org,categorize,2026-08-29T08:30:48.619Z,1787992245,,
6463284768,0,eqiad.mediawiki.recentchange,ae0386d4-0adf-401f-ba6b-c61dafc063af,uk.wikipedia.org,edit,2026-08-29T08:30:48.632Z,1787992247,48527854,48719982
6463284769,0,eqiad.mediawiki.recentchange,59c2dd35-5d01-40db-9d2b-bb722e88486f,id.wikipedia.org,categorize,2026-08-29T08:30:48.637Z,1787992245,,
6463284770,0,eqiad.mediawiki.recentchange,ec83cad5-c7a0-4f7c-a9f7-47bbf4b1b143,id.wikipedia.org,categorize,2026-08-29T08:30:48.654Z,1787992245,,
6463284771,0,eqiad.mediawiki.recentchange,e8ff1037-d435-4a4d-bd34-4d9616f7c910,ce.wikipedia.org,categorize,2026-08-29T08:30:48.662Z,1787992242,,
6463284772,0,eqiad.mediawiki.recentchange,3c93ceba-ec58-4d53-b405-d1954fec84e1,id.wikipedia.org,categorize,2026-08-29T08:30:48.670Z,1787992245,,
6463284773,0,eqiad.mediawiki.recentchange,b96cac18-3599-405a-ac63-5769a0f799f7,id.wikipedia.org,categorize,2026-08-29T08:30:48.687Z,1787992245,,
6463284774,0,eqiad.mediawiki.recentchange,3f54cf97-f584-4b37-b90b-a8ad036b5ee9,id.wikipedia.org,categorize,2026-08-29T08:30:48.727Z,1787992245,,
6463284775,0,eqiad.mediawiki.recentchange,6918123a-55f7-4c54-a7f5-71c1e51dfed2,id.wikipedia.org,categorize,2026-08-29T08:30:48.746Z,1787992245,,
6463284776,0,eqiad.mediawiki.recentchange,0fde9cc5-f27c-434b-b87e-efdb4eb98c85,commons.wikimedia.org,categorize,2026-08-29T08:30:48.755Z,1787992245,,
6463284777,0,eqiad.mediawiki.recentchange,0aa85ea9-544b-4e58-b419-4dbab9664863,id.wikipedia.org,categorize,2026-08-29T08:30:48.766Z,1787992245,,
6463284778,0,eqiad.mediawiki.recentchange,0def0bbb-a95a-414b-af3d-65fa2069d567,commons.wikimedia.org,categorize,2026-08-29T08:30:48.776Z,1787992245,,
6463284779,0,eqiad.mediawiki.recentchange,3bf64ca6-6e0c-455c-bea3-78b44d711c29,id.wikipedia.org,categorize,2026-08-29T08:30:48.783Z,1787992245,,
6463284780,0,eqiad.mediawiki.recentchange,ad2a7722-5d8b-4f6f-8a29-297f27abb89a,en.wikipedia.org,edit,2026-08-29T08:30:48.794Z,1787992248,1309789969,1371914432
6463284781,0,eqiad.mediawiki.recentchange,8e817102-afb9-41cd-aec1-0142e9390037,commons.wikimedia.org,categorize,2026-08-29T08:30:48.800Z,1787992245,,
6463284782,0,eqiad.mediawiki.recentchange,0e249ac8-e225-46a5-acd8-e380c14c218e,id.wikipedia.org,categorize,2026-08-29T08:30:48.800Z,1787992245,,
6463284783,0,eqiad.mediawiki.recentchange,90dff9d9-0cb1-4ac2-bd84-1953949e1204,commons.wikimedia.org,categorize,2026-08-29T08:30:48.817Z,1787992245,,
6463284784,0,eqiad.mediawiki.recentchange,bf183aa9-beaa-4b35-8eee-970009e5424c,id.wikipedia.org,categorize,2026-08-29T08:30:48.824Z,1787992245,,
6463284785,0,eqiad.mediawiki.recentchange,7e8bc4a0-1042-4362-9edd-49ecda39b1b7,commons.wikimedia.org,categorize,2026-08-29T08:30:48.836Z,1787992245,,
6463284786,0,eqiad.mediawiki.recentchange,7f28a1fd-1610-4382-87b1-cb01e67ea32b,commons.wikimedia.org,edit,2026-08-29T08:30:48.838Z,1787992248,1267580652,1269160147
6463284787,0,eqiad.mediawiki.recentchange,f0ebdaa7-4dfa-4e7a-abfd-7ddf7f260aa9,id.wikipedia.org,categorize,2026-08-29T08:30:48.840Z,1787992245,,
6463284788,0,eqiad.mediawiki.recentchange,94146739-63e1-41f6-9dfb-d28bf721518c,commons.wikimedia.org,categorize,2026-08-29T08:30:48.856Z,1787992245,,
6463284789,0,eqiad.mediawiki.recentchange,b584e736-ef5f-4dea-b194-b11d1f40daa3,id.wikipedia.org,categorize,2026-08-29T08:30:48.863Z,1787992245,,
6463284790,0,eqiad.mediawiki.recentchange,338871d0-2d76-4cd7-b99b-6c095999e8c1,commons.wikimedia.org,categorize,2026-08-29T08:30:48.873Z,1787992245,,
6463284791,0,eqiad.mediawiki.recentchange,04f6e299-e1c2-40f8-b6fe-c1aae3a54069,id.wikipedia.org,categorize,2026-08-29T08:30:48.886Z,1787992245,,
6463284792,0,eqiad.mediawiki.recentchange,038100b9-84e7-4d27-a086-82986b5edb21,commons.wikimedia.org,categorize,2026-08-29T08:30:48.890Z,1787992245,,
6463284793,0,eqiad.mediawiki.recentchange,23a8f205-e04f-4a2a-8caa-d6490285673c,it.wikipedia.org,edit,2026-08-29T08:30:48.900Z,1787992243,152209616,152239624
6463284794,0,eqiad.mediawiki.recentchange,1bfdc82c-447e-4caf-a762-20cdb2ec45fd,id.wikipedia.org,categorize,2026-08-29T08:30:48.907Z,1787992245,,
6463284795,0,eqiad.mediawiki.recentchange,f58151d0-3392-4381-86bd-1dcd09961494,commons.wikimedia.org,categorize,2026-08-29T08:30:48.917Z,1787992245,,
6463284796,0,eqiad.mediawiki.recentchange,4eea4126-88a3-40a4-b746-18e9b746140f,commons.wikimedia.org,categorize,2026-08-29T08:30:48.935Z,1787992245,,
6463284797,0,eqiad.mediawiki.recentchange,1c9261b8-2007-4e3c-a460-97d17d835a6e,www.wikidata.org,edit,2026-08-29T08:30:48.974Z,1787992248,2537676150,2537676154
6463284798,0,eqiad.mediawiki.recentchange,e88e8176-3ffd-47dd-8aba-f8523aad35aa,commons.wikimedia.org,categorize,2026-08-29T08:30:49.032Z,1787992247,,
6463284799,0,eqiad.mediawiki.recentchange,8ff906c7-7bcb-46c1-b491-3ceec4576235,commons.wikimedia.org,categorize,2026-08-29T08:30:49.050Z,1787992247,,
6463284800,0,eqiad.mediawiki.recentchange,c5105a64-10e7-4e54-944a-c8b8a0fdae44,commons.wikimedia.org,categorize,2026-08-29T08:30:49.068Z,1787992247,,
6463284801,0,eqiad.mediawiki.recentchange,e7e1037f-d84a-4bb4-931d-33379e14f261,pl.wiktionary.org,edit,2026-08-29T08:30:49.073Z,1787992248,8840411,8865533
6463284802,0,eqiad.mediawiki.recentchange,1db61405-1f29-4395-a858-9a2abad467f1,commons.wikimedia.org,categorize,2026-08-29T08:30:49.088Z,1787992247,,
6463284803,0,eqiad.mediawiki.recentchange,c4a177f3-04c8-4910-b54a-24234f6d694c,de.wikipedia.org,edit,2026-08-29T08:30:49.106Z,1787992245,269876947,270068232
6463284804,0,eqiad.mediawiki.recentchange,0a140158-7a85-4b61-b381-4bfc4699b03e,commons.wikimedia.org,categorize,2026-08-29T08:30:49.113Z,1787992247,,
6463284805,0,eqiad.mediawiki.recentchange,a7a918d7-1faa-4f0e-ac0e-1838be3eb02e,commons.wikimedia.org,edit,2026-08-29T08:30:49.114Z,1787992248,806112865,1269160149
6463284806,0,eqiad.mediawiki.recentchange,500fd446-f327-4cd9-a132-fd23a0e9fe11,commons.wikimedia.org,edit,2026-08-29T08:30:49.133Z,1787992248,1053095288,1269160148
6463284807,0,eqiad.mediawiki.recentchange,2156703a-b590-4184-9ea2-af011ea89008,www.wikidata.org,edit,2026-08-29T08:30:49.161Z,1787992248,2447310621,2537676155
6463284808,0,eqiad.mediawiki.recentchange,a07d52bc-3157-42a3-a935-f76cf0ca7177,en.wikipedia.org,edit,2026-08-29T08:30:49.172Z,1787992247,1371678848,1371914430
6463284809,0,eqiad.mediawiki.recentchange,4f8b3e65-d982-4cf6-a620-cc60f4be15d2,www.wikidata.org,edit,2026-08-29T08:30:49.196Z,1787992242,2537013599,2537676129
6463284810,0,eqiad.mediawiki.recentchange,f4d48cc0-70d2-4bdb-8681-0efcd4a10889,commons.wikimedia.org,edit,2026-08-29T08:30:49.199Z,1787992248,1198789483,1269160150
6463284811,0,eqiad.mediawiki.recentchange,7d26678b-c7c5-4c32-8a0f-2445b3607394,en.wikipedia.org,categorize,2026-08-29T08:30:49.223Z,1787992248,,
6463284812,0,eqiad.mediawiki.recentchange,d6b0a314-748e-4ef6-b987-0a0ce7f08b98,www.wikidata.org,edit,2026-08-29T08:30:49.239Z,1787992248,2537676151,2537676156
6463284813,0,eqiad.mediawiki.recentchange,ed346978-e933-4a17-83dc-1ab4d1b5e2ad,en.wikipedia.org,categorize,2026-08-29T08:30:49.241Z,1787992248,,
6463284814,0,eqiad.mediawiki.recentchange,3fb03009-5c4e-418f-968d-753b7ec8a1d3,www.wikidata.org,edit,2026-08-29T08:30:49.289Z,1787992248,2537676143,2537676153
6463284815,0,eqiad.mediawiki.recentchange,13bf0b87-84e4-4461-aab8-6d78fb1df9fe,commons.wikimedia.org,categorize,2026-08-29T08:30:49.516Z,1787992248,,
6463284816,0,eqiad.mediawiki.recentchange,0a0b39e3-b3fa-4875-b365-2c6243e0c5b9,www.wikidata.org,edit,2026-08-29T08:30:49.532Z,1787992249,2537676156,2537676157
6463284817,0,eqiad.mediawiki.recentchange,19da90c3-0d1f-4016-b4a4-fa214b75773d,commons.wikimedia.org,categorize,2026-08-29T08:30:49.535Z,1787992248,,
6463284818,0,eqiad.mediawiki.recentchange,f2322162-1279-4230-ab0b-3bc081c41560,commons.wikimedia.org,categorize,2026-08-29T08:30:49.555Z,1787992248,,
6463284819,0,eqiad.mediawiki.recentchange,c29ca38d-731a-4d9b-977d-f9e55bf3c7e1,ce.wikipedia.org,edit,2026-08-29T08:30:49.607Z,1787992247,23712474,24422779
6463284820,0,eqiad.mediawiki.recentchange,93bdd8b8-bd48-48bf-ad75-ebe96fe30574,www.wikidata.org,edit,2026-08-29T08:30:49.644Z,1787992249,2115485991,2537676158
6463284821,0,eqiad.mediawiki.recentchange,02c7ab51-04d8-414f-b4f6-ac37b8b76bee,commons.wikimedia.org,edit,2026-08-29T08:30:49.708Z,1787992248,1178253427,1269160151
6463284822,0,eqiad.mediawiki.recentchange,5caf6d6c-4d71-4dae-8fa3-e7ece38b4b91,commons.wikimedia.org,edit,2026-08-29T08:30:49.812Z,1787992249,1053094207,1269160153
6463284823,0,eqiad.mediawiki.recentchange,26502160-4cfd-4a59-93f9-e1e6a2b0dc7f,commons.wikimedia.org,edit,2026-08-29T08:30:49.836Z,1787992249,1116212549,1269160152
6463284824,0,eqiad.mediawiki.recentchange,170971c7-dad3-4d1e-b951-e56d3cc15187,www.wikidata.org,edit,2026-08-29T08:30:49.847Z,1787992249,2217400816,2537676160
6463284825,0,eqiad.mediawiki.recentchange,915c40ae-8f4a-49ad-9d3b-9e8b320cd42d,www.wikidata.org,edit,2026-08-29T08:30:49.954Z,1787992249,1576280609,2537676159
6463284826,0,eqiad.mediawiki.recentchange,4d68fd2c-3471-4dfd-9022-b6d989a62494,commons.wikimedia.org,edit,2026-08-29T08:30:50.032Z,1787992249,513127071,1269160154
6463284827,0,eqiad.mediawiki.recentchange,49e18008-8daf-4c5c-bc80-d6450e251373,www.wikidata.org,edit,2026-08-29T08:30:50.045Z,1787992249,2508718183,2537676161
6463284828,0,eqiad.mediawiki.recentchange,a10fce2f-dd9d-488a-90ba-9b8e02d4ee25,www.wikidata.org,edit,2026-08-29T08:30:50.131Z,1787992249,2537676157,2537676163
6463284829,0,eqiad.mediawiki.recentchange,2859f485-c8c9-42e6-8826-8d0eaeecba53,ur.wikipedia.org,new,2026-08-29T08:30:50.190Z,1787992248,,11840613
6463284830,0,eqiad.mediawiki.recentchange,f93d99c7-2a31-4a91-8d43-d0fb12916f25,www.wikidata.org,edit,2026-08-29T08:30:50.194Z,1787992249,2537676159,2537676162
6463284831,0,eqiad.mediawiki.recentchange,658ea7b4-c19b-45ae-a8ff-e5fee3c6706e,uk.wikipedia.org,edit,2026-08-29T08:30:50.257Z,1787992249,46840222,48719983
6463284832,0,eqiad.mediawiki.recentchange,5d788bcc-ffd8-40e1-9b14-06eed3f3b7ee,www.wikidata.org,log,2026-08-29T08:30:50.326Z,1787992250,,
6463284833,0,eqiad.mediawiki.recentchange,cd29ce0f-589c-4fac-be4d-87d3739ced2b,ce.wikipedia.org,categorize,2026-08-29T08:30:50.330Z,1787992245,,
6463284834,0,eqiad.mediawiki.recentchange,2bb03236-d140-4761-a3fa-68e20d47434d,it.wikipedia.org,new,2026-08-29T08:30:50.338Z,1787992249,,152239626
6463284835,0,eqiad.mediawiki.recentchange,71a6fe8b-b799-42ef-8f2a-f546d293102a,en.wikipedia.org,edit,2026-08-29T08:30:50.597Z,1787992248,1371913739,1371914438
6463284836,0,eqiad.mediawiki.recentchange,7c1767f9-d870-4f9c-bdf8-a1f6c05dc976,en.wikipedia.org,edit,2026-08-29T08:30:50.597Z,1787992247,1371912755,1371914431
6463284837,0,eqiad.mediawiki.recentchange,f3922dfa-fcdf-4ef7-ba64-296301695979,commons.wikimedia.org,categorize,2026-08-29T08:30:50.664Z,1787992249,,
6463284838,0,eqiad.mediawiki.recentchange,e757febe-d1dd-4fed-b460-c52d18612b96,commons.wikimedia.org,categorize,2026-08-29T08:30:50.687Z,1787992249,,
6463284839,0,eqiad.mediawiki.recentchange,b30b7d13-1636-4130-9938-31f09de35d95,www.wikidata.org,edit,2026-08-29T08:30:50.691Z,1787992250,2417475983,2537676164
6463284840,0,eqiad.mediawiki.recentchange,1480d421-5cdc-4380-bcd3-d68931e2f603,commons.wikimedia.org,categorize,2026-08-29T08:30:50.707Z,1787992249,,
6463284841,0,eqiad.mediawiki.recentchange,61ca9114-3bf0-44ee-9c64-88c0344dd816,www.wikidata.org,edit,2026-08-29T08:30:50.728Z,1787992250,2537676162,2537676165
6463284842,0,eqiad.mediawiki.recentchange,c81c523b-c7ea-4e13-bfe9-33c1fcf772de,commons.wikimedia.org,categorize,2026-08-29T08:30:50.734Z,1787992249,,
6463284843,0,eqiad.mediawiki.recentchange,54ce4434-c5af-4ace-a649-5fea8563b2fc,commons.wikimedia.org,categorize,2026-08-29T08:30:50.752Z,1787992249,,
6463284844,0,eqiad.mediawiki.recentchange,7afd8082-c8bd-4897-9139-f8758fd1811a,fr.wikipedia.org,edit,2026-08-29T08:30:50.793Z,1787992249,168627869,239048238
6463284845,0,eqiad.mediawiki.recentchange,f9545ed4-4cbe-4923-92dd-38f77c1bea6a,fr.wikipedia.org,edit,2026-08-29T08:30:50.796Z,1787992249,230639740,239048239
6463284846,0,eqiad.mediawiki.recentchange,870f8408-b5e3-4616-adb5-11736a5dc9bd,commons.wikimedia.org,edit,2026-08-29T08:30:50.811Z,1787992250,1013891615,1269160157
6463284847,0,eqiad.mediawiki.recentchange,a23b97de-e77f-4de5-82d2-a4dd4e190888,www.wikidata.org,edit,2026-08-29T08:30:50.878Z,1787992250,2470807429,2537676166
6463284848,0,eqiad.mediawiki.recentchange,3be07cff-51dd-432b-8cb0-e795bf481cd1,en.wikipedia.org,edit,2026-08-29T08:30:50.884Z,1787992250,1371672086,1371914439
6463284849,0,eqiad.mediawiki.recentchange,96e188da-285b-407c-b4c6-3d6b7c9d324a,cy.wikipedia.org,edit,2026-08-29T08:30:50.884Z,1787992249,15408099,15430316
6463284850,0,eqiad.mediawiki.recentchange,36ee96ca-fe6e-49bc-8cf4-b67832cab732,it.wikipedia.org,categorize,2026-08-29T08:30:50.887Z,1787992249,,
6463284851,0,eqiad.mediawiki.recentchange,9c042a18-5c37-46b9-83ae-1792cf2963f9,www.wikidata.org,edit,2026-08-29T08:30:50.924Z,1787992250,2417472965,2537676168
6463284852,0,eqiad.mediawiki.recentchange,95181053-30c0-40e5-8ec6-495dab65f63c,commons.wikimedia.org,log,2026-08-29T08:30:50.967Z,1787992249,,
6463284853,0,eqiad.mediawiki.recentchange,2f985705-089c-41a2-af56-90d198bc3d3a,www.wikidata.org,edit,2026-08-29T08:30:50.985Z,1787992250,2335859783,2537676169
6463284854,0,eqiad.mediawiki.recentchange,08eeb3aa-167e-412b-9729-459cfe0ad044,www.wikidata.org,edit,2026-08-29T08:30:51.095Z,1787992250,2537676160,2537676167
6463284855,0,eqiad.mediawiki.recentchange,e5d18c2a-1f2c-465e-86c1-51074eeeb6a5,commons.wikimedia.org,edit,2026-08-29T08:30:51.099Z,1787992249,755357985,1269160156
6463284856,0,eqiad.mediawiki.recentchange,3bbe6807-e2f2-4ef2-ac9f-6c577ccfbde1,en.wikipedia.org,edit,2026-08-29T08:30:51.244Z,1787992234,1371472463,1371914425
6463284857,0,eqiad.mediawiki.recentchange,3115264b-e2a1-4aea-83d3-bd7e2b3834d5,commons.wikimedia.org,edit,2026-08-29T08:30:51.290Z,1787992250,1243460826,1269160159
6463284858,0,eqiad.mediawiki.recentchange,46848a30-7c7e-4423-9188-b9a3be8e982c,www.wikidata.org,edit,2026-08-29T08:30:51.314Z,1787992251,2417472963,2537676170
6463284859,0,eqiad.mediawiki.recentchange,ac13a78c-7836-4e4c-973b-dd4930487bca,pl.wikipedia.org,edit,2026-08-29T08:30:51.356Z,1787992249,80558711,80583936
6463284860,0,eqiad.mediawiki.recentchange,a32ab6f3-e1ce-4a79-99f5-2cfbd2192de4,he.wikipedia.org,edit,2026-08-29T08:30:51.471Z,1787992249,43308773,43829664
6463284861,0,eqiad.mediawiki.recentchange,ee48b549-db63-4ab3-8ccd-2881191f2337,it.wikipedia.org,edit,2026-08-29T08:30:51.566Z,1787992249,151318574,152239627
6463284862,0,eqiad.mediawiki.recentchange,dc55f793-eb60-4edd-a47d-5d42456650b6,en.wikipedia.org,categorize,2026-08-29T08:30:51.576Z,1787992250,,
6463284863,0,eqiad.mediawiki.recentchange,c5bc184e-7a44-49f4-a30d-62e634c7a6bb,kk.wikipedia.org,edit,2026-08-29T08:30:51.587Z,1787992250,3648875,3648877
6463284864,0,eqiad.mediawiki.recentchange,b6976b58-e293-43a3-8149-6f2850715a42,commons.wikimedia.org,edit,2026-08-29T08:30:51.706Z,1787992250,806112893,1269160160
6463284865,0,eqiad.mediawiki.recentchange,e84522ef-33f4-4cd7-90a3-9f3b181cb6d5,en.wikipedia.org,log,2026-08-29T08:30:51.718Z,1787992251,,
6463284866,0,eqiad.mediawiki.recentchange,f34d45da-078c-42b4-ac0b-d0efb46f4fd7,www.wikidata.org,edit,2026-08-29T08:30:51.726Z,1787992251,2241894989,2537676173
6463284867,0,eqiad.mediawiki.recentchange,824585da-9883-45fa-ad87-3973e0912552,commons.wikimedia.org,log,2026-08-29T08:30:51.739Z,1787992250,,
6463284868,0,eqiad.mediawiki.recentchange,b6b42406-e439-4b49-b7e8-583384248674,ce.wikipedia.org,edit,2026-08-29T08:30:51.771Z,1787992248,23712475,24422780
6463284869,0,eqiad.mediawiki.recentchange,ca461616-4afd-4e23-8d82-c805bbfad62a,www.wikidata.org,edit,2026-08-29T08:30:51.806Z,1787992251,2417472961,2537676174
6463284870,0,eqiad.mediawiki.recentchange,1d0e9dd0-a4bb-4ab2-a084-e2aa48316297,en.wikipedia.org,edit,2026-08-29T08:30:51.812Z,1787992248,1371914386,1371914437
6463284871,0,eqiad.mediawiki.recentchange,e3fc900f-8c2f-4873-b8c9-448e973da1e8,commons.wikimedia.org,edit,2026-08-29T08:30:51.834Z,1787992251,1013891624,1269160161
6463284872,0,eqiad.mediawiki.recentchange,a5adeb16-ae96-475e-a1a5-33e377d1f915,fr.wikipedia.org,edit,2026-08-29T08:30:51.846Z,1787992250,239048043,239048240
6463284873,0,eqiad.mediawiki.recentchange,ff7ce4fc-ad41-448d-9bea-6cbeeeed8079,commons.wikimedia.org,categorize,2026-08-29T08:30:51.847Z,1787992249,,
6463284874,0,eqiad.mediawiki.recentchange,d8b48b44-1c9d-4557-b375-65567d164302,commons.wikimedia.org,categorize,2026-08-29T08:30:51.873Z,1787992249,,
6463284875,0,eqiad.mediawiki.recentchange,f8e01c64-703c-4a10-9ebd-7a3c2fe765e7,commons.wikimedia.org,categorize,2026-08-29T08:30:51.893Z,1787992249,,
6463284876,0,eqiad.mediawiki.recentchange,7945b0fc-670f-4bfe-912d-e8765449ecf5,www.wikidata.org,edit,2026-08-29T08:30:51.912Z,1787992251,2537676169,2537676172
6463284877,0,eqiad.mediawiki.recentchange,6b92a63b-0716-492f-b592-52b890b2b9c3,commons.wikimedia.org,categorize,2026-08-29T08:30:51.919Z,1787992249,,
6463284878,0,eqiad.mediawiki.recentchange,3fff0f3d-c9aa-4b8b-b309-e62b69abd62b,commons.wikimedia.org,categorize,2026-08-29T08:30:51.940Z,1787992249,,
6463284879,0,eqiad.mediawiki.recentchange,4001ed07-068a-477f-9b22-43bb394633aa,commons.wikimedia.org,categorize,2026-08-29T08:30:51.965Z,1787992249,,
6463284880,0,eqiad.mediawiki.recentchange,e09e902e-56d6-4462-a75d-17f936485eb6,commons.wikimedia.org,categorize,2026-08-29T08:30:51.968Z,1787992250,,
6463284881,0,eqiad.mediawiki.recentchange,7b0479e6-ea58-460e-9eb9-6217262d0d95,www.wikidata.org,edit,2026-08-29T08:30:51.971Z,1787992251,1575868140,2537676171
6463284882,0,eqiad.mediawiki.recentchange,e2736fb1-14e2-48ff-a504-904ae8e7d60b,commons.wikimedia.org,categorize,2026-08-29T08:30:51.985Z,1787992249,,
6463284883,0,eqiad.mediawiki.recentchange,4a9a7396-2426-4207-a6fd-be779aa48361,commons.wikimedia.org,categorize,2026-08-29T08:30:51.988Z,1787992250,,
6463284884,0,eqiad.mediawiki.recentchange,fc181153-710a-46e0-95aa-e530ec76aae9,commons.wikimedia.org,categorize,2026-08-29T08:30:52.005Z,1787992249,,
6463284885,0,eqiad.mediawiki.recentchange,147bd372-3a18-4969-8415-550f3f788a68,commons.wikimedia.org,categorize,2026-08-29T08:30:52.007Z,1787992250,,
6463284886,0,eqiad.mediawiki.recentchange,2389450e-4a3b-4202-9cd9-c2efe2f5eece,commons.wikimedia.org,categorize,2026-08-29T08:30:52.025Z,1787992249,,
6463284887,0,eqiad.mediawiki.recentchange,53b4fd6d-b48e-450a-86c4-3d1267b5d111,www.wikidata.org,edit,2026-08-29T08:30:52.027Z,1787992251,2454961015,2537676175
6463284888,0,eqiad.mediawiki.recentchange,c96565c3-6479-440c-96ff-f22e66ffdffd,commons.wikimedia.org,categorize,2026-08-29T08:30:52.027Z,1787992250,,
6463284889,0,eqiad.mediawiki.recentchange,b31a69b6-fcdd-4662-9c0a-7c3a0d6376fc,commons.wikimedia.org,categorize,2026-08-29T08:30:52.046Z,1787992250,,
6463284890,0,eqiad.mediawiki.recentchange,5bce89d2-940f-4ffa-8739-8ecdf7dbf1a0,www.wikidata.org,edit,2026-08-29T08:30:52.050Z,1787992251,2537675775,2537676177
6463284891,0,eqiad.mediawiki.recentchange,53dbb0e7-48a9-4625-b234-9594d5d9edc7,commons.wikimedia.org,categorize,2026-08-29T08:30:52.065Z,1787992250,,
6463284892,0,eqiad.mediawiki.recentchange,1ff3b2da-3178-44a6-9663-5e52a2aee80a,commons.wikimedia.org,categorize,2026-08-29T08:30:52.085Z,1787992250,,
6463284893,0,eqiad.mediawiki.recentchange,d0091a2a-7321-46d3-a9dd-3959ffd7df3f,www.wikidata.org,edit,2026-08-29T08:30:52.089Z,1787992251,2537676171,2537676176
6463284894,0,eqiad.mediawiki.recentchange,0ef5a091-b99a-4971-aa86-8911abb8cac1,commons.wikimedia.org,categorize,2026-08-29T08:30:52.105Z,1787992250,,
6463284895,0,eqiad.mediawiki.recentchange,d0f7685e-5f3f-4e92-a835-1f3326caff60,www.wikidata.org,edit,2026-08-29T08:30:52.114Z,1787992251,2417472958,2537676178
6463284896,0,eqiad.mediawiki.recentchange,f2565a2e-7a06-44f8-8167-bace1b99a928,commons.wikimedia.org,log,2026-08-29T08:30:52.246Z,1787992251,,
6463284897,0,eqiad.mediawiki.recentchange,c3c44240-b1d3-4c0e-946b-dfff20161853,www.wikidata.org,edit,2026-08-29T08:30:52.403Z,1787992252,2417472956,2537676181
6463284898,0,eqiad.mediawiki.recentchange,6927d973-544d-4bfe-a265-50490b117f36,pl.wikipedia.org,log,2026-08-29T08:30:52.404Z,1787992250,,
6463284899,0,eqiad.mediawiki.recentchange,4b812c47-6bce-4e0a-8d6a-2155935e4344,commons.wikimedia.org,log,2026-08-29T08:30:52.427Z,1787992251,,
6463284900,0,eqiad.mediawiki.recentchange,aa34a647-55af-4cd9-ac4b-3e2549174887,www.wikidata.org,edit,2026-08-29T08:30:52.439Z,1787992252,2537675971,2537676180
6463284901,0,eqiad.mediawiki.recentchange,26fd646c-2f26-46bd-ac48-68b2dd2ba820,commons.wikimedia.org,edit,2026-08-29T08:30:52.472Z,1787992251,1019531261,1269160164
6463284902,0,eqiad.mediawiki.recentchange,17daab1a-a2e9-485d-9753-b993063bd48f,www.wikidata.org,edit,2026-08-29T08:30:52.486Z,1787992252,2537676173,2537676179
6463284903,0,eqiad.mediawiki.recentchange,3fb7b612-d552-44bd-9c04-433b1b09a3c3,commons.wikimedia.org,edit,2026-08-29T08:30:52.573Z,1787992252,1234013293,1269160165
6463284904,0,eqiad.mediawiki.recentchange,5fc3f027-412e-473c-b07b-8d229dda14d3,en.wikipedia.org,log,2026-08-29T08:30:52.671Z,1787992248,,
6463284905,0,eqiad.mediawiki.recentchange,82111757-0e6d-4311-936e-8704efa15327,ce.wikipedia.org,edit,2026-08-29T08:30:52.754Z,1787992250,23712476,24422781
6463284906,0,eqiad.mediawiki.recentchange,ffe865f7-ee08-47f3-a1ed-83cc9cf6d7f1,www.wikidata.org,edit,2026-08-29T08:30:52.761Z,1787992252,2537675937,2537676182
6463284907,0,eqiad.mediawiki.recentchange,05f370d5-9059-47f7-a30a-0278cf8202cb,www.wikidata.org,edit,2026-08-29T08:30:52.775Z,1787992252,2537676176,2537676183
6463284908,0,eqiad.mediawiki.recentchange,0b139832-38a5-4d5f-b3a3-fc62c29f65af,commons.wikimedia.org,categorize,2026-08-29T08:30:52.799Z,1787992251,,
6463284909,0,eqiad.mediawiki.recentchange,8cc1c4e9-62c6-44d4-bdaa-93e8f25e09cd,ur.wikipedia.org,edit,2026-08-29T08:30:52.811Z,1787992251,11840510,11840614
6463284910,0,eqiad.mediawiki.recentchange,4c66ab62-25bb-436c-acc5-78096cae6698,commons.wikimedia.org,categorize,2026-08-29T08:30:52.817Z,1787992251,,
6463284911,0,eqiad.mediawiki.recentchange,906a1404-7aed-476f-a6ac-f8e922cada27,uk.wikipedia.org,edit,2026-08-29T08:30:52.821Z,1787992252,46794388,48719984
6463284912,0,eqiad.mediawiki.recentchange,737b84b1-d96a-46ee-b112-e32b4fb75da0,commons.wikimedia.org,categorize,2026-08-29T08:30:52.835Z,1787992251,,
6463284913,0,eqiad.mediawiki.recentchange,b48dff1e-318e-4103-9669-0f25a15e9f43,ur.wikipedia.org,categorize,2026-08-29T08:30:52.845Z,1787992248,,
6463284914,0,eqiad.mediawiki.recentchange,d87d8208-b602-4ee5-b76e-7aebe35b34c7,commons.wikimedia.org,categorize,2026-08-29T08:30:52.852Z,1787992251,,
6463284915,0,eqiad.mediawiki.recentchange,71306f16-12db-433b-b2f6-da34ef7590a0,fa.wikipedia.org,edit,2026-08-29T08:30:52.860Z,1787992249,44015891,44287814
6463284916,0,eqiad.mediawiki.recentchange,e715a41e-0c34-44de-88d3-d357abd03ddb,ur.wikipedia.org,categorize,2026-08-29T08:30:52.866Z,1787992248,,
6463284917,0,eqiad.mediawiki.recentchange,88562d1f-bdeb-45f4-91bb-fe24c0a400c9,ur.wikipedia.org,categorize,2026-08-29T08:30:52.886Z,1787992248,,
6463284918,0,eqiad.mediawiki.recentchange,8838a8e4-3404-4cff-a5fb-97a37173335c,ur.wikipedia.org,categorize,2026-08-29T08:30:52.907Z,1787992248,,
6463284919,0,eqiad.mediawiki.recentchange,3ce73227-fc83-4709-93db-a908ae5fbd67,ur.wikipedia.org,categorize,2026-08-29T08:30:52.927Z,1787992248,,
6463284920,0,eqiad.mediawiki.recentchange,4934ab21-2029-467e-bff3-e2994afbeccc,ce.wikipedia.org,categorize,2026-08-29T08:30:52.933Z,1787992247,,
6463284921,0,eqiad.mediawiki.recentchange,ecfb0d7b-4bfd-4eb1-bb00-fb8827c0810f,pl.wikipedia.org,categorize,2026-08-29T08:30:52.940Z,1787992250,,
6463284922,0,eqiad.mediawiki.recentchange,12316a82-be7f-4288-80bc-c7ff83a7fd5c,ur.wikipedia.org,categorize,2026-08-29T08:30:52.947Z,1787992248,,
6463284923,0,eqiad.mediawiki.recentchange,ce6521a4-fd81-401c-86c8-a0aac862c0c4,ur.wikipedia.org,categorize,2026-08-29T08:30:52.965Z,1787992248,,
6463284924,0,eqiad.mediawiki.recentchange,3291ed60-6337-4a7d-857a-c2072d9f2699,ur.wikipedia.org,categorize,2026-08-29T08:30:52.987Z,1787992248,,
6463284925,0,eqiad.mediawiki.recentchange,54139217-c137-4fad-be92-c60d91e1355d,www.wikidata.org,edit,2026-08-29T08:30:52.996Z,1787992252,2417472952,2537676185
6463284926,0,eqiad.mediawiki.recentchange,14c89cdd-5750-4a6d-a6b0-569615dfec91,ur.wikipedia.org,categorize,2026-08-29T08:30:53.007Z,1787992248,,
6463284927,0,eqiad.mediawiki.recentchange,4a364680-7cc4-4955-b8dc-d552455b4913,www.wikidata.org,edit,2026-08-29T08:30:53.013Z,1787992252,2447367694,2537676186
6463284928,0,eqiad.mediawiki.recentchange,c7b68303-4c3e-4d7f-8813-df4ccb311120,ur.wikipedia.org,categorize,2026-08-29T08:30:53.026Z,1787992248,,
6463284929,0,eqiad.mediawiki.recentchange,4accd264-65e4-4cb4-8ed3-d69eb6a7b338,ur.wikipedia.org,categorize,2026-08-29T08:30:53.049Z,1787992248,,
6463284930,0,eqiad.mediawiki.recentchange,959cf3fd-2bea-4f53-9dde-6bf24f566532,fr.wikipedia.org,categorize,2026-08-29T08:30:53.057Z,1787992249,,
6463284931,0,eqiad.mediawiki.recentchange,02482d34-197a-496b-b6d7-db0d4ae33830,www.wikidata.org,edit,2026-08-29T08:30:53.056Z,1787992252,2497078991,2537676184
6463284932,0,eqiad.mediawiki.recentchange,77836417-47ec-4747-8c1d-70b99fec96fa,ur.wikipedia.org,categorize,2026-08-29T08:30:53.069Z,1787992248,,
6463284933,0,eqiad.mediawiki.recentchange,aee367bf-0a63-4a07-881a-a5c9cc77bcd5,fr.wikipedia.org,categorize,2026-08-29T08:30:53.070Z,1787992249,,
6463284934,0,eqiad.mediawiki.recentchange,0c34ea04-2f89-49e4-b41d-53eb4b73d931,ur.wikipedia.org,categorize,2026-08-29T08:30:53.087Z,1787992248,,
6463284935,0,eqiad.mediawiki.recentchange,878ab1fb-0aaf-4d46-8254-7e9183b143f5,fr.wikipedia.org,categorize,2026-08-29T08:30:53.087Z,1787992249,,
6463284936,0,eqiad.mediawiki.recentchange,ae4b2fc4-d509-429a-8ba8-2ad72573ff7b,ur.wikipedia.org,categorize,2026-08-29T08:30:53.109Z,1787992248,,
6463284937,0,eqiad.mediawiki.recentchange,62f09f18-9df1-4efa-a047-3bd8db19f8f4,ur.wikipedia.org,categorize,2026-08-29T08:30:53.129Z,1787992248,,
6463284938,0,eqiad.mediawiki.recentchange,bb19dd87-058d-45f5-b4c8-6c5c748bee46,ur.wikipedia.org,categorize,2026-08-29T08:30:53.150Z,1787992248,,
6463284939,0,eqiad.mediawiki.recentchange,73fec470-e537-4b25-8976-4e7254b2e931,ur.wikipedia.org,categorize,2026-08-29T08:30:53.170Z,1787992248,,
6463284940,0,eqiad.mediawiki.recentchange,7a270ff2-1d63-4f45-ac4b-99a2b4894c28,ur.wikipedia.org,categorize,2026-08-29T08:30:53.195Z,1787992248,,
6463284941,0,eqiad.mediawiki.recentchange,b72b757d-da17-4356-a4bd-64c52e1b87cf,www.wikidata.org,edit,2026-08-29T08:30:53.206Z,1787992252,2417472951,2537676189
6463284942,0,eqiad.mediawiki.recentchange,b8512185-80bc-4528-aeab-36d8452f9c96,en.wikipedia.org,edit,2026-08-29T08:30:53.215Z,1787992249,1371535080,1371914440
6463284943,0,eqiad.mediawiki.recentchange,aac0945e-5109-4ad5-80b4-cdf358b0549b,ur.wikipedia.org,categorize,2026-08-29T08:30:53.218Z,1787992248,,
6463284944,0,eqiad.mediawiki.recentchange,4936d427-7f98-4c80-acff-4ff905bafd8b,ta.wikisource.org,new,2026-08-29T08:30:53.224Z,1787992252,,1960362
6463284945,0,eqiad.mediawiki.recentchange,8742edff-df92-4c57-bc24-023d56c78940,en.wikipedia.org,log,2026-08-29T08:30:53.228Z,1787992249,,
6463284946,0,eqiad.mediawiki.recentchange,2c6670cc-1526-4ac6-af38-9ba621d67b86,ur.wikipedia.org,categorize,2026-08-29T08:30:53.240Z,1787992248,,
6463284947,0,eqiad.mediawiki.recentchange,ba855a9a-9a56-408a-8723-2eacdce60660,ur.wikipedia.org,categorize,2026-08-29T08:30:53.258Z,1787992248,,
6463284948,0,eqiad.mediawiki.recentchange,3bfc9f8e-07e3-45cd-96cc-a085171b7435,ur.wikipedia.org,categorize,2026-08-29T08:30:53.279Z,1787992248,,
6463284949,0,eqiad.mediawiki.recentchange,d74a276a-5dfb-4a33-96f6-d8edfe199ece,ur.wikipedia.org,categorize,2026-08-29T08:30:53.297Z,1787992248,,
6463284950,0,eqiad.mediawiki.recentchange,5efd19eb-1cdd-4e1a-beb5-9dc961727858,www.wikidata.org,edit,2026-08-29T08:30:53.298Z,1787992252,2537676069,2537676188
6463284951,0,eqiad.mediawiki.recentchange,ac638468-243f-49b4-9a47-71e7e0564203,commons.wikimedia.org,edit,2026-08-29T08:30:53.320Z,1787992252,1269160158,1269160166
6463284952,0,eqiad.mediawiki.recentchange,07bafdd5-2b40-437e-9a0b-d2e254788119,en.wikipedia.org,new,2026-08-29T08:30:53.358Z,1787992252,,1371914442
6463284953,0,eqiad.mediawiki.recentchange,0b51884a-d353-4a74-a006-e6f4335e1b57,commons.wikimedia.org,edit,2026-08-29T08:30:53.419Z,1787992252,1096912327,1269160167
6463284954,0,eqiad.mediawiki.recentchange,90d9e97e-33e0-4427-a26d-2164a5610595,www.wikidata.org,edit,2026-08-29T08:30:53.496Z,1787992252,2524549470,2537676187
6463284955,0,eqiad.mediawiki.recentchange,f39b1455-f4ea-4534-88bc-5b0d17609aaf,commons.wikimedia.org,categorize,2026-08-29T08:30:53.515Z,1787992251,,
6463284956,0,eqiad.mediawiki.recentchange,f78c42e4-476b-4176-9ef6-5b4de9023d02,en.wikipedia.org,log,2026-08-29T08:30:53.521Z,1787992247,,
6463284957,0,eqiad.mediawiki.recentchange,5db4b8fb-2905-4379-867a-a964b81698cc,commons.wikimedia.org,categorize,2026-08-29T08:30:53.544Z,1787992251,,
6463284958,0,eqiad.mediawiki.recentchange,e0faae08-a132-44e8-a34a-cb30176543d2,es.wikipedia.org,edit,2026-08-29T08:30:53.550Z,1787992249,175034956,175090516
6463284959,0,eqiad.mediawiki.recentchange,7fbefc54-8089-4b22-b49b-28d7bd7473ce,en.wikipedia.org,edit,2026-08-29T08:30:53.557Z,1787992252,1371497348,1371914443
6463284960,0,eqiad.mediawiki.recentchange,a55fdc72-9f02-4ac3-a286-d81835775c50,commons.wikimedia.org,categorize,2026-08-29T08:30:53.564Z,1787992251,,
6463284961,0,eqiad.mediawiki.recentchange,a21e762a-5791-4dd6-8396-d627a635c793,www.wikidata.org,edit,2026-08-29T08:30:53.569Z,1787992253,2417472947,2537676190
6463284962,0,eqiad.mediawiki.recentchange,39070ccd-60a4-4595-ab39-7e450500029f,en.wikipedia.org,log,2026-08-29T08:30:53.578Z,1787992248,,
6463284963,0,eqiad.mediawiki.recentchange,553c99b2-5570-4ffe-8d7d-7f674acf8647,ta.wikisource.org,categorize,2026-08-29T08:30:53.584Z,1787992252,,
6463284964,0,eqiad.mediawiki.recentchange,16602423-d75d-4d83-8e43-5edb91077623,commons.wikimedia.org,categorize,2026-08-29T08:30:53.587Z,1787992251,,
6463284965,0,eqiad.mediawiki.recentchange,9607a8bd-547c-4bea-b96a-bd6fdeff4c97,commons.wikimedia.org,categorize,2026-08-29T08:30:53.620Z,1787992251,,
6463284966,0,eqiad.mediawiki.recentchange,4ed3debc-b422-4623-b22f-9f5eca903a10,commons.wikimedia.org,categorize,2026-08-29T08:30:53.649Z,1787992251,,
6463284967,0,eqiad.mediawiki.recentchange,aa61a682-6bb4-4219-a643-18a4ca5cfb0b,commons.wikimedia.org,categorize,2026-08-29T08:30:53.674Z,1787992251,,
6463284968,0,eqiad.mediawiki.recentchange,df9eb47f-b640-4a6a-b98e-d1105199e748,commons.wikimedia.org,categorize,2026-08-29T08:30:53.693Z,1787992251,,
6463284969,0,eqiad.mediawiki.recentchange,d03e19d4-6e74-4cff-9036-de354bd808ef,commons.wikimedia.org,categorize,2026-08-29T08:30:53.714Z,1787992251,,
6463284970,0,eqiad.mediawiki.recentchange,e1c32496-5205-4fb6-bc86-643a3b5b19c8,commons.wikimedia.org,categorize,2026-08-29T08:30:53.737Z,1787992251,,
6463284971,0,eqiad.mediawiki.recentchange,c338d3c7-da28-4237-9004-e7a41c1a6413,www.wikidata.org,edit,2026-08-29T08:30:53.877Z,1787992253,2454960430,2537676192
6463284972,0,eqiad.mediawiki.recentchange,08f3a499-5014-488f-987b-2c84146a02a6,www.wikidata.org,edit,2026-08-29T08:30:53.901Z,1787992253,1575747911,2537676191
6463284973,0,eqiad.mediawiki.recentchange,9a7e68da-db40-4794-996e-038c8d36d21a,commons.wikimedia.org,edit,2026-08-29T08:30:53.954Z,1787992253,1124999644,1269160168
6463284974,0,eqiad.mediawiki.recentchange,89f1fbd7-4199-4dcb-b7ba-148ba8bdb1bf,commons.wikimedia.org,edit,2026-08-29T08:30:53.965Z,1787992253,1134779865,1269160169
6463284975,0,eqiad.mediawiki.recentchange,9bd65ef4-99e9-49ad-8381-088a700ccba0,www.wikidata.org,log,2026-08-29T08:30:54.044Z,1787992254,,
6463284976,0,eqiad.mediawiki.recentchange,8751d042-1ebc-4c9d-9a7e-8d9556b0403c,en.wikipedia.org,categorize,2026-08-29T08:30:54.107Z,1787992248,,
6463284977,0,eqiad.mediawiki.recentchange,e529278f-a7e1-435d-b4f2-e8ee5e381a24,www.wikidata.org,edit,2026-08-29T08:30:54.150Z,1787992253,2537675973,2537676195
6463284978,0,eqiad.mediawiki.recentchange,97523a58-09b6-4306-97fd-b8f2fda521b1,commons.wikimedia.org,edit,2026-08-29T08:30:54.157Z,1787992253,1269159634,1269160170
6463284979,0,eqiad.mediawiki.recentchange,ebfa0ad6-30ac-4188-94fb-8aa3d0fc660b,en.wikipedia.org,categorize,2026-08-29T08:30:54.163Z,1787992248,,
6463284980,0,eqiad.mediawiki.recentchange,75aeb0af-8cef-47e0-bfdd-c7b907cffa3c,fr.wikipedia.org,edit,2026-08-29T08:30:54.179Z,1787992248,238990864,239048237
6463284981,0,eqiad.mediawiki.recentchange,128e074a-bb08-479f-bce9-2779272d22ed,en.wikipedia.org,categorize,2026-08-29T08:30:54.188Z,1787992248,,
6463284982,0,eqiad.mediawiki.recentchange,73cc16e5-5606-42ab-9c5e-42e8605b6b4e,www.wikidata.org,edit,2026-08-29T08:30:54.199Z,1787992253,2537676187,2537676194
6463284983,0,eqiad.mediawiki.recentchange,ed1b607c-284b-4e78-b2ec-64ef6c2deabf,www.wikidata.org,edit,2026-08-29T08:30:54.222Z,1787992253,2537676191,2537676193
6463284984,0,eqiad.mediawiki.recentchange,92f5c483-b115-4133-95df-dce54daf019a,www.wikidata.org,edit,2026-08-29T08:30:54.256Z,1787992253,2417472943,2537676196
6463284985,0,eqiad.mediawiki.recentchange,b077f9ad-3a29-4a97-aa06-d01e7b83978f,id.wikipedia.org,new,2026-08-29T08:30:54.392Z,1787992253,,29663088
6463284986,0,eqiad.mediawiki.recentchange,05f402e5-7381-4c2e-a6f7-977a88288141,nl.wikipedia.org,log,2026-08-29T08:30:54.414Z,1787992254,,
6463284987,0,eqiad.mediawiki.recentchange,e97ebc07-fab7-4719-8911-1fda1bd9f729,commons.wikimedia.org,edit,2026-08-29T08:30:54.422Z,1787992253,980096010,1269160172
6463284988,0,eqiad.mediawiki.recentchange,47b7532e-deff-4af7-a479-d143faba0923,ro.wikipedia.org,edit,2026-08-29T08:30:54.448Z,1787992252,17951225,17955894
6463284989,0,eqiad.mediawiki.recentchange,5e35ac28-fd6b-465c-91d9-a27b75e36885,uk.wikipedia.org,edit,2026-08-29T08:30:54.454Z,1787992253,46802676,48719985
6463284990,0,eqiad.mediawiki.recentchange,c4d68f13-5ca4-4e1d-b0a0-25485eccffcf,www.wikidata.org,edit,2026-08-29T08:30:54.469Z,1787992254,2537673661,2537676197
6463284991,0,eqiad.mediawiki.recentchange,fce7cd69-c5bd-4257-880b-62cd1a80b2b9,www.wikidata.org,edit,2026-08-29T08:30:54.495Z,1787992254,2498323792,2537676198
6463284992,0,eqiad.mediawiki.recentchange,a40aa347-f7ec-4d3a-83af-6b66f67f3369,commons.wikimedia.org,edit,2026-08-29T08:30:54.594Z,1787992254,473287155,1269160173
6463284993,0,eqiad.mediawiki.recentchange,287d35ba-3dac-4b53-9d1c-22fa585d3e22,www.wikidata.org,edit,2026-08-29T08:30:54.675Z,1787992254,2537676193,2537676200
6463284994,0,eqiad.mediawiki.recentchange,026d4dfd-9070-4dbf-8c77-8624abc532f5,www.wikidata.org,edit,2026-08-29T08:30:54.732Z,1787992254,2417472941,2537676199
6463284995,0,eqiad.mediawiki.recentchange,a77c9647-1578-4dd5-b278-57cba576d396,commons.wikimedia.org,edit,2026-08-29T08:30:54.799Z,1787992241,1265335253,1269160138
6463284996,0,eqiad.mediawiki.recentchange,6d55bd88-5afa-4fb4-83a2-4f933e81ff62,id.wikipedia.org,new,2026-08-29T08:30:54.868Z,1787992253,,29663087
6463284997,0,eqiad.mediawiki.recentchange,131a4b2c-c7e9-4992-994e-c429e0bd4791,www.wikidata.org,edit,2026-08-29T08:30:54.905Z,1787992254,2447370619,2537676201
6463284998,0,eqiad.mediawiki.recentchange,83f76c5a-bc2c-410a-9423-5392e26e61ab,commons.wikimedia.org,edit,2026-08-29T08:30:54.917Z,1787992252,1003070668,1269160171
6463284999,0,eqiad.mediawiki.recentchange,e60cd5ff-54c7-44c4-be3d-8f9e75e3b704,commons.wikimedia.org,categorize,2026-08-29T08:30:54.971Z,1787992253,,
6463285000,0,eqiad.mediawiki.recentchange,bbed1a37-6a36-4e1d-828d-426bdbbbe6a8,commons.wikimedia.org,edit,2026-08-29T08:30:54.985Z,1787992254,1255912351,1269160174
6463285001,0,eqiad.mediawiki.recentchange,1a21e096-0a56-4ffe-8949-dfbff1cd068c,commons.wikimedia.org,categorize,2026-08-29T08:30:54.989Z,1787992253,,
6463285002,0,eqiad.mediawiki.recentchange,41487904-8273-499f-b525-86ab065df26a,commons.wikimedia.org,categorize,2026-08-29T08:30:55.010Z,1787992253,,
6463285003,0,eqiad.mediawiki.recentchange,83555894-6447-4480-8a8d-7574433cd476,commons.wikimedia.org,categorize,2026-08-29T08:30:55.028Z,1787992253,,
6463285004,0,eqiad.mediawiki.recentchange,b2eb6013-6112-4575-ac22-c8495e5b70a8,commons.wikimedia.org,categorize,2026-08-29T08:30:55.048Z,1787992253,,
6463285005,0,eqiad.mediawiki.recentchange,3f15c5c9-b49e-4423-b76d-c0c0b0b1e3a7,ce.wikipedia.org,categorize,2026-08-29T08:30:55.068Z,1787992248,,
6463285006,0,eqiad.mediawiki.recentchange,ee722f6a-b525-41eb-8d62-99dd119de484,commons.wikimedia.org,categorize,2026-08-29T08:30:55.071Z,1787992253,,
6463285007,0,eqiad.mediawiki.recentchange,85d956df-e5cc-4a6b-8b09-6ab22ca9761d,commons.wikimedia.org,edit,2026-08-29T08:30:55.081Z,1787992254,1250892566,1269160176
6463285008,0,eqiad.mediawiki.recentchange,06b049fa-79c3-4cec-89ac-6fbc794341b7,commons.wikimedia.org,categorize,2026-08-29T08:30:55.092Z,1787992253,,
6463285009,0,eqiad.mediawiki.recentchange,924551bf-e8f1-43a0-bf12-fbf1e769a2d1,tr.wikipedia.org,edit,2026-08-29T08:30:55.102Z,1787992251,37844954,37844960
6463285010,0,eqiad.mediawiki.recentchange,319ad5da-f4b1-4da4-920a-dd508fe535bd,commons.wikimedia.org,edit,2026-08-29T08:30:55.110Z,1787992254,1249127863,1269160175
6463285011,0,eqiad.mediawiki.recentchange,887c64b1-8099-4c25-9c16-a46c7acecde8,www.wikidata.org,edit,2026-08-29T08:30:55.155Z,1787992254,2417472938,2537676202
6463285012,0,eqiad.mediawiki.recentchange,df0cccc3-4b0d-4ca9-a3c7-2a729b409b5f,commons.wikimedia.org,edit,2026-08-29T08:30:55.229Z,1787992254,1019531514,1269160177
6463285013,0,eqiad.mediawiki.recentchange,9b9c19d9-29f6-4926-9a56-6d40d1d46dfa,commons.wikimedia.org,edit,2026-08-29T08:30:55.315Z,1787992254,1238901181,1269160178
6463285014,0,eqiad.mediawiki.recentchange,3347aad1-2e90-48c9-ba9b-31bbe9f3cd54,www.wikidata.org,edit,2026-08-29T08:30:55.381Z,1787992255,2470441430,2537676205
6463285015,0,eqiad.mediawiki.recentchange,e594837d-5979-44c5-a30c-97ba45ae9a96,mg.wiktionary.org,edit,2026-08-29T08:30:55.399Z,1787992253,36997922,37585883
6463285016,0,eqiad.mediawiki.recentchange,8f99593b-fd98-477a-9300-7868361bc1f3,en.wikipedia.org,edit,2026-08-29T08:30:55.440Z,1787992254,1371913546,1371914445
6463285017,0,eqiad.mediawiki.recentchange,cafefe5f-2fb7-49ad-b86f-529dffacb3c0,ce.wikipedia.org,edit,2026-08-29T08:30:55.440Z,1787992252,23712477,24422782
6463285018,0,eqiad.mediawiki.recentchange,b486982c-cc4e-444c-9a81-8af15d5c714e,en.wikipedia.org,edit,2026-08-29T08:30:55.469Z,1787992253,1371911901,1371914444
6463285019,0,eqiad.mediawiki.recentchange,3745a6bd-5dd6-4c54-97a5-f139f02bc37d,www.wikidata.org,edit,2026-08-29T08:30:55.485Z,1787992255,2003653801,2537676203
6463285020,0,eqiad.mediawiki.recentchange,a4805c6c-c4b2-4646-a920-cf8728e54293,www.wikidata.org,edit,2026-08-29T08:30:55.613Z,1787992255,1573943769,2537676204
6463285021,0,eqiad.mediawiki.recentchange,9237d38a-1b68-40b6-9c50-56354609313a,zh.wikipedia.org,edit,2026-08-29T08:30:55.617Z,1787992254,93990550,94090717
6463285022,0,eqiad.mediawiki.recentchange,11def226-f3d5-400d-8098-cd07e3a49bbc,ar.wikipedia.org,edit,2026-08-29T08:30:55.730Z,1787992248,76341083,76373062
6463285023,0,eqiad.mediawiki.recentchange,c380c2ba-58ec-4f93-b887-535c1e7c9032,www.wikidata.org,edit,2026-08-29T08:30:55.771Z,1787992255,2417472931,2537676207
6463285024,0,eqiad.mediawiki.recentchange,010e1ba7-3158-44c0-ae59-b2631a469fcd,commons.wikimedia.org,edit,2026-08-29T08:30:55.787Z,1787992255,962671033,1269160179
6463285025,0,eqiad.mediawiki.recentchange,5a6b7b30-185f-41ac-9e0a-f3497a03b246,auth.wikimedia.org,log,2026-08-29T08:30:55.792Z,1787992255,,
6463285026,0,eqiad.mediawiki.recentchange,6a34ab7b-179e-4117-9cc3-b0aa3ad5a430,www.wikidata.org,edit,2026-08-29T08:30:55.873Z,1787992255,2537676204,2537676206
6463285027,0,eqiad.mediawiki.recentchange,96db9080-4480-4898-ade7-63e5047bfc6e,commons.wikimedia.org,edit,2026-08-29T08:30:55.918Z,1787992255,911684794,1269160180
6463285028,0,eqiad.mediawiki.recentchange,d7a86ae9-0067-4fc7-b011-963ebcc69ea3,www.wikidata.org,edit,2026-08-29T08:30:55.923Z,1787992255,2534126979,2537676208
6463285029,0,eqiad.mediawiki.recentchange,2e0206ed-0040-4e2b-802d-963768fae788,fr.wikipedia.org,edit,2026-08-29T08:30:55.974Z,1787992254,235118470,239048241
6463285030,0,eqiad.mediawiki.recentchange,18649dd6-3c97-44ac-8ebf-1801fda03166,ru.wikipedia.org,edit,2026-08-29T08:30:55.970Z,1787992255,151215159,154749902
6463285031,0,eqiad.mediawiki.recentchange,e7b2d434-7942-4bb8-8550-06917a8c921a,es.wikipedia.org,edit,2026-08-29T08:30:56.047Z,1787992255,159607997,175090517
6463285032,0,eqiad.mediawiki.recentchange,36c8a9c7-728c-4d71-9657-387f50304a6d,pl.wiktionary.org,edit,2026-08-29T08:30:56.055Z,1787992255,8404550,8865534
6463285033,0,eqiad.mediawiki.recentchange,d032e939-3b13-4ff9-b642-13a99de4a686,www.wikidata.org,edit,2026-08-29T08:30:56.096Z,1787992255,2536979162,2537676209
6463285034,0,eqiad.mediawiki.recentchange,beb7125d-cefb-4930-af91-8e0995b9737e,id.wikipedia.org,categorize,2026-08-29T08:30:56.124Z,1787992253,,
6463285035,0,eqiad.mediawiki.recentchange,369e85e5-06f3-44f5-b83d-49c0596e6b74,id.wikipedia.org,categorize,2026-08-29T08:30:56.139Z,1787992253,,
6463285036,0,eqiad.mediawiki.recentchange,77ccf9c2-e392-4a57-832b-4a64e1b634c0,commons.wikimedia.org,categorize,2026-08-29T08:30:56.155Z,1787992254,,
6463285037,0,eqiad.mediawiki.recentchange,1b80b681-371a-4160-8c3f-32a394ced298,id.wikipedia.org,categorize,2026-08-29T08:30:56.156Z,1787992253,,
6463285038,0,eqiad.mediawiki.recentchange,c62c807f-254b-47e6-925c-95b0d281fa81,ce.wikipedia.org,categorize,2026-08-29T08:30:56.161Z,1787992250,,
6463285039,0,eqiad.mediawiki.recentchange,0fca4d84-3981-4879-ba2f-773cfd7412a5,id.wikipedia.org,categorize,2026-08-29T08:30:56.174Z,1787992253,,
6463285040,0,eqiad.mediawiki.recentchange,3571d017-5278-412e-a43a-5c6f050a2225,id.wikipedia.org,categorize,2026-08-29T08:30:56.197Z,1787992253,,
6463285041,0,eqiad.mediawiki.recentchange,2bded504-13b3-479a-beda-5e0ecdd2ac6a,id.wikipedia.org,categorize,2026-08-29T08:30:56.216Z,1787992253,,
6463285042,0,eqiad.mediawiki.recentchange,583162a9-ab2d-4819-a482-0d7e785d8837,id.wikipedia.org,categorize,2026-08-29T08:30:56.236Z,1787992253,,
6463285043,0,eqiad.mediawiki.recentchange,2b195f12-68d8-47ce-9d0f-159f18c4d79f,no.wikipedia.org,edit,2026-08-29T08:30:56.253Z,1787992254,25925920,25925931
6463285044,0,eqiad.mediawiki.recentchange,c19d23df-779b-45e1-8813-70727b386345,id.wikipedia.org,categorize,2026-08-29T08:30:56.254Z,1787992253,,
6463285045,0,eqiad.mediawiki.recentchange,e45243c9-04b5-47e8-bfe2-7b116b87e444,id.wikipedia.org,categorize,2026-08-29T08:30:56.271Z,1787992253,,
6463285046,0,eqiad.mediawiki.recentchange,2e61fe21-59ad-49e6-bb6d-85ac44ab1805,id.wikipedia.org,categorize,2026-08-29T08:30:56.288Z,1787992253,,
6463285047,0,eqiad.mediawiki.recentchange,68ae7a9a-d3b6-4fc3-87ce-63ca8aecb782,id.wikipedia.org,categorize,2026-08-29T08:30:56.307Z,1787992253,,
6463285048,0,eqiad.mediawiki.recentchange,6e88bfda-fd5d-455c-b255-f42cd84a8510,id.wikipedia.org,categorize,2026-08-29T08:30:56.327Z,1787992253,,
6463285049,0,eqiad.mediawiki.recentchange,8debf147-d4de-41f6-b75b-392324268dc5,www.wikidata.org,edit,2026-08-29T08:30:56.345Z,1787992256,2417472926,2537676210
6463285050,0,eqiad.mediawiki.recentchange,51fb572d-6de9-47ac-8762-c299bb5ef493,id.wikipedia.org,categorize,2026-08-29T08:30:56.347Z,1787992253,,
6463285051,0,eqiad.mediawiki.recentchange,8451dd8f-e539-4259-9033-276c1fd01bfa,id.wikipedia.org,categorize,2026-08-29T08:30:56.366Z,1787992253,,
6463285052,0,eqiad.mediawiki.recentchange,dc3f6921-9d7b-4946-bf87-fe0fa4a6688b,id.wikipedia.org,categorize,2026-08-29T08:30:56.387Z,1787992253,,
6463285053,0,eqiad.mediawiki.recentchange,c6bb8f0d-8301-47c4-87b5-c6f9bf3f3f6b,id.wikipedia.org,categorize,2026-08-29T08:30:56.406Z,1787992253,,
6463285054,0,eqiad.mediawiki.recentchange,31f6f5e1-4d22-45a2-8afe-9f1e90e82a75,id.wikipedia.org,categorize,2026-08-29T08:30:56.423Z,1787992253,,
6463285055,0,eqiad.mediawiki.recentchange,a554d8d4-17b6-49c1-8838-53373bb005af,www.wikidata.org,edit,2026-08-29T08:30:56.426Z,1787992256,2537676206,2537676211
6463285056,0,eqiad.mediawiki.recentchange,eef3903b-6707-4e3d-89fc-8cf2765945c5,id.wikipedia.org,categorize,2026-08-29T08:30:56.444Z,1787992253,,
6463285057,0,eqiad.mediawiki.recentchange,b4fafb26-d790-4457-92c4-bcf18186f783,id.wikipedia.org,categorize,2026-08-29T08:30:56.469Z,1787992253,,
6463285058,0,eqiad.mediawiki.recentchange,3268b543-6847-44c5-bed3-9a21832463c9,uk.wikipedia.org,edit,2026-08-29T08:30:56.519Z,1787992255,46798097,48719986
6463285059,0,eqiad.mediawiki.recentchange,6716e5d5-4842-41a0-af6f-70eea3844682,en.wikipedia.org,edit,2026-08-29T08:30:56.559Z,1787992254,1371914378,1371914446
6463285060,0,eqiad.mediawiki.recentchange,ff519a50-d719-43a8-b8fe-fd32ac1abeb6,commons.wikimedia.org,edit,2026-08-29T08:30:56.574Z,1787992255,1264509229,1269160182
6463285061,0,eqiad.mediawiki.recentchange,1b33c751-1ee0-41d4-8b3c-d21b6e74fae4,commons.wikimedia.org,edit,2026-08-29T08:30:56.576Z,1787992256,1036218963,1269160183
6463285062,0,eqiad.mediawiki.recentchange,d0f3ede0-2ba9-4345-9ba5-b704bb34eb23,commons.wikimedia.org,edit,2026-08-29T08:30:56.626Z,1787992256,658569291,1269160184
6463285063,0,eqiad.mediawiki.recentchange,c95111a0-9109-4cf3-9139-8c287f368861,ja.wikipedia.org,edit,2026-08-29T08:30:56.672Z,1787992254,110806714,110819339
6463285064,0,eqiad.mediawiki.recentchange,2541ceb1-eaa6-47fa-8879-77b180121b62,www.wikidata.org,edit,2026-08-29T08:30:56.721Z,1787992256,2417472922,2537676212
6463285065,0,eqiad.mediawiki.recentchange,6895615b-cd7e-4b43-91ae-bfadfa1e8f79,www.wikidata.org,edit,2026-08-29T08:30:57.009Z,1787992256,2447306452,2537676213
6463285066,0,eqiad.mediawiki.recentchange,8f31460c-cbec-4893-aa7e-02dd7a54416b,commons.wikimedia.org,edit,2026-08-29T08:30:57.074Z,1787992255,1019531546,1269160181
6463285067,0,eqiad.mediawiki.recentchange,38b70583-25d2-4a34-b5be-80472ab11cb4,www.wikidata.org,edit,2026-08-29T08:30:57.285Z,1787992256,1569498528,2537676215
6463285068,0,eqiad.mediawiki.recentchange,f1bfac2a-e160-42e0-ba98-6829d79c0a60,www.wikidata.org,edit,2026-08-29T08:30:57.297Z,1787992256,2537676203,2537676214
6463285069,0,eqiad.mediawiki.recentchange,ba342151-d61c-40e5-a105-2621dfc2d65f,commons.wikimedia.org,edit,2026-08-29T08:30:57.330Z,1787992256,1150042338,1269160185
6463285070,0,eqiad.mediawiki.recentchange,ce699fe8-0492-4320-a8ab-3dc9fe6e8ea2,zh.wikipedia.org,edit,2026-08-29T08:30:57.394Z,1787992253,93837847,94090716
6463285071,0,eqiad.mediawiki.recentchange,4e5ea8a3-3499-46f0-a6f0-e14478d4b203,commons.wikimedia.org,edit,2026-08-29T08:30:57.436Z,1787992257,1139573592,1269160186
6463285072,0,eqiad.mediawiki.recentchange,2be46752-5720-4401-b2d3-394645c75f3d,en.wikipedia.org,categorize,2026-08-29T08:30:57.518Z,1787992254,,
6463285073,0,eqiad.mediawiki.recentchange,64c189cc-7bad-4a85-af89-bcae67b05a51,en.wikipedia.org,categorize,2026-08-29T08:30:57.537Z,1787992254,,
6463285074,0,eqiad.mediawiki.recentchange,c07fd819-8b41-49f8-a51d-1159c498fa7e,en.wikipedia.org,categorize,2026-08-29T08:30:57.555Z,1787992254,,
6463285075,0,eqiad.mediawiki.recentchange,abb2551d-b3cb-4d39-b0d7-ae3a11ebe97a,en.wikipedia.org,categorize,2026-08-29T08:30:57.575Z,1787992254,,
6463285076,0,eqiad.mediawiki.recentchange,e2c1fb6f-7895-44ce-8203-91d4ea130eb1,ko.wikipedia.org,log,2026-08-29T08:30:57.581Z,1787992257,,
6463285077,0,eqiad.mediawiki.recentchange,75dd4aca-66d4-43df-a38d-a24bfa54b80f,en.wikipedia.org,categorize,2026-08-29T08:30:57.596Z,1787992254,,
6463285078,0,eqiad.mediawiki.recentchange,5d718613-c6a7-484d-a66a-b4bfd9a33419,en.wikipedia.org,categorize,2026-08-29T08:30:57.616Z,1787992254,,
6463285079,0,eqiad.mediawiki.recentchange,34eddd9b-2ac8-4bc2-841d-dac180f163a9,en.wikipedia.org,categorize,2026-08-29T08:30:57.636Z,1787992254,,
6463285080,0,eqiad.mediawiki.recentchange,a459be12-9f63-44b0-baa9-1837a580c15c,ko.wikipedia.org,edit,2026-08-29T08:30:57.659Z,1787992255,41722585,42399852
6463285081,0,eqiad.mediawiki.recentchange,ee169f4a-54e2-4fb1-937a-542c3b5bcd88,mg.wiktionary.org,categorize,2026-08-29T08:30:57.665Z,1787992253,,
6463285082,0,eqiad.mediawiki.recentchange,18fe947e-6263-4a45-80e8-79c21da210f0,www.wikidata.org,edit,2026-08-29T08:30:57.677Z,1787992257,2417472919,2537676216
6463285083,0,eqiad.mediawiki.recentchange,7c5a4202-7a97-4884-aa95-f1590543475d,mg.wiktionary.org,categorize,2026-08-29T08:30:57.690Z,1787992253,,
6463285084,0,eqiad.mediawiki.recentchange,14803dac-543e-4384-8bd6-aefae90299ac,mg.wiktionary.org,categorize,2026-08-29T08:30:57.713Z,1787992253,,
6463285085,0,eqiad.mediawiki.recentchange,af77edb4-1b66-405b-a112-6d3fa415b92a,mg.wiktionary.org,categorize,2026-08-29T08:30:57.730Z,1787992253,,
6463285086,0,eqiad.mediawiki.recentchange,618f97b8-b498-43d9-b706-068414f0ee73,mg.wiktionary.org,categorize,2026-08-29T08:30:57.746Z,1787992253,,
6463285087,0,eqiad.mediawiki.recentchange,8e7a2727-c85e-4b3b-b090-10acff5277b4,mg.wiktionary.org,categorize,2026-08-29T08:30:57.763Z,1787992253,,
6463285088,0,eqiad.mediawiki.recentchange,39610778-9562-4e60-8a62-78b86b6dee85,mg.wiktionary.org,categorize,2026-08-29T08:30:57.786Z,1787992253,,
6463285089,0,eqiad.mediawiki.recentchange,a59a52bb-a766-4d91-a9e2-f3a999093771,mg.wiktionary.org,categorize,2026-08-29T08:30:57.806Z,1787992253,,
6463285090,0,eqiad.mediawiki.recentchange,9d7d0e46-34ba-45cb-b027-4d2c56f38be5,ur.wikipedia.org,edit,2026-08-29T08:30:57.821Z,1787992256,11840036,11840615
6463285091,0,eqiad.mediawiki.recentchange,f4c54ac4-650b-4c93-ae52-4061524e0fea,mg.wiktionary.org,categorize,2026-08-29T08:30:57.824Z,1787992253,,
6463285092,0,eqiad.mediawiki.recentchange,0aea8f38-717f-47a7-8552-19a3e95587bc,mg.wiktionary.org,categorize,2026-08-29T08:30:57.844Z,1787992253,,
6463285093,0,eqiad.mediawiki.recentchange,43149835-c4ec-43c6-b2b0-4947bc6a7c43,www.wikidata.org,edit,2026-08-29T08:30:57.854Z,1787992257,2537676215,2537676217
6463285094,0,eqiad.mediawiki.recentchange,d5e3cdfd-ce27-42e1-a3fd-f6c0eb0e38b3,fr.wikipedia.org,edit,2026-08-29T08:30:57.859Z,1787992256,170677906,239048242
6463285095,0,eqiad.mediawiki.recentchange,ce40541c-3c36-4d82-9118-e1c14f205817,ja.wikipedia.org,log,2026-08-29T08:30:57.938Z,1787992257,,
6463285096,0,eqiad.mediawiki.recentchange,8bce339e-4f95-42c7-8b88-e4e19de5925f,www.wikidata.org,edit,2026-08-29T08:30:58.008Z,1787992257,2218464043,2537676218
6463285097,0,eqiad.mediawiki.recentchange,8bf485a3-29e3-4bdc-bcd7-9dcdbc4dae4b,commons.wikimedia.org,new,2026-08-29T08:30:58.025Z,1787992257,,1269160188
6463285098,0,eqiad.mediawiki.recentchange,9770a547-561d-4f73-9560-84d1bf315c2a,commons.wikimedia.org,edit,2026-08-29T08:30:58.082Z,1787992257,1050108385,1269160187
6463285099,0,eqiad.mediawiki.recentchange,f96fad85-7690-4292-8351-871b7e398739,www.wikidata.org,edit,2026-08-29T08:30:58.095Z,1787992257,2417472914,2537676220
6463285100,0,eqiad.mediawiki.recentchange,97f17752-b4ed-4ab6-8af3-985435fd4a5e,www.wikidata.org,edit,2026-08-29T08:30:58.100Z,1787992257,2485226465,2537676219
6463285101,0,eqiad.mediawiki.recentchange,08ea66da-2e7c-423d-a67c-40577eacad87,nl.wikipedia.org,edit,2026-08-29T08:30:58.184Z,1787992255,71848066,71848084
6463285102,0,eqiad.mediawiki.recentchange,6ac4b090-a780-44de-a2fa-c1a26a84b53a,zh.wikipedia.org,edit,2026-08-29T08:30:58.216Z,1787992257,94090712,94090718
6463285103,0,eqiad.mediawiki.recentchange,e86b6f2c-bc45-4444-8379-bb6ff3fe5cbc,uk.wikipedia.org,edit,2026-08-29T08:30:58.276Z,1787992257,46803937,48719987
6463285104,0,eqiad.mediawiki.recentchange,8bcd89a3-fc8a-40ec-95bd-b97074f7849c,commons.wikimedia.org,edit,2026-08-29T08:30:58.388Z,1787992257,539111784,1269160190
6463285105,0,eqiad.mediawiki.recentchange,1cb838e2-106b-4095-9006-112385f673fe,www.wikidata.org,edit,2026-08-29T08:30:58.434Z,1787992258,2537676217,2537676221
6463285106,0,eqiad.mediawiki.recentchange,5349fa0a-035c-426a-b031-ed0bbee541b8,commons.wikimedia.org,categorize,2026-08-29T08:30:58.427Z,1787992257,,
6463285107,0,eqiad.mediawiki.recentchange,ab1f0e1e-07de-4ab4-80c5-67f37e75b95e,ar.wikipedia.org,categorize,2026-08-29T08:30:58.436Z,1787992248,,
6463285108,0,eqiad.mediawiki.recentchange,b9a78bfb-d96c-42c2-832b-31cbfdeddfe3,www.wikidata.org,edit,2026-08-29T08:30:58.454Z,1787992258,2417472910,2537676222
6463285109,0,eqiad.mediawiki.recentchange,4ecd28a5-8eac-4cb7-b8a1-b3e290d42c36,ar.wikipedia.org,categorize,2026-08-29T08:30:58.459Z,1787992248,,
6463285110,0,eqiad.mediawiki.recentchange,31e47303-52f0-4627-9d38-82222aa56e20,ar.wikipedia.org,categorize,2026-08-29T08:30:58.478Z,1787992248,,
6463285111,0,eqiad.mediawiki.recentchange,b126ff2a-cd2f-4c24-a436-c9c34c25c16d,commons.wikimedia.org,edit,2026-08-29T08:30:58.478Z,1787992257,1013891634,1269160189
6463285112,0,eqiad.mediawiki.recentchange,5143dd91-4e7f-46a2-a04e-1ab782a5823d,ar.wikipedia.org,categorize,2026-08-29T08:30:58.498Z,1787992248,,
6463285113,0,eqiad.mediawiki.recentchange,2360a0e6-9bc5-4acf-8772-c3ffcc7fd859,ar.wikipedia.org,categorize,2026-08-29T08:30:58.519Z,1787992248,,
6463285114,0,eqiad.mediawiki.recentchange,42d65233-5b90-4099-8cff-1715a6392dfa,ar.wikipedia.org,categorize,2026-08-29T08:30:58.539Z,1787992248,,
6463285115,0,eqiad.mediawiki.recentchange,ce267921-65da-4f57-904b-0129d94632aa,ar.wikipedia.org,categorize,2026-08-29T08:30:58.559Z,1787992248,,
6463285116,0,eqiad.mediawiki.recentchange,c72ef17e-1fbc-4356-8bee-ebbc437345ae,commons.wikimedia.org,edit,2026-08-29T08:30:58.579Z,1787992258,491600024,1269160191
6463285117,0,eqiad.mediawiki.recentchange,84f3438e-0dcd-4985-8255-14a6eb839923,ce.wikipedia.org,categorize,2026-08-29T08:30:58.746Z,1787992252,,
6463285118,0,eqiad.mediawiki.recentchange,d295f693-e40b-4cb4-8952-435960bfd6de,www.wikidata.org,edit,2026-08-29T08:30:58.755Z,1787992258,2537676115,2537676223
6463285119,0,eqiad.mediawiki.recentchange,15743080-897e-4429-a864-66d71120a7b8,fr.wikipedia.org,categorize,2026-08-29T08:30:58.786Z,1787992254,,
6463285120,0,eqiad.mediawiki.recentchange,57529a92-ec1a-452e-adcd-f8f709951592,fr.wikipedia.org,categorize,2026-08-29T08:30:58.803Z,1787992254,,
6463285121,0,eqiad.mediawiki.recentchange,43ff5338-2d15-450f-a1f0-14b431281cd3,fr.wikipedia.org,categorize,2026-08-29T08:30:58.819Z,1787992254,,
6463285122,0,eqiad.mediawiki.recentchange,1a2042ef-dfdb-4adc-94e4-3ca28fefb8b0,fr.wikipedia.org,edit,2026-08-29T08:30:58.827Z,1787992255,238370581,239048243
6463285123,0,eqiad.mediawiki.recentchange,ef0997fe-0bf4-4411-ace5-3ebaa9b882e0,fr.wikipedia.org,categorize,2026-08-29T08:30:58.836Z,1787992254,,
6463285124,0,eqiad.mediawiki.recentchange,c7644275-cda8-46d9-816f-b6d2652c3914,fr.wikipedia.org,categorize,2026-08-29T08:30:58.862Z,1787992254,,
6463285125,0,eqiad.mediawiki.recentchange,51a5532b-fed9-45e5-b2a8-6c50244f1dae,www.wikidata.org,edit,2026-08-29T08:30:58.879Z,1787992258,2417472906,2537676224
6463285126,0,eqiad.mediawiki.recentchange,a806c317-7e8a-4b3a-83cc-49848877f4ff,fr.wikipedia.org,categorize,2026-08-29T08:30:58.883Z,1787992254,,
6463285127,0,eqiad.mediawiki.recentchange,67c83b79-c219-4413-b709-4e85be436f50,fr.wikipedia.org,categorize,2026-08-29T08:30:58.904Z,1787992254,,
6463285128,0,eqiad.mediawiki.recentchange,f2446a2a-aaa9-4226-a185-99ae3c247ba0,fr.wikipedia.org,categorize,2026-08-29T08:30:58.922Z,1787992254,,
6463285129,0,eqiad.mediawiki.recentchange,265fa694-3b1c-4d12-abcf-31524c4796a5,nl.wikipedia.org,edit,2026-08-29T08:30:58.937Z,1787992258,71848075,71848085
6463285130,0,eqiad.mediawiki.recentchange,7eb2a73c-e9f4-450b-83c3-1cac4ba6434d,en.wikipedia.org,edit,2026-08-29T08:30:58.939Z,1787992252,1371596618,1371914441
6463285131,0,eqiad.mediawiki.recentchange,3b4e4b9d-c388-472b-83a0-7d93db89686e,fr.wikipedia.org,categorize,2026-08-29T08:30:58.941Z,1787992254,,
6463285132,0,eqiad.mediawiki.recentchange,f6953de3-6485-4236-9c48-0ec14b6c9b41,fr.wikipedia.org,categorize,2026-08-29T08:30:58.973Z,1787992254,,
6463285133,0,eqiad.mediawiki.recentchange,d2aee0cb-880a-4352-83eb-412a983d9390,fr.wikipedia.org,categorize,2026-08-29T08:30:58.994Z,1787992254,,
6463285134,0,eqiad.mediawiki.recentchange,79fe3673-70c3-48a2-a5cd-abe755f9170a,fr.wikipedia.org,categorize,2026-08-29T08:30:59.017Z,1787992254,,
6463285135,0,eqiad.mediawiki.recentchange,d6045e9b-e3ed-4e14-adaa-d83b0cd22829,fr.wikipedia.org,categorize,2026-08-29T08:30:59.040Z,1787992254,,
6463285136,0,eqiad.mediawiki.recentchange,b8364537-0c98-4edd-9fa0-cb156522944d,fr.wikipedia.org,categorize,2026-08-29T08:30:59.066Z,1787992254,,
6463285137,0,eqiad.mediawiki.recentchange,fc41eb40-7f5d-4714-8077-4c6658b7cdc8,fr.wikipedia.org,categorize,2026-08-29T08:30:59.087Z,1787992254,,
6463285138,0,eqiad.mediawiki.recentchange,4e588ea6-db68-4824-b78f-8f17486dd43f,www.wikidata.org,edit,2026-08-29T08:30:59.095Z,1787992258,2447304813,2537676225
6463285139,0,eqiad.mediawiki.recentchange,a3974f91-618a-41be-974b-f064f3a21600,fr.wikipedia.org,categorize,2026-08-29T08:30:59.105Z,1787992254,,
6463285140,0,eqiad.mediawiki.recentchange,31dfe2ec-005d-425a-b3c1-712fafbc06c4,de.wikipedia.org,edit,2026-08-29T08:30:59.197Z,1787992258,265104816,270068234
6463285141,0,eqiad.mediawiki.recentchange,44b7d1f5-82b1-4650-9a62-a67667996b90,commons.wikimedia.org,edit,2026-08-29T08:30:59.223Z,1787992258,1269159537,1269160194
6463285142,0,eqiad.mediawiki.recentchange,6d5d099a-51a0-4372-b614-420761d73eb8,commons.wikimedia.org,edit,2026-08-29T08:30:59.252Z,1787992258,1223293830,1269160193
6463285143,0,eqiad.mediawiki.recentchange,dee1bdda-86df-40a5-9c64-a6ad10a7e790,zh.wikipedia.org,categorize,2026-08-29T08:30:59.277Z,1787992257,,
6463285144,0,eqiad.mediawiki.recentchange,4fe771a3-b9c1-485f-80e3-734b5537e45a,zh.wikipedia.org,categorize,2026-08-29T08:30:59.297Z,1787992257,,
6463285145,0,eqiad.mediawiki.recentchange,4b2a137a-713a-4877-85a3-f11f4a3ac3db,commons.wikimedia.org,log,2026-08-29T08:30:59.338Z,1787992258,,
6463285146,0,eqiad.mediawiki.recentchange,0bdb851d-28fc-4be7-b81d-728dd957546f,www.wikidata.org,edit,2026-08-29T08:30:59.379Z,1787992258,2537676218,2537676226
6463285147,0,eqiad.mediawiki.recentchange,789ae541-b589-4e7a-b3b0-14b89e7b1f35,www.wikidata.org,edit,2026-08-29T08:30:59.449Z,1787992258,1576329487,2537676227
6463285148,0,eqiad.mediawiki.recentchange,927b28e4-1b9d-4950-a63d-b6ff8a8efa83,www.wikidata.org,edit,2026-08-29T08:30:59.467Z,1787992259,2417472902,2537676228
6463285149,0,eqiad.mediawiki.recentchange,fbb6e64f-28f0-4e8b-9fc4-90d253833dcd,en.wikipedia.org,edit,2026-08-29T08:30:59.469Z,1787992258,1368255779,1371914448
6463285150,0,eqiad.mediawiki.recentchange,5af687dc-4f9d-42a5-96a0-c84d677d679c,fr.wikipedia.org,categorize,2026-08-29T08:30:59.497Z,1787992256,,
6463285151,0,eqiad.mediawiki.recentchange,95c6cc41-d2d8-4516-9435-8145e6829810,fr.wikipedia.org,categorize,2026-08-29T08:30:59.513Z,1787992256,,
6463285152,0,eqiad.mediawiki.recentchange,705a803b-5199-479a-bf38-3183f191a462,zh.wikipedia.org,edit,2026-08-29T08:30:59.527Z,1787992258,94090192,94090719
6463285153,0,eqiad.mediawiki.recentchange,c32bc5a4-5c8e-4c51-ac6d-04c1213a81cd,fr.wikipedia.org,categorize,2026-08-29T08:30:59.531Z,1787992256,,
6463285154,0,eqiad.mediawiki.recentchange,85468279-a97a-4563-a484-1f46be31e0d1,ce.wikipedia.org,edit,2026-08-29T08:30:59.542Z,1787992254,23712478,24422783
6463285155,0,eqiad.mediawiki.recentchange,4e34521c-6f89-4ea0-9e7a-94c32030bae6,commons.wikimedia.org,edit,2026-08-29T08:30:59.564Z,1787992259,1063923406,1269160197
6463285156,0,eqiad.mediawiki.recentchange,b1b48bbf-0025-4fde-86e1-75d4fffd577b,www.wikidata.org,edit,2026-08-29T08:30:59.770Z,1787992259,2537675046,2537676230
6463285157,0,eqiad.mediawiki.recentchange,f3b430ac-a596-4a61-b2e4-0526552ae58a,en.wiktionary.org,new,2026-08-29T08:30:59.803Z,1787992259,,92381882
6463285158,0,eqiad.mediawiki.recentchange,46361733-8dac-484c-893d-3960c9766513,en.wikipedia.org,edit,2026-08-29T08:30:59.833Z,1787992258,1350892675,1371914450
6463285159,0,eqiad.mediawiki.recentchange,9a26cf36-fdde-44ce-a68e-6fd1a7194af1,www.wikidata.org,edit,2026-08-29T08:30:59.841Z,1787992259,2537676227,2537676229
6463285160,0,eqiad.mediawiki.recentchange,97c9539c-3fa0-4869-900a-8ca5514b8f56,auth.wikimedia.org,log,2026-08-29T08:30:59.844Z,1787992259,,
6463285161,0,eqiad.mediawiki.recentchange,6d4784d3-a65f-44ae-9f97-95a989c2cf78,commons.wikimedia.org,edit,2026-08-29T08:30:59.850Z,1787992258,1261000571,1269160196
6463285162,0,eqiad.mediawiki.recentchange,7d2fbba1-0c06-4a7a-9d17-678d8275422e,commons.wikimedia.org,log,2026-08-29T08:30:59.878Z,1787992258,,
6463285163,0,eqiad.mediawiki.recentchange,3bd8f3e0-0b3c-42f6-be36-bf5541baca97,commons.wikimedia.org,categorize,2026-08-29T08:30:59.881Z,1787992258,,
6463285164,0,eqiad.mediawiki.recentchange,33bccca0-64c6-40f7-b09d-e51d893b5d91,www.wikidata.org,new,2026-08-29T08:30:59.927Z,1787992259,,2537676231
6463285165,0,eqiad.mediawiki.recentchange,01c3223c-d26e-4599-99da-47785a829c67,commons.wikimedia.org,edit,2026-08-29T08:30:59.940Z,1787992259,1183105195,1269160198
6463285166,0,eqiad.mediawiki.recentchange,617194f7-dfa5-411a-9103-17da80bb9d85,www.wikidata.org,edit,2026-08-29T08:30:59.995Z,1787992259,2447355876,2537676232
6463285167,0,eqiad.mediawiki.recentchange,0d5026e5-1103-42a7-b585-8b21c12d1a17,commons.wikimedia.org,edit,2026-08-29T08:31:00.021Z,1787992259,1223293829,1269160199
6463285168,0,eqiad.mediawiki.recentchange,841c2577-67ba-44fd-9b1e-e2e21ca7748f,commons.wikimedia.org,edit,2026-08-29T08:31:00.022Z,1787992259,1260588265,1269160200
6463285169,0,eqiad.mediawiki.recentchange,d640690c-e883-4e18-8a2f-c678b86607f4,commons.wikimedia.org,edit,2026-08-29T08:31:00.081Z,1787992259,1260565492,1269160201
6463285170,0,eqiad.mediawiki.recentchange,4e1be885-a26d-4181-87a3-f1cc6e373e5c,en.wikipedia.org,edit,2026-08-29T08:31:00.095Z,1787992259,1191232992,1371914452
6463285171,0,eqiad.mediawiki.recentchange,ce0245e5-4c91-4033-86d2-10807cf6d1db,www.wikidata.org,edit,2026-08-29T08:31:00.098Z,1787992259,2496660361,2537676234
6463285172,0,eqiad.mediawiki.recentchange,446cd5a8-bad7-452a-87e2-a305eac61d0a,www.wikidata.org,edit,2026-08-29T08:31:00.102Z,1787992259,2417472897,2537676233
6463285173,0,eqiad.mediawiki.recentchange,ecc3811b-0151-4342-b63b-a6d48047c2f8,ig.wikipedia.org,edit,2026-08-29T08:31:00.119Z,1787992259,674612,707403
6463285174,0,eqiad.mediawiki.recentchange,a9835f7a-51de-4512-b448-3334bd533983,commons.wikimedia.org,categorize,2026-08-29T08:31:00.240Z,1787992258,,
6463285175,0,eqiad.mediawiki.recentchange,789d8ae5-503b-471c-bfa4-a3efd8cc84bb,cy.wikipedia.org,edit,2026-08-29T08:31:00.249Z,1787992258,15409766,15430317
6463285176,0,eqiad.mediawiki.recentchange,db982deb-8dc0-4f1d-8c1a-921796d2b152,commons.wikimedia.org,edit,2026-08-29T08:31:00.245Z,1787992259,1120540750,1269160202
6463285177,0,eqiad.mediawiki.recentchange,c7049c65-7bb7-4335-aff5-7ced3898e171,commons.wikimedia.org,categorize,2026-08-29T08:31:00.263Z,1787992258,,
6463285178,0,eqiad.mediawiki.recentchange,853905a2-06a3-45cd-bac1-95544601327e,commons.wikimedia.org,categorize,2026-08-29T08:31:00.286Z,1787992258,,
6463285179,0,eqiad.mediawiki.recentchange,d2b35b08-1730-4f56-a5b8-c97694c62cb8,www.wikidata.org,edit,2026-08-29T08:31:00.301Z,1787992260,2537676229,2537676235
6463285180,0,eqiad.mediawiki.recentchange,d98fb282-fd1f-4611-89b2-0f04ab530cc1,commons.wikimedia.org,categorize,2026-08-29T08:31:00.324Z,1787992258,,
6463285181,0,eqiad.mediawiki.recentchange,900029f5-8cb3-4d71-973c-33f523267008,auth.wikimedia.org,log,2026-08-29T08:31:00.340Z,1787992259,,
6463285182,0,eqiad.mediawiki.recentchange,98af320a-b038-40c6-988a-579a005b67fd,commons.wikimedia.org,categorize,2026-08-29T08:31:00.342Z,1787992258,,
6463285183,0,eqiad.mediawiki.recentchange,1dceaa82-72cd-47ab-b744-255b065540b0,commons.wikimedia.org,categorize,2026-08-29T08:31:00.363Z,1787992258,,
6463285184,0,eqiad.mediawiki.recentchange,1930ae45-75f5-44c3-90bd-31ed56850b8c,fr.wikipedia.org,log,2026-08-29T08:31:00.366Z,1787992259,,
6463285185,0,eqiad.mediawiki.recentchange,8afd1960-db14-4e94-8fb7-0641e9e8e4d1,commons.wikimedia.org,categorize,2026-08-29T08:31:00.386Z,1787992258,,
6463285186,0,eqiad.mediawiki.recentchange,406438cc-8f6a-443b-9638-c67646784ec0,www.wikidata.org,edit,2026-08-29T08:31:00.393Z,1787992260,2251026693,2537676236
6463285187,0,eqiad.mediawiki.recentchange,8437b3f3-163e-4a6e-ada9-d5ec7dbb32a7,commons.wikimedia.org,categorize,2026-08-29T08:31:00.401Z,1787992259,,
6463285188,0,eqiad.mediawiki.recentchange,55261f34-ac41-4526-819f-2d532f72294d,commons.wikimedia.org,edit,2026-08-29T08:31:00.403Z,1787992260,663833879,1269160204
6463285189,0,eqiad.mediawiki.recentchange,e3c0c788-5d1e-4972-aab2-c8ac7d489b61,commons.wikimedia.org,categorize,2026-08-29T08:31:00.405Z,1787992258,,
6463285190,0,eqiad.mediawiki.recentchange,b32be23f-904e-4b7a-81c3-df2310aa83dd,commons.wikimedia.org,categorize,2026-08-29T08:31:00.421Z,1787992259,,
6463285191,0,eqiad.mediawiki.recentchange,dbc1fd6d-2f47-43ea-9117-de8697d90f2b,commons.wikimedia.org,categorize,2026-08-29T08:31:00.422Z,1787992258,,
6463285192,0,eqiad.mediawiki.recentchange,d8c90c05-b29d-4ec2-9196-173471b036d2,ur.wikipedia.org,new,2026-08-29T08:31:00.432Z,1787992258,,11840616
6463285193,0,eqiad.mediawiki.recentchange,969f9171-b004-41bd-9c07-29c6242fbc0c,commons.wikimedia.org,categorize,2026-08-29T08:31:00.445Z,1787992258,,
6463285194,0,eqiad.mediawiki.recentchange,4de5747e-fec2-49bb-ba49-dc78321ed51b,commons.wikimedia.org,edit,2026-08-29T08:31:00.460Z,1787992260,1260591407,1269160205
6463285195,0,eqiad.mediawiki.recentchange,87dd4585-3571-4c98-b73f-ab35efc4edf5,commons.wikimedia.org,edit,2026-08-29T08:31:00.497Z,1787992259,1145998148,1269160203
6463285196,0,eqiad.mediawiki.recentchange,016eaa06-80d0-4cec-8d00-adead42b25f6,nl.wikipedia.org,edit,2026-08-29T08:31:00.525Z,1787992260,71823179,71848086
6463285197,0,eqiad.mediawiki.recentchange,035f87c1-658a-4169-8ba1-2f4315fadf6b,zh.wikipedia.org,categorize,2026-08-29T08:31:00.562Z,1787992258,,
6463285198,0,eqiad.mediawiki.recentchange,7be16b80-0049-46b9-bd17-2055434049f0,commons.wikimedia.org,categorize,2026-08-29T08:31:00.639Z,1787992259,,
6463285199,0,eqiad.mediawiki.recentchange,02f24663-5f74-45ec-b25e-41a10fb57900,commons.wikimedia.org,categorize,2026-08-29T08:31:00.654Z,1787992259,,
6463285200,0,eqiad.mediawiki.recentchange,4d35b715-8f99-45cc-bcc8-9ff37db0cdf3,commons.wikimedia.org,categorize,2026-08-29T08:31:00.657Z,1787992259,,
6463285201,0,eqiad.mediawiki.recentchange,fc373365-73c1-4ece-a82d-4d6d120feafb,uk.wikipedia.org,edit,2026-08-29T08:31:00.661Z,1787992260,46846659,48719988
6463285202,0,eqiad.mediawiki.recentchange,cde58062-ca84-432e-9149-cbb537706c04,commons.wikimedia.org,categorize,2026-08-29T08:31:00.674Z,1787992259,,
6463285203,0,eqiad.mediawiki.recentchange,f56edfa0-2465-45d3-8955-89853600c324,commons.wikimedia.org,categorize,2026-08-29T08:31:00.675Z,1787992259,,
6463285204,0,eqiad.mediawiki.recentchange,221badb4-839c-4074-86df-ddd0cc50c889,commons.wikimedia.org,categorize,2026-08-29T08:31:00.700Z,1787992259,,
6463285205,0,eqiad.mediawiki.recentchange,9effa88e-8a8f-478e-b0c8-d2b0eede6f81,commons.wikimedia.org,edit,2026-08-29T08:31:00.715Z,1787992260,1260565223,1269160206
6463285206,0,eqiad.mediawiki.recentchange,67fea01e-ceeb-40c5-9e16-9dfb10ca81dc,commons.wikimedia.org,categorize,2026-08-29T08:31:00.717Z,1787992259,,
6463285207,0,eqiad.mediawiki.recentchange,eb1ee94c-7941-4836-8c87-21c700e8b8fd,commons.wikimedia.org,categorize,2026-08-29T08:31:00.781Z,1787992260,,
6463285208,0,eqiad.mediawiki.recentchange,703e74f0-392c-4595-849a-84a310675de0,fr.wikipedia.org,edit,2026-08-29T08:31:00.787Z,1787992258,238888339,239048246
6463285209,0,eqiad.mediawiki.recentchange,eafc3d58-e74e-4907-91d1-4a756db3a976,fr.wikipedia.org,categorize,2026-08-29T08:31:00.795Z,1787992259,,
6463285210,0,eqiad.mediawiki.recentchange,2615e222-5b44-4ed5-9b3a-9a619d8b958a,commons.wikimedia.org,categorize,2026-08-29T08:31:00.799Z,1787992260,,
6463285211,0,eqiad.mediawiki.recentchange,94cadf2d-13a4-4c44-936e-33520b050692,en.wikipedia.org,categorize,2026-08-29T08:31:00.814Z,1787992259,,
6463285212,0,eqiad.mediawiki.recentchange,947e274c-6416-4add-9357-1b13e2a0dc9d,www.wikidata.org,edit,2026-08-29T08:31:00.848Z,1787992260,2447354241,2537676237
6463285213,0,eqiad.mediawiki.recentchange,425b20f6-0ed0-4b25-b56c-e33574e191a8,www.wikidata.org,edit,2026-08-29T08:31:00.871Z,1787992260,2251059834,2537676238
6463285214,0,eqiad.mediawiki.recentchange,fd273e96-2b82-4207-97c0-5bcf38946303,commons.wikimedia.org,categorize,2026-08-29T08:31:00.882Z,1787992258,,
6463285215,0,eqiad.mediawiki.recentchange,60d974ae-0d9a-4cae-a303-da10cdbb9f56,en.wikipedia.org,new,2026-08-29T08:31:00.901Z,1787992260,,1371914453
6463285216,0,eqiad.mediawiki.recentchange,21faa962-a680-4773-aace-7b7267d11c76,commons.wikimedia.org,categorize,2026-08-29T08:31:00.906Z,1787992258,,
6463285217,0,eqiad.mediawiki.recentchange,6e1c42f5-0a5a-46b6-93a7-edeadb3b793d,commons.wikimedia.org,categorize,2026-08-29T08:31:00.943Z,1787992258,,
6463285218,0,eqiad.mediawiki.recentchange,50a422ee-60c8-4e6f-b01a-438ec4195ca6,commons.wikimedia.org,categorize,2026-08-29T08:31:00.966Z,1787992258,,
6463285219,0,eqiad.mediawiki.recentchange,8da1608f-b94f-47dd-939c-02344cd17d9e,commons.wikimedia.org,categorize,2026-08-29T08:31:00.987Z,1787992258,,
6463285220,0,eqiad.mediawiki.recentchange,05c5006b-9a23-4e34-9a1c-f8b47d81c755,www.wikidata.org,edit,2026-08-29T08:31:00.995Z,1787992260,2494111267,2537676239
6463285221,0,eqiad.mediawiki.recentchange,8668be8d-0c62-4e98-97b9-41ff51aaf46d,commons.wikimedia.org,edit,2026-08-29T08:31:01.029Z,1787992260,1211460689,1269160209
6463285222,0,eqiad.mediawiki.recentchange,8458ad7b-d46c-4877-b4c2-8db15c43386a,en.wikipedia.org,edit,2026-08-29T08:31:01.139Z,1787992257,1369765785,1371914451
6463285223,0,eqiad.mediawiki.recentchange,b7250078-e6f9-40ab-982e-cf05d6c730b0,www.wikidata.org,edit,2026-08-29T08:31:01.173Z,1787992260,2537676234,2537676240
6463285224,0,eqiad.mediawiki.recentchange,be0bc6e8-5fc3-48cf-b432-876b71bfea6a,commons.wikimedia.org,edit,2026-08-29T08:31:01.213Z,1787992260,1260565224,1269160208
6463285225,0,eqiad.mediawiki.recentchange,a86a4853-24df-4b98-a0df-75858990369b,www.wikidata.org,edit,2026-08-29T08:31:01.216Z,1787992260,2251059825,2537676242
6463285226,0,eqiad.mediawiki.recentchange,39274ee9-dc88-43d2-beca-0d2c598f04c7,commons.wikimedia.org,edit,2026-08-29T08:31:01.275Z,1787992260,1260565228,1269160210
6463285227,0,eqiad.mediawiki.recentchange,c2872bb4-7f3a-46f7-ae31-3cec65dad855,commons.wikimedia.org,edit,2026-08-29T08:31:01.286Z,1787992260,901599197,1269160207
6463285228,0,eqiad.mediawiki.recentchange,9bbb9ed9-eaee-45f2-a314-05afe2202d25,en.wikipedia.org,edit,2026-08-29T08:31:01.412Z,1787992257,1371848742,1371914449
6463285229,0,eqiad.mediawiki.recentchange,0d654177-c58a-4ad0-8df0-19f322da3080,www.wikidata.org,edit,2026-08-29T08:31:01.439Z,1787992260,1573744571,2537676241
6463285230,0,eqiad.mediawiki.recentchange,74567e39-bdb0-4f0d-85a2-c29f01026e61,commons.wikimedia.org,categorize,2026-08-29T08:31:01.470Z,1787992260,,
6463285231,0,eqiad.mediawiki.recentchange,627dd586-10cf-4c46-8587-d5e105c487e6,commons.wikimedia.org,categorize,2026-08-29T08:31:01.488Z,1787992260,,
6463285232,0,eqiad.mediawiki.recentchange,d6532d30-89ba-44e3-a96a-53095081ebd4,www.wikidata.org,edit,2026-08-29T08:31:01.505Z,1787992261,2251051947,2537676244
6463285233,0,eqiad.mediawiki.recentchange,b6e0f274-8737-42e7-b684-d94dc284223f,en.wikipedia.org,edit,2026-08-29T08:31:01.529Z,1787992260,1191233278,1371914455
6463285234,0,eqiad.mediawiki.recentchange,b51671cd-32ab-4b5b-99f5-603a25222749,en.wikipedia.org,categorize,2026-08-29T08:31:01.559Z,1787992260,,
6463285235,0,eqiad.mediawiki.recentchange,60de5419-c5f3-4850-af4e-d8739c232d00,en.wikipedia.org,categorize,2026-08-29T08:31:01.580Z,1787992260,,
6463285236,0,eqiad.mediawiki.recentchange,9f548b86-20d4-4655-801f-4f2a32690200,en.wikipedia.org,categorize,2026-08-29T08:31:01.602Z,1787992260,,
6463285237,0,eqiad.mediawiki.recentchange,619f66bf-89ce-4148-b4de-067db17f1f85,www.wikidata.org,edit,2026-08-29T08:31:01.606Z,1787992261,2537676241,2537676243
6463285238,0,eqiad.mediawiki.recentchange,25d47cac-df39-4e8b-ad6c-d944bf52bac2,en.wikipedia.org,categorize,2026-08-29T08:31:01.626Z,1787992260,,
6463285239,0,eqiad.mediawiki.recentchange,d9b3f07e-6c68-4b01-938a-fb30764454f2,fi.wikipedia.org,log,2026-08-29T08:31:01.680Z,1787992261,,
6463285240,0,eqiad.mediawiki.recentchange,0f2d475f-86d0-4a56-8a47-0be5711e32c3,www.wikidata.org,edit,2026-08-29T08:31:01.863Z,1787992261,2485227881,2537676247
6463285241,0,eqiad.mediawiki.recentchange,c583aef1-1355-41d9-9b68-231e403dc9ee,www.wikidata.org,edit,2026-08-29T08:31:01.864Z,1787992261,2537676239,2537676245
6463285242,0,eqiad.mediawiki.recentchange,7f0a2a75-3ef7-4676-be0f-67b39936e222,commons.wikimedia.org,edit,2026-08-29T08:31:01.890Z,1787992261,1244485730,1269160211
6463285243,0,eqiad.mediawiki.recentchange,2fd6fb8c-e3a0-4b98-936e-03b2d2cc9c8a,fr.wikipedia.org,categorize,2026-08-29T08:31:01.920Z,1787992255,,
6463285244,0,eqiad.mediawiki.recentchange,63914b3d-b5d6-45cf-aac8-80b136324bfa,commons.wikimedia.org,categorize,2026-08-29T08:31:01.985Z,1787992260,,
6463285245,0,eqiad.mediawiki.recentchange,b4ab4206-0afa-41b0-b13e-fb52dd361272,www.wikidata.org,edit,2026-08-29T08:31:01.994Z,1787992261,2251051955,2537676248
6463285246,0,eqiad.mediawiki.recentchange,6325784b-f0d0-4f69-998c-24125f8092e9,commons.wikimedia.org,categorize,2026-08-29T08:31:02.005Z,1787992260,,
6463285247,0,eqiad.mediawiki.recentchange,8f9f2caf-bb57-4b90-91c1-15629ebc4e59,ru.wikipedia.org,log,2026-08-29T08:31:02.072Z,1787992262,,
6463285248,0,eqiad.mediawiki.recentchange,9932c895-6ecf-43d6-bb37-ca416372d15d,commons.wikimedia.org,categorize,2026-08-29T08:31:02.073Z,1787992260,,
6463285249,0,eqiad.mediawiki.recentchange,3e109e61-fa27-4e72-b35b-13716f1a13ea,www.wikidata.org,edit,2026-08-29T08:31:02.086Z,1787992261,2157955074,2537676246
6463285250,0,eqiad.mediawiki.recentchange,619868cf-f5e9-4890-a4ef-e0e6c4ac262e,commons.wikimedia.org,categorize,2026-08-29T08:31:02.092Z,1787992260,,
6463285251,0,eqiad.mediawiki.recentchange,78b02b49-8074-487b-8cfb-e5016f276ee9,ce.wikipedia.org,edit,2026-08-29T08:31:02.136Z,1787992258,23712479,24422784
6463285252,0,eqiad.mediawiki.recentchange,3d40008d-a1ea-4e9d-85b1-b3018e9cd606,www.wikidata.org,edit,2026-08-29T08:31:02.141Z,1787992261,2537676243,2537676249
6463285253,0,eqiad.mediawiki.recentchange,7554757b-6044-473e-a864-4ca0718bf160,commons.wikimedia.org,edit,2026-08-29T08:31:02.252Z,1787992261,723246513,1269160213
6463285254,0,eqiad.mediawiki.recentchange,c2ad5cca-0925-4318-a65f-801f4f6200b4,commons.wikimedia.org,log,2026-08-29T08:31:02.271Z,1787992261,,
6463285255,0,eqiad.mediawiki.recentchange,30bb5faa-e765-4d17-a645-cd2fd8cccdc7,www.wikidata.org,log,2026-08-29T08:31:02.304Z,1787992262,,
6463285256,0,eqiad.mediawiki.recentchange,a17830dd-4345-4ab3-b783-547c27f0067a,pl.wiktionary.org,edit,2026-08-29T08:31:02.315Z,1787992261,8781777,8865535
6463285257,0,eqiad.mediawiki.recentchange,689e9673-1825-485c-b4f8-9d86799d30af,zh.wikipedia.org,edit,2026-08-29T08:31:02.337Z,1787992261,94090703,94090720
6463285258,0,eqiad.mediawiki.recentchange,f46ac44c-76fe-4f3a-8993-ea854f45ab96,en.wikipedia.org,edit,2026-08-29T08:31:02.352Z,1787992260,1371914286,1371914454
6463285259,0,eqiad.mediawiki.recentchange,b5465365-4393-432d-8573-74206eea668a,ce.wikipedia.org,edit,2026-08-29T08:31:02.383Z,1787992260,23712480,24422785
6463285260,0,eqiad.mediawiki.recentchange,4163ed52-60fd-4298-801d-1bac4c46c648,www.wikidata.org,edit,2026-08-29T08:31:02.435Z,1787992262,2251051961,2537676250
6463285261,0,eqiad.mediawiki.recentchange,765f306f-76ee-400c-ab76-64e322f3c8e0,commons.wikimedia.org,edit,2026-08-29T08:31:02.487Z,1787992262,502689041,1269160215
6463285262,0,eqiad.mediawiki.recentchange,1e247f67-c2af-40af-ba12-1128bd00ecb2,pl.wiktionary.org,edit,2026-08-29T08:31:02.508Z,1787992261,8865527,8865536
6463285263,0,eqiad.mediawiki.recentchange,4d114399-943a-4312-9671-bb723bd82868,commons.wikimedia.org,edit,2026-08-29T08:31:02.509Z,1787992262,1268292901,1269160216
6463285264,0,eqiad.mediawiki.recentchange,e7229d94-ae6e-4deb-9a48-c08145674db8,uk.wikipedia.org,edit,2026-08-29T08:31:02.609Z,1787992261,46798296,48719989
6463285265,0,eqiad.mediawiki.recentchange,4989d686-a893-40f6-bf06-c715ad8bd4ad,en.wikipedia.org,categorize,2026-08-29T08:31:02.631Z,1787992257,,
6463285266,0,eqiad.mediawiki.recentchange,2334b688-1094-4724-9f55-2aad4957c0bc,en.wikipedia.org,categorize,2026-08-29T08:31:02.647Z,1787992257,,
6463285267,0,eqiad.mediawiki.recentchange,0a8b61a7-ba06-4361-a34d-fbfdef0af363,hu.wikipedia.org,edit,2026-08-29T08:31:02.662Z,1787992261,29309984,29309988
6463285268,0,eqiad.mediawiki.recentchange,014563c9-ec3e-4959-a802-103af7e0e8c0,en.wikipedia.org,categorize,2026-08-29T08:31:02.664Z,1787992257,,
6463285269,0,eqiad.mediawiki.recentchange,6a17310a-d042-4525-b580-481ca2d7a1db,en.wikipedia.org,categorize,2026-08-29T08:31:02.684Z,1787992257,,
6463285270,0,eqiad.mediawiki.recentchange,07909578-29e3-4ff1-850d-5fccde21de52,en.wikipedia.org,edit,2026-08-29T08:31:02.700Z,1787992260,1299302609,1371914456
6463285271,0,eqiad.mediawiki.recentchange,cefe71f3-d138-4a76-9cd7-7474840aed21,commons.wikimedia.org,edit,2026-08-29T08:31:02.732Z,1787992261,869514440,1269160214
6463285272,0,eqiad.mediawiki.recentchange,2fb2281a-90de-4dbb-9c7c-8464f6f53595,www.wikidata.org,edit,2026-08-29T08:31:02.790Z,1787992262,2525769126,2537676253
6463285273,0,eqiad.mediawiki.recentchange,fbacf304-38f0-4312-b680-0d324f1dd4e7,www.wikidata.org,edit,2026-08-29T08:31:02.796Z,1787992262,2251076887,2537676251
6463285274,0,eqiad.mediawiki.recentchange,dfbecd77-6424-4b72-8721-cecf41ae20e0,fr.wikipedia.org,edit,2026-08-29T08:31:02.824Z,1787992245,239048073,239048236
6463285275,0,eqiad.mediawiki.recentchange,5c2ead56-cb57-48d0-a9e7-37450c518746,www.wikidata.org,edit,2026-08-29T08:31:02.936Z,1787992262,2514395816,2537676252
6463285276,0,eqiad.mediawiki.recentchange,6e71a460-557c-4309-a246-0c5e438eb4b0,www.wikidata.org,edit,2026-08-29T08:31:03.027Z,1787992262,1574217648,2537676254
6463285277,0,eqiad.mediawiki.recentchange,76432be0-ee0c-439c-843b-6a2d1c9d17f9,commons.wikimedia.org,categorize,2026-08-29T08:31:03.065Z,1787992261,,
6463285278,0,eqiad.mediawiki.recentchange,80d104d3-ff8b-4c2f-bb61-ac7196c1611d,commons.wikimedia.org,categorize,2026-08-29T08:31:03.087Z,1787992261,,
6463285279,0,eqiad.mediawiki.recentchange,34ae4648-f4d0-4387-a69b-1bc06e9bba98,commons.wikimedia.org,categorize,2026-08-29T08:31:03.110Z,1787992261,,
6463285280,0,eqiad.mediawiki.recentchange,14887dff-b846-4106-ac83-197d5c21fbf0,commons.wikimedia.org,categorize,2026-08-29T08:31:03.129Z,1787992261,,
6463285281,0,eqiad.mediawiki.recentchange,f2efdf5e-3186-41c7-b315-d9ef70243414,commons.wikimedia.org,categorize,2026-08-29T08:31:03.147Z,1787992261,,
6463285282,0,eqiad.mediawiki.recentchange,8568cd4a-abdf-4363-bad5-c6aeb19e73c1,commons.wikimedia.org,edit,2026-08-29T08:31:03.159Z,1787992262,1161356135,1269160217
6463285283,0,eqiad.mediawiki.recentchange,91f9a1c6-7d2b-46cc-bcd3-798de701eb50,commons.wikimedia.org,categorize,2026-08-29T08:31:03.174Z,1787992261,,
6463285284,0,eqiad.mediawiki.recentchange,880bfde8-e405-467a-8b8d-5bd55b0a0459,www.wikidata.org,edit,2026-08-29T08:31:03.194Z,1787992262,2251076874,2537676256
6463285285,0,eqiad.mediawiki.recentchange,d996ad27-2261-4da0-a350-87f99d78d48d,commons.wikimedia.org,categorize,2026-08-29T08:31:03.195Z,1787992261,,
6463285286,0,eqiad.mediawiki.recentchange,09f3f729-956b-4523-a847-05d9ef06bf8c,id.wikipedia.org,new,2026-08-29T08:31:03.213Z,1787992260,,29663089
6463285287,0,eqiad.mediawiki.recentchange,e64c4e97-680b-4552-98b2-740c7545e006,commons.wikimedia.org,categorize,2026-08-29T08:31:03.219Z,1787992261,,
6463285288,0,eqiad.mediawiki.recentchange,2b45f756-d320-4f99-bcea-9e9a03586055,commons.wikimedia.org,categorize,2026-08-29T08:31:03.240Z,1787992261,,
6463285289,0,eqiad.mediawiki.recentchange,222f1a70-7d1e-4dc1-8e8d-4c5339f6feb9,ur.wikipedia.org,categorize,2026-08-29T08:31:03.253Z,1787992258,,
6463285290,0,eqiad.mediawiki.recentchange,d54d03b2-f8ff-4a01-979b-e914030bffce,commons.wikimedia.org,categorize,2026-08-29T08:31:03.257Z,1787992261,,
6463285291,0,eqiad.mediawiki.recentchange,de1d1190-caab-4645-bcff-298494ae6de7,ur.wikipedia.org,categorize,2026-08-29T08:31:03.276Z,1787992258,,
6463285292,0,eqiad.mediawiki.recentchange,320cd1ba-800d-4066-ae7a-7d24729c5dd1,www.wikidata.org,edit,2026-08-29T08:31:03.293Z,1787992262,2537676246,2537676255
6463285293,0,eqiad.mediawiki.recentchange,60728316-a58d-4554-b0fc-f1e4589a8ac4,ur.wikipedia.org,categorize,2026-08-29T08:31:03.296Z,1787992258,,
6463285294,0,eqiad.mediawiki.recentchange,818af537-e073-4b7e-8183-b07583599475,commons.wikimedia.org,edit,2026-08-29T08:31:03.304Z,1787992262,899654175,1269160219
6463285295,0,eqiad.mediawiki.recentchange,c6e49548-fb9b-4c4c-8f3c-e7439c3e6190,ur.wikipedia.org,categorize,2026-08-29T08:31:03.318Z,1787992258,,
6463285296,0,eqiad.mediawiki.recentchange,1e549210-f446-4164-860b-bcf45c2cd782,ur.wikipedia.org,categorize,2026-08-29T08:31:03.346Z,1787992258,,
6463285297,0,eqiad.mediawiki.recentchange,150c2612-210b-4736-baaf-1e6cd01bb240,ur.wikipedia.org,categorize,2026-08-29T08:31:03.363Z,1787992258,,
6463285298,0,eqiad.mediawiki.recentchange,ba2e2d5a-c6c7-479b-a418-563d9b2458ed,ur.wikipedia.org,categorize,2026-08-29T08:31:03.383Z,1787992258,,
6463285299,0,eqiad.mediawiki.recentchange,e54ab564-b25f-4363-a1d5-beacb149d080,ur.wikipedia.org,categorize,2026-08-29T08:31:03.399Z,1787992258,,
6463285300,0,eqiad.mediawiki.recentchange,89c1b2f9-4059-4454-b9b4-3cc117a1ba69,commons.wikimedia.org,edit,2026-08-29T08:31:03.414Z,1787992262,1003070660,1269160218
6463285301,0,eqiad.mediawiki.recentchange,2b838e6e-2684-4ec3-909f-9e8ad71eb121,ur.wikipedia.org,categorize,2026-08-29T08:31:03.425Z,1787992258,,
6463285302,0,eqiad.mediawiki.recentchange,220c0428-3550-4c3a-95f2-98255e144188,ru.wikipedia.org,edit,2026-08-29T08:31:03.440Z,1787992260,154749748,154749903
6463285303,0,eqiad.mediawiki.recentchange,4ddd3659-c5dc-417f-931f-5675ecb7e124,ur.wikipedia.org,categorize,2026-08-29T08:31:03.444Z,1787992258,,
6463285304,0,eqiad.mediawiki.recentchange,33754e9b-098b-462e-8c6e-a49eb4315ea8,ur.wikipedia.org,categorize,2026-08-29T08:31:03.462Z,1787992258,,
6463285305,0,eqiad.mediawiki.recentchange,44a5cb3b-2e84-49de-957a-c0b4b452f3ca,ur.wikipedia.org,categorize,2026-08-29T08:31:03.483Z,1787992258,,
6463285306,0,eqiad.mediawiki.recentchange,8df94cc0-aadd-4965-86dd-bf81d6b91e3f,ur.wikipedia.org,categorize,2026-08-29T08:31:03.504Z,1787992258,,
6463285307,0,eqiad.mediawiki.recentchange,c600e1f5-a39f-46ac-b474-4ab2e4270b37,www.wikidata.org,edit,2026-08-29T08:31:03.508Z,1787992263,2537676254,2537676257
6463285308,0,eqiad.mediawiki.recentchange,835d06a4-f3cd-4e2a-bfb5-c6f2f64d31c0,en.wikipedia.org,edit,2026-08-29T08:31:03.513Z,1787992260,1264762418,1371914457
6463285309,0,eqiad.mediawiki.recentchange,3170c831-d6f3-49e8-92c9-a5b295cb3995,ur.wikipedia.org,categorize,2026-08-29T08:31:03.527Z,1787992258,,
6463285310,0,eqiad.mediawiki.recentchange,6a6ef506-7693-4b0d-900d-61d42dc5128a,ru.wikipedia.org,log,2026-08-29T08:31:03.549Z,1787992263,,
6463285311,0,eqiad.mediawiki.recentchange,a7eeef0e-5672-463c-af00-8c1e3550f6f4,www.wikidata.org,edit,2026-08-29T08:31:03.549Z,1787992263,2251076881,2537676258
6463285312,0,eqiad.mediawiki.recentchange,69436ed4-566a-4dd5-a038-da268fefca03,ur.wikipedia.org,categorize,2026-08-29T08:31:03.556Z,1787992258,,
6463285313,0,eqiad.mediawiki.recentchange,bf2dd686-4d9c-42de-8697-c7d52e7513f6,ur.wikipedia.org,categorize,2026-08-29T08:31:03.582Z,1787992258,,
6463285314,0,eqiad.mediawiki.recentchange,d33620b7-e30f-4cf2-bc42-8747386f6871,ur.wikipedia.org,categorize,2026-08-29T08:31:03.609Z,1787992258,,
6463285315,0,eqiad.mediawiki.recentchange,764a8364-9beb-4f89-a38c-696161b1be24,ur.wikipedia.org,categorize,2026-08-29T08:31:03.637Z,1787992258,,
6463285316,0,eqiad.mediawiki.recentchange,459d4850-443b-462b-a1f4-98cdeb778da9,ce.wikipedia.org,edit,2026-08-29T08:31:03.658Z,1787992261,23712481,24422786
6463285317,0,eqiad.mediawiki.recentchange,2262aa2e-dc13-4ac1-bc9f-f09fd56e7e46,ur.wikipedia.org,categorize,2026-08-29T08:31:03.660Z,1787992258,,
6463285318,0,eqiad.mediawiki.recentchange,23acc6ed-6c07-4b33-a2be-64f09ff109b9,ur.wikipedia.org,categorize,2026-08-29T08:31:03.681Z,1787992258,,
6463285319,0,eqiad.mediawiki.recentchange,470c5db8-525d-432d-931a-02a92cc4d679,ur.wikipedia.org,categorize,2026-08-29T08:31:03.710Z,1787992258,,
6463285320,0,eqiad.mediawiki.recentchange,3dfb73b5-45a9-41e3-b0e4-eaaa49e41d41,ur.wikipedia.org,categorize,2026-08-29T08:31:03.731Z,1787992258,,
6463285321,0,eqiad.mediawiki.recentchange,90dc3dba-6ac3-417a-ba0c-1e14e888b414,ur.wikipedia.org,categorize,2026-08-29T08:31:03.753Z,1787992258,,
6463285322,0,eqiad.mediawiki.recentchange,975207cd-64ed-4cce-9c11-bbce6d3127f2,ru.wikipedia.org,edit,2026-08-29T08:31:03.753Z,1787992261,154548345,154749904
6463285323,0,eqiad.mediawiki.recentchange,be9092b7-c435-476e-a349-a8184a25a0c3,ur.wikipedia.org,categorize,2026-08-29T08:31:03.775Z,1787992258,,
6463285324,0,eqiad.mediawiki.recentchange,d81cd5fb-a9e9-486e-a2ae-7935f40c3725,ur.wikipedia.org,categorize,2026-08-29T08:31:03.794Z,1787992258,,
6463285325,0,eqiad.mediawiki.recentchange,afc5f4ab-50fc-4cfa-8be1-7aa24b7029b2,www.wikidata.org,edit,2026-08-29T08:31:03.795Z,1787992263,2536979138,2537676261
6463285326,0,eqiad.mediawiki.recentchange,a77b56e9-c692-4832-ae2b-dc96713cecde,www.wikidata.org,edit,2026-08-29T08:31:03.814Z,1787992263,2488920374,2537676260
6463285327,0,eqiad.mediawiki.recentchange,e373294b-8f68-4f5d-a5ca-fedb74aef099,www.wikidata.org,edit,2026-08-29T08:31:03.894Z,1787992263,2507852574,2537676259
6463285328,0,eqiad.mediawiki.recentchange,dd4f5961-7ae2-4cef-b265-f1bfefc5eb0b,www.wikidata.org,edit,2026-08-29T08:31:03.999Z,1787992263,2251076889,2537676264
6463285329,0,eqiad.mediawiki.recentchange,9f3aaee5-2cc3-424f-b3f5-955da8a21124,www.wikidata.org,edit,2026-08-29T08:31:04.000Z,1787992263,2447366707,2537676262
6463285330,0,eqiad.mediawiki.recentchange,8e5b7752-508d-4c7e-8842-96f58ba741d5,www.wikidata.org,edit,2026-08-29T08:31:04.091Z,1787992263,2536917620,2537676266
6463285331,0,eqiad.mediawiki.recentchange,554f911c-0e22-4c3b-a7f6-b934185d2842,commons.wikimedia.org,edit,2026-08-29T08:31:04.118Z,1787992262,1252832117,1269160220
6463285332,0,eqiad.mediawiki.recentchange,efe7dded-c40c-453d-8523-3ecfe4c468f7,commons.wikimedia.org,categorize,2026-08-29T08:31:04.154Z,1787992262,,
6463285333,0,eqiad.mediawiki.recentchange,bbf7d7cf-ad8f-4790-957b-5857b656cdb4,www.wikidata.org,edit,2026-08-29T08:31:04.163Z,1787992263,2537676257,2537676265
6463285334,0,eqiad.mediawiki.recentchange,874872bb-23d4-4467-b54e-d9d2ebde7481,commons.wikimedia.org,edit,2026-08-29T08:31:04.174Z,1787992263,1252002713,1269160221
6463285335,0,eqiad.mediawiki.recentchange,5ba951e6-0517-4f77-8694-7aed4f6d7640,commons.wikimedia.org,categorize,2026-08-29T08:31:04.175Z,1787992262,,
6463285336,0,eqiad.mediawiki.recentchange,424e3789-b54c-4cdf-be09-ce5863ea3a02,commons.wikimedia.org,categorize,2026-08-29T08:31:04.194Z,1787992262,,
6463285337,0,eqiad.mediawiki.recentchange,7cadc0f3-476a-44be-8778-122948c4588e,commons.wikimedia.org,categorize,2026-08-29T08:31:04.215Z,1787992262,,
6463285338,0,eqiad.mediawiki.recentchange,313bd9cd-d87e-4417-9491-3e741f46985a,commons.wikimedia.org,categorize,2026-08-29T08:31:04.232Z,1787992262,,
6463285339,0,eqiad.mediawiki.recentchange,9948433e-203b-4544-842a-6399c1694cf6,fr.wikipedia.org,log,2026-08-29T08:31:04.234Z,1787992264,,
6463285340,0,eqiad.mediawiki.recentchange,47be7874-ed79-4586-829b-34d25d253cbf,www.wikidata.org,log,2026-08-29T08:31:04.287Z,1787992264,,
6463285341,0,eqiad.mediawiki.recentchange,bfcbe297-dbae-4944-bd9f-dc638275e137,commons.wikimedia.org,edit,2026-08-29T08:31:04.348Z,1787992263,653515349,1269160222
6463285342,0,eqiad.mediawiki.recentchange,dfd65ae9-f1f5-4ce6-a97a-e1a68f963176,uk.wikipedia.org,edit,2026-08-29T08:31:04.360Z,1787992263,46797081,48719990
6463285343,0,eqiad.mediawiki.recentchange,ae9269e9-ef14-48e8-822d-9fa49a2e0593,www.wikidata.org,edit,2026-08-29T08:31:04.365Z,1787992263,2269813990,2537676263
6463285344,0,eqiad.mediawiki.recentchange,3d4071f6-5a9f-4665-ba21-f6b5421868a4,id.wikipedia.org,categorize,2026-08-29T08:31:04.466Z,1787992260,,
6463285345,0,eqiad.mediawiki.recentchange,297992f6-3fa9-4f0e-8dae-1d73caa3a520,id.wikipedia.org,categorize,2026-08-29T08:31:04.485Z,1787992260,,
6463285346,0,eqiad.mediawiki.recentchange,bdc5eb96-9288-4714-9482-5f0da131c497,id.wikipedia.org,categorize,2026-08-29T08:31:04.506Z,1787992260,,
6463285347,0,eqiad.mediawiki.recentchange,dfa1bffa-b102-4a54-b624-61763aa051ce,id.wikipedia.org,categorize,2026-08-29T08:31:04.526Z,1787992260,,
6463285348,0,eqiad.mediawiki.recentchange,2c52ab25-c26b-4d55-be86-95bbaa7abaff,id.wikipedia.org,categorize,2026-08-29T08:31:04.549Z,1787992260,,
6463285349,0,eqiad.mediawiki.recentchange,2debe836-3da6-4acb-874f-5a7d98eb6cbf,id.wikipedia.org,categorize,2026-08-29T08:31:04.567Z,1787992260,,
6463285350,0,eqiad.mediawiki.recentchange,c1cf022d-2366-4f6b-8582-857a3421b4be,id.wikipedia.org,categorize,2026-08-29T08:31:04.594Z,1787992260,,
6463285351,0,eqiad.mediawiki.recentchange,19e28fa2-7c90-4f4a-a15b-1a8ff0c6693a,id.wikipedia.org,categorize,2026-08-29T08:31:04.615Z,1787992260,,
6463285352,0,eqiad.mediawiki.recentchange,184963fd-cde9-4692-b54c-c0c27bb51de9,id.wikipedia.org,categorize,2026-08-29T08:31:04.642Z,1787992260,,
6463285353,0,eqiad.mediawiki.recentchange,17cc9c39-c61e-40cd-94bc-af549d0bd8ed,id.wikipedia.org,categorize,2026-08-29T08:31:04.660Z,1787992260,,
6463285354,0,eqiad.mediawiki.recentchange,6efed95e-bc02-4e13-ab89-9c33bede35ca,commons.wikimedia.org,edit,2026-08-29T08:31:04.677Z,1787992264,1259443478,1269160223
6463285355,0,eqiad.mediawiki.recentchange,0f9439c4-3e26-4221-8af2-69063fad3129,id.wikipedia.org,categorize,2026-08-29T08:31:04.679Z,1787992260,,
6463285356,0,eqiad.mediawiki.recentchange,438d22c3-4c45-4d7b-9e34-9d7409484aca,ce.wikipedia.org,categorize,2026-08-29T08:31:04.694Z,1787992260,,
6463285357,0,eqiad.mediawiki.recentchange,81fe3bb2-e577-40e8-9c7d-b50c325193ca,id.wikipedia.org,categorize,2026-08-29T08:31:04.697Z,1787992260,,
6463285358,0,eqiad.mediawiki.recentchange,9cd8afc1-88be-4fc3-a72e-9996cd11dc37,mg.wiktionary.org,edit,2026-08-29T08:31:04.705Z,1787992261,36779553,37585884
6463285359,0,eqiad.mediawiki.recentchange,8751f1bf-811d-4d50-8ebb-f8b03ca40003,id.wikipedia.org,categorize,2026-08-29T08:31:04.719Z,1787992260,,
6463285360,0,eqiad.mediawiki.recentchange,36aed471-03a5-4902-8283-e781cced3eb7,en.wikipedia.org,categorize,2026-08-29T08:31:04.726Z,1787992260,,
6463285361,0,eqiad.mediawiki.recentchange,2dd03879-5f8c-48ef-b341-cdb8b3c476a4,id.wikipedia.org,categorize,2026-08-29T08:31:04.735Z,1787992260,,
6463285362,0,eqiad.mediawiki.recentchange,e1f69a13-d8cf-41aa-80bb-98013128b4bf,id.wikipedia.org,categorize,2026-08-29T08:31:04.762Z,1787992260,,
6463285363,0,eqiad.mediawiki.recentchange,01bf6fb3-7826-46aa-abc5-923f1e6b8bca,www.wikidata.org,edit,2026-08-29T08:31:04.773Z,1787992264,2537153569,2537676269
6463285364,0,eqiad.mediawiki.recentchange,2833da15-2cce-4bab-bbef-7563f67f66ca,id.wikipedia.org,categorize,2026-08-29T08:31:04.784Z,1787992260,,
6463285365,0,eqiad.mediawiki.recentchange,1a74eb08-a006-4c72-8727-bb4f72cfb146,www.wikidata.org,edit,2026-08-29T08:31:04.809Z,1787992264,2537676188,2537676267
6463285366,0,eqiad.mediawiki.recentchange,347e00fc-6d8a-4bc8-821e-82a879914112,id.wikipedia.org,categorize,2026-08-29T08:31:04.813Z,1787992260,,
6463285367,0,eqiad.mediawiki.recentchange,76fe4a00-97c5-4b50-ad0d-a32dbdae0410,www.wikidata.org,edit,2026-08-29T08:31:04.832Z,1787992264,2508715155,2537676268
6463285368,0,eqiad.mediawiki.recentchange,f031f79b-b21a-486b-833f-0ac9c0181d61,ce.wikipedia.org,edit,2026-08-29T08:31:04.878Z,1787992263,23712482,24422787
6463285369,0,eqiad.mediawiki.recentchange,1c17072d-e707-427a-b9fa-76c7bafc8ad0,ce.wikipedia.org,categorize,2026-08-29T08:31:04.932Z,1787992254,,
6463285370,0,eqiad.mediawiki.recentchange,1a9c586f-2f22-4ab2-a5f6-5052f0be4794,ce.wikipedia.org,categorize,2026-08-29T08:31:05.056Z,1787992258,,
6463285371,0,eqiad.mediawiki.recentchange,d2e38dd8-d892-46b9-a11f-3e2de203bc92,id.wikipedia.org,log,2026-08-29T08:31:05.101Z,1787992265,,
6463285372,0,eqiad.mediawiki.recentchange,07c39fb7-5dbd-4846-aeb8-5c0c5f48e169,fr.wikipedia.org,edit,2026-08-29T08:31:05.162Z,1787992263,169463043,239048248
6463285373,0,eqiad.mediawiki.recentchange,90eb1cb0-2007-49f1-b0aa-c8d456f27b7d,www.wikidata.org,edit,2026-08-29T08:31:05.182Z,1787992264,2251076898,2537676270
6463285374,0,eqiad.mediawiki.recentchange,ea25ace5-837a-4014-b4e2-756c5ca00716,id.wikipedia.org,edit,2026-08-29T08:31:05.188Z,1787992262,29662994,29663090
6463285375,0,eqiad.mediawiki.recentchange,f1c4789f-33e7-41a9-86a1-968163394ce2,www.wikidata.org,edit,2026-08-29T08:31:05.209Z,1787992264,1759930396,2537676271
6463285376,0,eqiad.mediawiki.recentchange,abbda0bf-4d90-44e4-b126-57b2a89b79ce,ce.wikipedia.org,categorize,2026-08-29T08:31:05.212Z,1787992261,,
6463285377,0,eqiad.mediawiki.recentchange,52d0f105-62ce-47a5-93af-825c2edbfb09,auth.wikimedia.org,log,2026-08-29T08:31:05.219Z,1787992264,,
6463285378,0,eqiad.mediawiki.recentchange,1c6f738a-d0e2-45ab-abab-ab0acfc61c63,www.wikidata.org,edit,2026-08-29T08:31:05.246Z,1787992264,2251076904,2537676277
6463285379,0,eqiad.mediawiki.recentchange,8bdfb014-de20-46db-bb8d-a98544a45c13,www.wikidata.org,edit,2026-08-29T08:31:05.288Z,1787992264,2537676182,2537676275
6463285380,0,eqiad.mediawiki.recentchange,f4688724-7f5c-4ad5-96aa-40e9e34db67a,auth.wikimedia.org,log,2026-08-29T08:31:05.399Z,1787992264,,
6463285381,0,eqiad.mediawiki.recentchange,b2a99f2f-0903-4738-b547-a737d18c3fee,commons.wikimedia.org,edit,2026-08-29T08:31:05.484Z,1787992263,1269160220,1269160224
6463285382,0,eqiad.mediawiki.recentchange,8f13f960-6188-41a2-90fa-1e299ca08d6d,www.wikidata.org,edit,2026-08-29T08:31:05.550Z,1787992264,2537676271,2537676276
6463285383,0,eqiad.mediawiki.recentchange,71a8ac9e-011f-436c-8404-6313f3f01d65,fr.wikipedia.org,edit,2026-08-29T08:31:05.608Z,1787992260,239048222,239048247
6463285384,0,eqiad.mediawiki.recentchange,0c9474b1-0c59-4126-8411-a44117704305,www.wikidata.org,edit,2026-08-29T08:31:05.653Z,1787992265,2251076917,2537676278
6463285385,0,eqiad.mediawiki.recentchange,0cd3f10d-4f88-408c-ac06-c9889e1501f5,de.wikipedia.org,edit,2026-08-29T08:31:05.741Z,1787992265,270036395,270068235
6463285386,0,eqiad.mediawiki.recentchange,8f2cb3e9-7ce8-4bee-a2a5-86f7020a3f17,www.wikidata.org,edit,2026-08-29T08:31:05.895Z,1787992265,2447371934,2537676281
6463285387,0,eqiad.mediawiki.recentchange,9db02f9d-8211-474b-a130-a4df78de7642,www.wikidata.org,edit,2026-08-29T08:31:05.924Z,1787992265,2207535027,2537676279
6463285388,0,eqiad.mediawiki.recentchange,7675d463-1330-4d86-ac90-d6bf16eeb31c,www.wikidata.org,edit,2026-08-29T08:31:05.949Z,1787992265,2537676276,2537676280
6463285389,0,eqiad.mediawiki.recentchange,bfa3e33e-9d66-4d47-83c9-73ed2a4927b8,www.wikidata.org,edit,2026-08-29T08:31:05.989Z,1787992265,2251076909,2537676282
6463285390,0,eqiad.mediawiki.recentchange,ad95f702-98e9-4d31-a89c-45ce1035bd3a,zh.wikipedia.org,edit,2026-08-29T08:31:06.058Z,1787992264,94090078,94090721
6463285391,0,eqiad.mediawiki.recentchange,7499155e-a7c9-4c44-ad3d-b96b258db22d,en.wikipedia.org,edit,2026-08-29T08:31:06.086Z,1787992264,1285292449,1371914460
6463285392,0,eqiad.mediawiki.recentchange,837c7e44-2c6d-45b1-88a6-2e3d44f73fad,commons.wikimedia.org,edit,2026-08-29T08:31:06.157Z,1787992265,994563982,1269160225
6463285393,0,eqiad.mediawiki.recentchange,fc1cfa94-1df3-4419-9d40-e9be8f5f0e46,commons.wikimedia.org,edit,2026-08-29T08:31:06.183Z,1787992265,891000620,1269160226
6463285394,0,eqiad.mediawiki.recentchange,a7b9167f-2e09-43d0-90b1-d0f8e7282b0c,commons.wikimedia.org,edit,2026-08-29T08:31:06.233Z,1787992265,1125683110,1269160227
6463285395,0,eqiad.mediawiki.recentchange,6ae206c7-c173-445f-93dc-d1bf5ba12323,www.wikidata.org,edit,2026-08-29T08:31:06.288Z,1787992264,2537675963,2537676272
6463285396,0,eqiad.mediawiki.recentchange,e1505568-40c4-4101-9176-ecde338a7893,ce.wikipedia.org,edit,2026-08-29T08:31:06.366Z,1787992264,23712483,24422788
6463285397,0,eqiad.mediawiki.recentchange,57c015e0-1187-44e8-9636-202de7982cb0,uk.wikipedia.org,edit,2026-08-29T08:31:06.379Z,1787992265,46802253,48719991
6463285398,0,eqiad.mediawiki.recentchange,37136fb2-160b-4384-9082-5a5988427012,www.wikidata.org,edit,2026-08-29T08:31:06.452Z,1787992264,2491035562,2537676273
6463285399,0,eqiad.mediawiki.recentchange,ae81863d-e77e-497b-a4b4-9e654c967335,www.wikidata.org,edit,2026-08-29T08:31:06.484Z,1787992266,2251076912,2537676283
6463285400,0,eqiad.mediawiki.recentchange,63060862-e243-4895-a548-d8c08e9db0f6,www.wikidata.org,edit,2026-08-29T08:31:06.486Z,1787992266,2537676014,2537676284
6463285401,0,eqiad.mediawiki.recentchange,7a6b5126-c475-4242-8c27-679edb58a89a,commons.wikimedia.org,edit,2026-08-29T08:31:06.521Z,1787992266,1189528990,1269160228
6463285402,0,eqiad.mediawiki.recentchange,bb919fc9-b4a2-4b7b-a3b6-e040605e90f3,en.wikipedia.org,log,2026-08-29T08:31:06.607Z,1787992266,,
6463285403,0,eqiad.mediawiki.recentchange,bc3ef854-cc14-4b2d-a3ec-44f579bd1533,www.wikidata.org,edit,2026-08-29T08:31:06.620Z,1787992264,2537676272,2537676274
6463285404,0,eqiad.mediawiki.recentchange,7fa67588-9651-4148-a10c-0ba1d17c18c3,www.wikidata.org,edit,2026-08-29T08:31:06.631Z,1787992266,2537676280,2537676285
6463285405,0,eqiad.mediawiki.recentchange,c687ea0c-91b1-4f27-886d-bcd92e93a5ad,en.wikipedia.org,edit,2026-08-29T08:31:06.678Z,1787992260,1371771836,1371914459
6463285406,0,eqiad.mediawiki.recentchange,126dea8e-48c9-48d1-a460-26757cf1608a,en.wikipedia.org,edit,2026-08-29T08:31:06.692Z,1787992253,1371913097,1371914447
6463285407,0,eqiad.mediawiki.recentchange,d18006a0-1fa5-4d3e-acac-c28269c847c4,en.wikipedia.org,edit,2026-08-29T08:31:06.710Z,1787992266,1371913593,1371914463
6463285408,0,eqiad.mediawiki.recentchange,7e855164-f2ac-479c-99f0-296fc09a8e41,www.wikidata.org,edit,2026-08-29T08:31:06.743Z,1787992266,2537676230,2537676286
6463285409,0,eqiad.mediawiki.recentchange,b1f225cb-d249-4964-9399-fd090ae1f8e0,www.wikidata.org,edit,2026-08-29T08:31:06.867Z,1787992266,2251076937,2537676289
6463285410,0,eqiad.mediawiki.recentchange,2c7b1447-0c62-4e48-9dee-470c8661f0f9,www.wikidata.org,edit,2026-08-29T08:31:06.892Z,1787992266,2505119544,2537676288
6463285411,0,eqiad.mediawiki.recentchange,9871bd5f-e595-4148-ad0a-57ecb08af2cb,it.wikipedia.org,edit,2026-08-29T08:31:06.899Z,1787992264,152238660,152239628
6463285412,0,eqiad.mediawiki.recentchange,672d5fac-7809-431b-b980-2d6ef7270cc3,commons.wikimedia.org,edit,2026-08-29T08:31:06.940Z,1787992266,226699946,1269160232
6463285413,0,eqiad.mediawiki.recentchange,7624410c-8ce0-49c0-9a92-b2303401c50f,en.wikipedia.org,edit,2026-08-29T08:31:06.947Z,1787992261,1369723751,1371914458
6463285414,0,eqiad.mediawiki.recentchange,291bbd07-d89d-480e-956f-de1c288affe9,www.wikidata.org,edit,2026-08-29T08:31:06.962Z,1787992266,2537676279,2537676287
6463285415,0,eqiad.mediawiki.recentchange,0ed7ae97-4269-4787-9bfe-e39aa979dbb0,fr.wikipedia.org,categorize,2026-08-29T08:31:06.968Z,1787992263,,
6463285416,0,eqiad.mediawiki.recentchange,6a7c74c3-090e-4376-a7aa-c71e28fed9d4,commons.wikimedia.org,edit,2026-08-29T08:31:06.985Z,1787992266,1195627351,1269160231
6463285417,0,eqiad.mediawiki.recentchange,fa5209ca-be45-4dec-b15a-128d7d10e022,fr.wikipedia.org,categorize,2026-08-29T08:31:06.990Z,1787992263,,
6463285418,0,eqiad.mediawiki.recentchange,76331404-1cf8-4865-8c9d-e89f14c63b98,fr.wikipedia.org,categorize,2026-08-29T08:31:07.010Z,1787992263,,
6463285419,0,eqiad.mediawiki.recentchange,f02818e4-c0ee-4dd3-b950-5e600498b857,commons.wikimedia.org,log,2026-08-29T08:31:07.081Z,1787992265,,
6463285420,0,eqiad.mediawiki.recentchange,d43a8a4c-9912-4d67-a6d8-38e46ea6c936,commons.wikimedia.org,edit,2026-08-29T08:31:07.113Z,1787992266,1269159741,1269160230
6463285421,0,eqiad.mediawiki.recentchange,bc3e092a-2c8a-4d30-8a09-2e8006f7a117,commons.wikimedia.org,edit,2026-08-29T08:31:07.188Z,1787992266,873533126,1269160233
6463285422,0,eqiad.mediawiki.recentchange,892d5fe6-0aa1-4e1a-a19f-16781bed7f28,www.wikidata.org,edit,2026-08-29T08:31:07.349Z,1787992267,2251076924,2537676290
6463285423,0,eqiad.mediawiki.recentchange,63f71082-8992-4a91-bbdd-ed3650420ed4,nl.wikipedia.org,new,2026-08-29T08:31:07.408Z,1787992267,,71848087
6463285424,0,eqiad.mediawiki.recentchange,480ba415-8369-4903-b740-449d5d9bc500,www.wikidata.org,edit,2026-08-29T08:31:07.560Z,1787992267,2537676284,2537676291
6463285425,0,eqiad.mediawiki.recentchange,85d438b3-49d1-491f-ac20-f6c67a875704,id.wikipedia.org,new,2026-08-29T08:31:07.563Z,1787992267,,29663091
6463285426,0,eqiad.mediawiki.recentchange,04ae30ca-1cd0-415a-9cfe-0a9281f5cfb8,commons.wikimedia.org,categorize,2026-08-29T08:31:07.564Z,1787992266,,
6463285427,0,eqiad.mediawiki.recentchange,12e726b4-3ba1-47ea-a56a-2bc224de9736,commons.wikimedia.org,categorize,2026-08-29T08:31:07.584Z,1787992266,,
6463285428,0,eqiad.mediawiki.recentchange,89b3e3bd-0eb4-4dcc-9adf-d86919a540ae,www.wikidata.org,edit,2026-08-29T08:31:07.692Z,1787992267,2537675666,2537676293
6463285429,0,eqiad.mediawiki.recentchange,0d1314ed-d5e8-4e3d-98ab-bee73f5cc6d5,commons.wikimedia.org,log,2026-08-29T08:31:07.732Z,1787992266,,
6463285430,0,eqiad.mediawiki.recentchange,d249db82-8007-4761-ac31-34898c972682,www.wikidata.org,edit,2026-08-29T08:31:07.761Z,1787992267,2251076931,2537676295
6463285431,0,eqiad.mediawiki.recentchange,da10dbde-81ec-48ac-b877-2f994527dab3,commons.wikimedia.org,edit,2026-08-29T08:31:07.781Z,1787992267,1269019645,1269160235
6463285432,0,eqiad.mediawiki.recentchange,84084722-ff05-4f6d-bd19-c47ba18eff74,ce.wikipedia.org,categorize,2026-08-29T08:31:07.803Z,1787992264,,
6463285433,0,eqiad.mediawiki.recentchange,5025f339-7377-4575-9613-8a07a7009dfa,commons.wikimedia.org,categorize,2026-08-29T08:31:07.862Z,1787992266,,
6463285434,0,eqiad.mediawiki.recentchange,97c598ce-8036-418c-8019-e6680ecbefc2,ru.wikipedia.org,edit,2026-08-29T08:31:07.862Z,1787992265,154749801,154749905
6463285435,0,eqiad.mediawiki.recentchange,6b7b9891-0ea7-4f53-ba1a-ca27286a6380,commons.wikimedia.org,categorize,2026-08-29T08:31:07.880Z,1787992266,,
6463285436,0,eqiad.mediawiki.recentchange,97074ade-ced6-4719-886c-7cbc208b4e93,commons.wikimedia.org,categorize,2026-08-29T08:31:07.903Z,1787992266,,
6463285437,0,eqiad.mediawiki.recentchange,c22e6f3f-40c0-415f-b04b-ad59a8b9a6e1,commons.wikimedia.org,categorize,2026-08-29T08:31:07.921Z,1787992266,,
6463285438,0,eqiad.mediawiki.recentchange,57bc8479-8dae-4e70-a328-264e2a18bf67,commons.wikimedia.org,categorize,2026-08-29T08:31:07.943Z,1787992266,,
6463285439,0,eqiad.mediawiki.recentchange,c883c4bc-d800-43ad-a214-886583dea6ed,commons.wikimedia.org,categorize,2026-08-29T08:31:07.965Z,1787992266,,
6463285440,0,eqiad.mediawiki.recentchange,53232015-95e6-4aa5-b68c-9fb8204f8699,commons.wikimedia.org,categorize,2026-08-29T08:31:07.983Z,1787992266,,
6463285441,0,eqiad.mediawiki.recentchange,cd1e1522-c295-43f6-9331-aa4f5947f79b,hu.wikipedia.org,edit,2026-08-29T08:31:07.987Z,1787992264,29309982,29309989
6463285442,0,eqiad.mediawiki.recentchange,ef2f4af0-97b4-49b1-a35e-c082d000302c,commons.wikimedia.org,categorize,2026-08-29T08:31:08.000Z,1787992266,,
6463285443,0,eqiad.mediawiki.recentchange,51dcb11a-6d1d-4406-8c94-d153784abbbc,commons.wikimedia.org,categorize,2026-08-29T08:31:08.021Z,1787992266,,
6463285444,0,eqiad.mediawiki.recentchange,b54e25bc-c310-45d6-9c92-cd36000a24bf,www.wikidata.org,edit,2026-08-29T08:31:08.020Z,1787992267,2524549465,2537676292
6463285445,0,eqiad.mediawiki.recentchange,c975c1be-37e9-4c44-a490-8c771d86492b,commons.wikimedia.org,categorize,2026-08-29T08:31:08.038Z,1787992266,,
6463285446,0,eqiad.mediawiki.recentchange,cf6c74fa-5e28-4ceb-a5e3-2929eec08aca,www.wikidata.org,edit,2026-08-29T08:31:08.119Z,1787992267,2508715161,2537676296
6463285447,0,eqiad.mediawiki.recentchange,16814804-6c3c-4b92-8cee-9b34da7bd168,www.wikidata.org,edit,2026-08-29T08:31:08.170Z,1787992267,2251076954,2537676297
6463285448,0,eqiad.mediawiki.recentchange,c9a02de0-f6b9-4813-9b50-78920e5c8886,www.wikidata.org,edit,2026-08-29T08:31:08.216Z,1787992267,1575806394,2537676294
6463285449,0,eqiad.mediawiki.recentchange,a579b91a-744a-47ea-8f25-889407f8601d,it.wikipedia.org,log,2026-08-29T08:31:08.220Z,1787992268,,
6463285450,0,eqiad.mediawiki.recentchange,53bce311-7e68-49d5-9517-5d31f642dec6,commons.wikimedia.org,edit,2026-08-29T08:31:08.261Z,1787992267,1023478078,1269160236
6463285451,0,eqiad.mediawiki.recentchange,d1bc9f39-c881-457f-8aa1-7fb8914556db,commons.wikimedia.org,edit,2026-08-29T08:31:08.274Z,1787992267,506133711,1269160238
6463285452,0,eqiad.mediawiki.recentchange,5bdc13ed-f4d1-4894-a96b-b8164e54a06a,www.wikidata.org,log,2026-08-29T08:31:08.282Z,1787992268,,
6463285453,0,eqiad.mediawiki.recentchange,ce43068d-946c-4f48-a15c-a3001d8ef655,ko.wikipedia.org,edit,2026-08-29T08:31:08.343Z,1787992267,40842458,42399853
6463285454,0,eqiad.mediawiki.recentchange,d5b11b05-826c-4cef-8f91-68cf29d75a17,www.wikidata.org,edit,2026-08-29T08:31:08.352Z,1787992268,2529652739,2537676299
6463285455,0,eqiad.mediawiki.recentchange,7173847e-b9da-4e31-b9bf-2fcac20bb14d,www.wikidata.org,edit,2026-08-29T08:31:08.373Z,1787992267,2537676294,2537676298
6463285456,0,eqiad.mediawiki.recentchange,b6c6685a-1334-4be2-8f63-288d050c41b5,fa.wikipedia.org,edit,2026-08-29T08:31:08.383Z,1787992253,43878774,44287815
6463285457,0,eqiad.mediawiki.recentchange,73dfb63c-c0d7-4817-9bd1-c980d4ae6de0,uk.wikipedia.org,edit,2026-08-29T08:31:08.417Z,1787992268,46802288,48719992
6463285458,0,eqiad.mediawiki.recentchange,cd45274a-ab75-4b48-9a86-f27361189ccc,commons.wikimedia.org,categorize,2026-08-29T08:31:08.420Z,1787992267,,
6463285459,0,eqiad.mediawiki.recentchange,d67f0066-a55e-485b-a1cd-183741246d1d,fr.wikisource.org,new,2026-08-29T08:31:08.421Z,1787992267,,16007282
6463285460,0,eqiad.mediawiki.recentchange,086ed7e1-1850-4b67-b46e-f7d316c8c312,www.wikidata.org,edit,2026-08-29T08:31:08.442Z,1787992268,2251076945,2537676300
6463285461,0,eqiad.mediawiki.recentchange,6d6c4666-6876-4193-8b8f-b2df9d6ea6ca,commons.wikimedia.org,categorize,2026-08-29T08:31:08.443Z,1787992267,,
6463285462,0,eqiad.mediawiki.recentchange,d7814d31-37d9-4100-b3a5-245a964f58d3,commons.wikimedia.org,log,2026-08-29T08:31:08.447Z,1787992267,,
6463285463,0,eqiad.mediawiki.recentchange,6734b57f-90cb-450e-b940-7da8b8dd7a59,commons.wikimedia.org,edit,2026-08-29T08:31:08.474Z,1787992268,772619559,1269160240
6463285464,0,eqiad.mediawiki.recentchange,846d5a46-6eec-4b8a-a05e-ee898b7ee0f8,commons.wikimedia.org,edit,2026-08-29T08:31:08.525Z,1787992267,1160942089,1269160239
6463285465,0,eqiad.mediawiki.recentchange,48828b75-b8ea-4290-a4ee-34cbc1fa5eb4,ce.wikipedia.org,categorize,2026-08-29T08:31:08.541Z,1787992263,,
6463285466,0,eqiad.mediawiki.recentchange,9822aa5f-702d-4112-835e-61ba21370ffb,www.wikidata.org,edit,2026-08-29T08:31:08.613Z,1787992268,2537676291,2537676301
6463285467,0,eqiad.mediawiki.recentchange,18b587b6-9322-42e0-b579-f1e1d11df24c,commons.wikimedia.org,categorize,2026-08-29T08:31:08.630Z,1787992266,,
6463285468,0,eqiad.mediawiki.recentchange,31c792bc-c509-4503-88f2-900d25326cb2,commons.wikimedia.org,categorize,2026-08-29T08:31:08.651Z,1787992266,,
6463285469,0,eqiad.mediawiki.recentchange,72eaf321-649f-42d4-a5e9-b18fe5f24336,commons.wikimedia.org,categorize,2026-08-29T08:31:08.675Z,1787992266,,
6463285470,0,eqiad.mediawiki.recentchange,f94c9022-4895-46f1-ad09-557215020533,commons.wikimedia.org,categorize,2026-08-29T08:31:08.694Z,1787992266,,
6463285471,0,eqiad.mediawiki.recentchange,d5bd5d18-09ae-4347-91ba-0ad866904425,commons.wikimedia.org,categorize,2026-08-29T08:31:08.718Z,1787992266,,
6463285472,0,eqiad.mediawiki.recentchange,fe79bbc8-1c6a-41de-b5c9-8bfa05ebfc9e,www.wikidata.org,edit,2026-08-29T08:31:08.750Z,1787992268,2537676292,2537676302
6463285473,0,eqiad.mediawiki.recentchange,332067bc-08fb-482d-af51-9fc8eeb78a9a,www.wikidata.org,edit,2026-08-29T08:31:08.803Z,1787992268,2251076950,2537676303
6463285474,0,eqiad.mediawiki.recentchange,c1ec3306-3bfd-4e8c-92f4-cfee94c84f83,ur.wikipedia.org,new,2026-08-29T08:31:08.845Z,1787992266,,11840617
6463285475,0,eqiad.mediawiki.recentchange,35278741-b55d-4038-bcfd-e2e9fa60107d,fr.wikisource.org,categorize,2026-08-29T08:31:08.951Z,1787992267,,
6463285476,0,eqiad.mediawiki.recentchange,0db774c4-3c47-48d8-8504-3706f093e37c,www.wikidata.org,edit,2026-08-29T08:31:08.956Z,1787992268,2514369474,2537676304
6463285477,0,eqiad.mediawiki.recentchange,3fc2b737-1bc0-42cf-84d7-3abfdb92d3ae,commons.wikimedia.org,categorize,2026-08-29T08:31:09.012Z,1787992267,,
6463285478,0,eqiad.mediawiki.recentchange,b612154d-02ff-4695-a581-698f4194da72,commons.wikimedia.org,categorize,2026-08-29T08:31:09.037Z,1787992267,,
6463285479,0,eqiad.mediawiki.recentchange,0ca6cd28-78bb-4b60-a52d-951be64d2fff,ko.wikipedia.org,categorize,2026-08-29T08:31:09.052Z,1787992267,,
6463285480,0,eqiad.mediawiki.recentchange,b7eb356b-cc67-486b-a417-2f888de0c5c1,commons.wikimedia.org,categorize,2026-08-29T08:31:09.068Z,1787992267,,
6463285481,0,eqiad.mediawiki.recentchange,0912223c-7e59-4434-85da-3e6414c7bd6a,commons.wikimedia.org,categorize,2026-08-29T08:31:09.093Z,1787992267,,
6463285482,0,eqiad.mediawiki.recentchange,1b4914be-9eb2-48ef-9354-3a8a8f0193d6,commons.wikimedia.org,edit,2026-08-29T08:31:09.102Z,1787992268,873533342,1269160243
6463285483,0,eqiad.mediawiki.recentchange,ac326828-3866-41de-aaf0-d7104bd58571,commons.wikimedia.org,categorize,2026-08-29T08:31:09.112Z,1787992267,,
6463285484,0,eqiad.mediawiki.recentchange,f8048fbc-0a4a-4c6d-8b1a-5273397923f4,commons.wikimedia.org,categorize,2026-08-29T08:31:09.129Z,1787992267,,
6463285485,0,eqiad.mediawiki.recentchange,5f1d20e5-c421-42ab-9bd3-32eeb82fbaeb,commons.wikimedia.org,categorize,2026-08-29T08:31:09.154Z,1787992267,,
6463285486,0,eqiad.mediawiki.recentchange,1b9b2c06-554e-4ada-9264-5f17240f7f30,www.wikidata.org,edit,2026-08-29T08:31:09.158Z,1787992268,2537676298,2537676305
6463285487,0,eqiad.mediawiki.recentchange,bfeeab18-634f-4dd3-a6bf-3821eec158ea,www.wikidata.org,edit,2026-08-29T08:31:09.167Z,1787992268,2514123472,2537676306
6463285488,0,eqiad.mediawiki.recentchange,95bd22aa-1812-45f5-8e3d-e1aa3122908d,commons.wikimedia.org,edit,2026-08-29T08:31:09.170Z,1787992268,806137420,1269160242
6463285489,0,eqiad.mediawiki.recentchange,403bc973-821c-452f-ae79-357b2bdc3dc5,ca.wikipedia.org,edit,2026-08-29T08:31:09.185Z,1787992268,36245820,38270130
6463285490,0,eqiad.mediawiki.recentchange,64d58b01-0151-4a1b-9c96-04b5aa4cf023,de.wikipedia.org,edit,2026-08-29T08:31:09.237Z,1787992268,270068069,270068236
6463285491,0,eqiad.mediawiki.recentchange,0ebf0d32-49aa-45b0-a3a9-7735126833de,commons.wikimedia.org,edit,2026-08-29T08:31:09.309Z,1787992267,1003070656,1269160241
6463285492,0,eqiad.mediawiki.recentchange,4e301fa5-0684-424b-a199-003402974a63,te.wikipedia.org,edit,2026-08-29T08:31:09.369Z,1787992267,4265669,4947871
6463285493,0,eqiad.mediawiki.recentchange,edca5090-c781-42e4-a900-6d8ccf1b55b8,www.wikidata.org,edit,2026-08-29T08:31:09.412Z,1787992269,2251076959,2537676307
6463285494,0,eqiad.mediawiki.recentchange,0434aa46-1b9c-497b-b909-0c6c3c20a542,commons.wikimedia.org,edit,2026-08-29T08:31:09.426Z,1787992268,280785628,1269160244
6463285495,0,eqiad.mediawiki.recentchange,3a6f3b8f-d18a-4424-8369-357c6912ed08,en.wikipedia.org,log,2026-08-29T08:31:09.481Z,1787992268,,
6463285496,0,eqiad.mediawiki.recentchange,37ad7b3e-c7ab-4c44-af45-e5a80005f6cd,fr.wikipedia.org,edit,2026-08-29T08:31:09.616Z,1787992268,239047875,239048251
6463285497,0,eqiad.mediawiki.recentchange,9160f727-e8c9-47ec-b335-52eecc5dbcca,www.wikidata.org,edit,2026-08-29T08:31:09.647Z,1787992269,2537676301,2537676309
6463285498,0,eqiad.mediawiki.recentchange,994a6269-fc0d-4fcc-be16-2fccc029222c,www.wikidata.org,edit,2026-08-29T08:31:09.825Z,1787992269,2447305445,2537676310
6463285499,0,eqiad.mediawiki.recentchange,f0151de5-9fb1-414d-80c9-20857fd4dfda,www.wikidata.org,edit,2026-08-29T08:31:09.883Z,1787992269,2251076972,2537676312
6463285500,0,eqiad.mediawiki.recentchange,10ede5f2-d0fe-46cc-ac05-3d816047a0ac,en.wikipedia.org,categorize,2026-08-29T08:31:10.026Z,1787992268,,
6463285501,0,eqiad.mediawiki.recentchange,ad198dac-d55c-4462-9d75-801f120ddad3,commons.wikimedia.org,log,2026-08-29T08:31:10.061Z,1787992268,,
6463285502,0,eqiad.mediawiki.recentchange,e7ff9aa3-b665-4d11-a7e0-36a39f0477a6,commons.wikimedia.org,edit,2026-08-29T08:31:10.074Z,1787992269,1042025367,1269160246
6463285503,0,eqiad.mediawiki.recentchange,55d91d5a-28e3-4606-bf0a-63665f0a0d7c,www.wikidata.org,edit,2026-08-29T08:31:10.093Z,1787992269,1576368052,2537676311
6463285504,0,eqiad.mediawiki.recentchange,6445f24e-3f13-4fd0-9b2c-915f8262d352,www.wikidata.org,edit,2026-08-29T08:31:10.102Z,1787992269,2537676306,2537676313
6463285505,0,eqiad.mediawiki.recentchange,8ca3fafd-7b1d-486a-a65f-55c593b26cfb,www.wikidata.org,edit,2026-08-29T08:31:10.136Z,1787992269,2537676028,2537676314
6463285506,0,eqiad.mediawiki.recentchange,1c26ba1c-e846-4b7a-9783-4296ef88df47,www.wikidata.org,edit,2026-08-29T08:31:10.141Z,1787992269,2251076980,2537676315
6463285507,0,eqiad.mediawiki.recentchange,397d4a46-f276-4bf0-9808-83ccf6c8fd1e,commons.wikimedia.org,edit,2026-08-29T08:31:10.154Z,1787992269,1061856086,1269160247
6463285508,0,eqiad.mediawiki.recentchange,e7f137c2-cfc8-445f-9d39-d444f2a94cf7,www.wikidata.org,edit,2026-08-29T08:31:10.176Z,1787992269,2107453335,2537676308
6463285509,0,eqiad.mediawiki.recentchange,dd24e4d1-dffd-4328-a5c8-0da55250bfca,commons.wikimedia.org,edit,2026-08-29T08:31:10.188Z,1787992269,693302901,1269160248
6463285510,0,eqiad.mediawiki.recentchange,e1c0a819-2e40-4620-bb63-d0123c8f30c3,en.wikipedia.org,edit,2026-08-29T08:31:10.282Z,1787992265,1371895813,1371914464
6463285511,0,eqiad.mediawiki.recentchange,5500009d-f6cb-4e09-b534-0d6ce7c57042,fr.wikipedia.org,edit,2026-08-29T08:31:10.406Z,1787992270,195817614,239048252
6463285512,0,eqiad.mediawiki.recentchange,2b8ffe37-b1ae-408d-bb14-9e6c7a1443b3,uk.wikipedia.org,edit,2026-08-29T08:31:10.445Z,1787992270,46753725,48719993
6463285513,0,eqiad.mediawiki.recentchange,63f3dcc9-40db-43e8-a9f9-3c60b097e948,www.wikidata.org,edit,2026-08-29T08:31:10.461Z,1787992270,2251076965,2537676317
6463285514,0,eqiad.mediawiki.recentchange,2447852a-5360-4255-b25d-fe648a0e1f06,www.wikidata.org,edit,2026-08-29T08:31:10.464Z,1787992270,2537676311,2537676316
6463285515,0,eqiad.mediawiki.recentchange,3a0652db-9f3c-4567-86c8-c9edc01f7c2e,id.wikipedia.org,new,2026-08-29T08:31:10.486Z,1787992270,,29663092
6463285516,0,eqiad.mediawiki.recentchange,f3e89622-7124-45b9-acaa-17dd62b340d4,ce.wikipedia.org,edit,2026-08-29T08:31:10.594Z,1787992265,23712484,24422789
6463285517,0,eqiad.mediawiki.recentchange,7e9104fe-5be2-4e0f-bd04-157b9bfc1592,commons.wikimedia.org,edit,2026-08-29T08:31:10.619Z,1787992270,1204851520,1269160249
6463285518,0,eqiad.mediawiki.recentchange,87868435-c68f-466c-bdfe-3e3a7f3d8679,ur.wikipedia.org,categorize,2026-08-29T08:31:10.627Z,1787992266,,
6463285519,0,eqiad.mediawiki.recentchange,2afae51a-bc71-4ac7-bbc1-9f925ef0cdab,ce.wikipedia.org,edit,2026-08-29T08:31:10.632Z,1787992268,23712485,24422790
6463285520,0,eqiad.mediawiki.recentchange,0e24c9f9-49b8-4c1d-983b-1ccf66d12619,ur.wikipedia.org,categorize,2026-08-29T08:31:10.644Z,1787992266,,
6463285521,0,eqiad.mediawiki.recentchange,4ebdbb34-4f98-40cf-96e1-f26cd7db20d1,ur.wikipedia.org,categorize,2026-08-29T08:31:10.665Z,1787992266,,
6463285522,0,eqiad.mediawiki.recentchange,2b6d9574-ac01-4488-9dfd-b343f65dda42,ur.wikipedia.org,categorize,2026-08-29T08:31:10.689Z,1787992266,,
6463285523,0,eqiad.mediawiki.recentchange,8b02eefb-5eec-48a0-bc21-819b74cb46d5,ur.wikipedia.org,categorize,2026-08-29T08:31:10.710Z,1787992266,,
6463285524,0,eqiad.mediawiki.recentchange,e7f6feee-7d36-4c19-a36b-2e1e01d835d6,ur.wikipedia.org,categorize,2026-08-29T08:31:10.738Z,1787992266,,
6463285525,0,eqiad.mediawiki.recentchange,8462c609-6b72-4fbd-9ca5-7f8f8a336355,mg.wiktionary.org,edit,2026-08-29T08:31:10.762Z,1787992269,36274098,37585885
6463285526,0,eqiad.mediawiki.recentchange,2b1ed733-48cf-40b4-866a-adeb7fde2389,ur.wikipedia.org,categorize,2026-08-29T08:31:10.769Z,1787992266,,
6463285527,0,eqiad.mediawiki.recentchange,7b4d73d5-7fc2-46e6-9e0c-1c1452e79d0a,ur.wikipedia.org,categorize,2026-08-29T08:31:10.787Z,1787992266,,
6463285528,0,eqiad.mediawiki.recentchange,cf61a776-88c5-4ab1-a232-b24f8d323fc8,www.wikidata.org,edit,2026-08-29T08:31:10.790Z,1787992270,2454961512,2537676319
6463285529,0,eqiad.mediawiki.recentchange,1e127b94-58c4-4c5c-866c-ef6ba802d17c,www.wikidata.org,edit,2026-08-29T08:31:10.790Z,1787992270,2537676308,2537676318
6463285530,0,eqiad.mediawiki.recentchange,57fb7f6d-464d-44bd-904e-16890ee18118,bn.wikipedia.org,edit,2026-08-29T08:31:10.807Z,1787992268,9121934,9130990
6463285531,0,eqiad.mediawiki.recentchange,46727d0b-0005-42b2-bb58-46c3afa35d7a,ur.wikipedia.org,categorize,2026-08-29T08:31:10.808Z,1787992266,,
6463285532,0,eqiad.mediawiki.recentchange,0b336a47-4041-4035-9b4c-0f842aabb2a8,ur.wikipedia.org,categorize,2026-08-29T08:31:10.833Z,1787992266,,
6463285533,0,eqiad.mediawiki.recentchange,042f5964-8a20-4051-b5d8-221b87ddfea1,ur.wikipedia.org,categorize,2026-08-29T08:31:10.850Z,1787992266,,
6463285534,0,eqiad.mediawiki.recentchange,c7921299-3194-491d-a918-11c7969c0988,ur.wikipedia.org,categorize,2026-08-29T08:31:10.870Z,1787992266,,
6463285535,0,eqiad.mediawiki.recentchange,3d8f80bd-40bd-40d2-8b39-330659f6d302,commons.wikimedia.org,edit,2026-08-29T08:31:10.885Z,1787992270,1221862059,1269160250
6463285536,0,eqiad.mediawiki.recentchange,2a4784d7-cc98-437e-b2b8-a115f43279f3,en.wikipedia.org,edit,2026-08-29T08:31:10.887Z,1787992270,1131336388,1371914469
6463285537,0,eqiad.mediawiki.recentchange,61684f15-1df0-4333-be2a-ea3e31ba8fa2,ur.wikipedia.org,categorize,2026-08-29T08:31:10.890Z,1787992266,,
6463285538,0,eqiad.mediawiki.recentchange,e6560a9c-e04c-42e8-a69c-86d82faea6d0,ur.wikipedia.org,categorize,2026-08-29T08:31:10.906Z,1787992266,,
6463285539,0,eqiad.mediawiki.recentchange,44897efb-8edd-4d1e-b030-ed2ae6b132c8,ur.wikipedia.org,categorize,2026-08-29T08:31:10.927Z,1787992266,,
6463285540,0,eqiad.mediawiki.recentchange,6e7241b2-34e4-4da0-b2ba-b515df60763b,commons.wikimedia.org,categorize,2026-08-29T08:31:10.956Z,1787992268,,
6463285541,0,eqiad.mediawiki.recentchange,3c5c7504-d8de-486c-9394-c88b347c833c,www.wikidata.org,edit,2026-08-29T08:31:10.963Z,1787992270,2537676316,2537676321
6463285542,0,eqiad.mediawiki.recentchange,8242c6f1-cc78-43f7-9046-b5216f987c8f,commons.wikimedia.org,categorize,2026-08-29T08:31:10.979Z,1787992268,,
6463285543,0,eqiad.mediawiki.recentchange,327fe8aa-b3a9-4d8d-a749-4e9885cb600f,commons.wikimedia.org,categorize,2026-08-29T08:31:11.001Z,1787992268,,
6463285544,0,eqiad.mediawiki.recentchange,c638dcde-9413-4663-bc81-027d0ada84be,commons.wikimedia.org,categorize,2026-08-29T08:31:11.031Z,1787992268,,
6463285545,0,eqiad.mediawiki.recentchange,e147b694-0cad-4fc3-8e4b-3f20a1000cdc,commons.wikimedia.org,categorize,2026-08-29T08:31:11.054Z,1787992268,,
6463285546,0,eqiad.mediawiki.recentchange,0bc96f3a-04b1-41a0-a22b-69fbd338dbea,www.wikidata.org,edit,2026-08-29T08:31:11.058Z,1787992270,2537676195,2537676320
6463285547,0,eqiad.mediawiki.recentchange,2a0dace6-d1d0-45cd-852a-4a46ecd85a4d,en.wikipedia.org,edit,2026-08-29T08:31:11.066Z,1787992263,1371895810,1371914461
6463285548,0,eqiad.mediawiki.recentchange,7a473960-7ab1-4d93-8dcd-f774e3f2356f,commons.wikimedia.org,categorize,2026-08-29T08:31:11.083Z,1787992268,,
6463285549,0,eqiad.mediawiki.recentchange,27ec9b3a-4725-450b-82da-8bf5866dfb2f,www.wikidata.org,edit,2026-08-29T08:31:11.090Z,1787992270,2251076992,2537676322
6463285550,0,eqiad.mediawiki.recentchange,71748be8-b851-44e7-bcd6-af2beb948106,commons.wikimedia.org,categorize,2026-08-29T08:31:11.101Z,1787992268,,
6463285551,0,eqiad.mediawiki.recentchange,8eb982f1-7ce5-40ad-b7ed-f4ec7f95a70a,ha.wikipedia.org,edit,2026-08-29T08:31:11.118Z,1787992270,911309,911310
6463285552,0,eqiad.mediawiki.recentchange,80a7dbb9-1ec6-4870-871e-a93c97c54420,commons.wikimedia.org,categorize,2026-08-29T08:31:11.122Z,1787992268,,
6463285553,0,eqiad.mediawiki.recentchange,14edabfb-0e42-44e8-9586-de3967221c9a,commons.wikimedia.org,categorize,2026-08-29T08:31:11.141Z,1787992268,,
6463285554,0,eqiad.mediawiki.recentchange,2d601181-1714-4c8c-8883-c2d413762a6c,commons.wikimedia.org,categorize,2026-08-29T08:31:11.151Z,1787992269,,
6463285555,0,eqiad.mediawiki.recentchange,84e9ff7d-652d-4d95-ac4d-d308b8218d37,commons.wikimedia.org,categorize,2026-08-29T08:31:11.162Z,1787992268,,
6463285556,0,eqiad.mediawiki.recentchange,6efe7be4-1e08-453a-afa0-b1c9a2766090,commons.wikimedia.org,categorize,2026-08-29T08:31:11.173Z,1787992269,,
